unsigned char gesture_model_gyro_tflite[] = {
  0x1c, 0x00, 0x00, 0x00, 0x54, 0x46, 0x4c, 0x33, 0x14, 0x00, 0x20, 0x00,
  0x1c, 0x00, 0x18, 0x00, 0x14, 0x00, 0x10, 0x00, 0x0c, 0x00, 0x00, 0x00,
  0x08, 0x00, 0x04, 0x00, 0x14, 0x00, 0x00, 0x00, 0x1c, 0x00, 0x00, 0x00,
  0x8c, 0x00, 0x00, 0x00, 0x04, 0x01, 0x00, 0x00, 0x5c, 0x1d, 0x00, 0x00,
  0x6c, 0x1d, 0x00, 0x00, 0x68, 0x5d, 0x00, 0x00, 0x03, 0x00, 0x00, 0x00,
  0x01, 0x00, 0x00, 0x00, 0x04, 0x00, 0x00, 0x00, 0xc2, 0xb6, 0xff, 0xff,
  0x0c, 0x00, 0x00, 0x00, 0x1c, 0x00, 0x00, 0x00, 0x3c, 0x00, 0x00, 0x00,
  0x0f, 0x00, 0x00, 0x00, 0x73, 0x65, 0x72, 0x76, 0x69, 0x6e, 0x67, 0x5f,
  0x64, 0x65, 0x66, 0x61, 0x75, 0x6c, 0x74, 0x00, 0x01, 0x00, 0x00, 0x00,
  0x04, 0x00, 0x00, 0x00, 0xdc, 0xb7, 0xff, 0xff, 0x22, 0x00, 0x00, 0x00,
  0x04, 0x00, 0x00, 0x00, 0x08, 0x00, 0x00, 0x00, 0x6f, 0x75, 0x74, 0x70,
  0x75, 0x74, 0x5f, 0x30, 0x00, 0x00, 0x00, 0x00, 0x01, 0x00, 0x00, 0x00,
  0x04, 0x00, 0x00, 0x00, 0x56, 0xb7, 0xff, 0xff, 0x04, 0x00, 0x00, 0x00,
  0x0c, 0x00, 0x00, 0x00, 0x6b, 0x65, 0x72, 0x61, 0x73, 0x5f, 0x74, 0x65,
  0x6e, 0x73, 0x6f, 0x72, 0x00, 0x00, 0x00, 0x00, 0x03, 0x00, 0x00, 0x00,
  0x54, 0x00, 0x00, 0x00, 0x2c, 0x00, 0x00, 0x00, 0x04, 0x00, 0x00, 0x00,
  0x2c, 0xb8, 0xff, 0xff, 0x54, 0x00, 0x00, 0x00, 0x04, 0x00, 0x00, 0x00,
  0x13, 0x00, 0x00, 0x00, 0x43, 0x4f, 0x4e, 0x56, 0x45, 0x52, 0x53, 0x49,
  0x4f, 0x4e, 0x5f, 0x4d, 0x45, 0x54, 0x41, 0x44, 0x41, 0x54, 0x41, 0x00,
  0x50, 0xb8, 0xff, 0xff, 0x53, 0x00, 0x00, 0x00, 0x04, 0x00, 0x00, 0x00,
  0x13, 0x00, 0x00, 0x00, 0x6d, 0x69, 0x6e, 0x5f, 0x72, 0x75, 0x6e, 0x74,
  0x69, 0x6d, 0x65, 0x5f, 0x76, 0x65, 0x72, 0x73, 0x69, 0x6f, 0x6e, 0x00,
  0x74, 0xb8, 0xff, 0xff, 0x52, 0x00, 0x00, 0x00, 0x04, 0x00, 0x00, 0x00,
  0x13, 0x00, 0x00, 0x00, 0x6d, 0x69, 0x6e, 0x5f, 0x72, 0x75, 0x6e, 0x74,
  0x69, 0x6d, 0x65, 0x5f, 0x76, 0x65, 0x72, 0x73, 0x69, 0x6f, 0x6e, 0x00,
  0x55, 0x00, 0x00, 0x00, 0x54, 0x1c, 0x00, 0x00, 0x4c, 0x1c, 0x00, 0x00,
  0x34, 0x1c, 0x00, 0x00, 0x20, 0x1c, 0x00, 0x00, 0x0c, 0x1c, 0x00, 0x00,
  0xf8, 0x1b, 0x00, 0x00, 0xdc, 0x1b, 0x00, 0x00, 0xc8, 0x1b, 0x00, 0x00,
  0xc0, 0x1b, 0x00, 0x00, 0xa8, 0x1b, 0x00, 0x00, 0x90, 0x1b, 0x00, 0x00,
  0x60, 0x1b, 0x00, 0x00, 0x10, 0x1b, 0x00, 0x00, 0x00, 0x15, 0x00, 0x00,
  0xec, 0x14, 0x00, 0x00, 0xe4, 0x14, 0x00, 0x00, 0xdc, 0x14, 0x00, 0x00,
  0xd4, 0x14, 0x00, 0x00, 0xcc, 0x14, 0x00, 0x00, 0xc4, 0x14, 0x00, 0x00,
  0xbc, 0x14, 0x00, 0x00, 0xb4, 0x14, 0x00, 0x00, 0xac, 0x14, 0x00, 0x00,
  0xa4, 0x14, 0x00, 0x00, 0x9c, 0x14, 0x00, 0x00, 0x94, 0x14, 0x00, 0x00,
  0x8c, 0x14, 0x00, 0x00, 0x84, 0x14, 0x00, 0x00, 0x7c, 0x14, 0x00, 0x00,
  0x74, 0x14, 0x00, 0x00, 0x6c, 0x14, 0x00, 0x00, 0x64, 0x14, 0x00, 0x00,
  0x5c, 0x14, 0x00, 0x00, 0x54, 0x14, 0x00, 0x00, 0x4c, 0x14, 0x00, 0x00,
  0x44, 0x14, 0x00, 0x00, 0x3c, 0x14, 0x00, 0x00, 0x34, 0x14, 0x00, 0x00,
  0x2c, 0x14, 0x00, 0x00, 0x24, 0x14, 0x00, 0x00, 0x1c, 0x14, 0x00, 0x00,
  0x14, 0x14, 0x00, 0x00, 0x0c, 0x14, 0x00, 0x00, 0x04, 0x14, 0x00, 0x00,
  0xfc, 0x13, 0x00, 0x00, 0xf4, 0x13, 0x00, 0x00, 0xec, 0x13, 0x00, 0x00,
  0xe4, 0x13, 0x00, 0x00, 0xdc, 0x13, 0x00, 0x00, 0xd4, 0x13, 0x00, 0x00,
  0xcc, 0x13, 0x00, 0x00, 0xc4, 0x13, 0x00, 0x00, 0xbc, 0x13, 0x00, 0x00,
  0x2c, 0x13, 0x00, 0x00, 0x9c, 0x11, 0x00, 0x00, 0x8c, 0x01, 0x00, 0x00,
  0x84, 0x01, 0x00, 0x00, 0x7c, 0x01, 0x00, 0x00, 0x74, 0x01, 0x00, 0x00,
  0x6c, 0x01, 0x00, 0x00, 0x64, 0x01, 0x00, 0x00, 0x5c, 0x01, 0x00, 0x00,
  0x54, 0x01, 0x00, 0x00, 0x4c, 0x01, 0x00, 0x00, 0x44, 0x01, 0x00, 0x00,
  0x3c, 0x01, 0x00, 0x00, 0x34, 0x01, 0x00, 0x00, 0x2c, 0x01, 0x00, 0x00,
  0x24, 0x01, 0x00, 0x00, 0x1c, 0x01, 0x00, 0x00, 0x14, 0x01, 0x00, 0x00,
  0x0c, 0x01, 0x00, 0x00, 0x04, 0x01, 0x00, 0x00, 0xfc, 0x00, 0x00, 0x00,
  0xf4, 0x00, 0x00, 0x00, 0xec, 0x00, 0x00, 0x00, 0xe4, 0x00, 0x00, 0x00,
  0xdc, 0x00, 0x00, 0x00, 0xd4, 0x00, 0x00, 0x00, 0xcc, 0x00, 0x00, 0x00,
  0xc4, 0x00, 0x00, 0x00, 0xbc, 0x00, 0x00, 0x00, 0x9c, 0x00, 0x00, 0x00,
  0x7c, 0x00, 0x00, 0x00, 0x04, 0x00, 0x00, 0x00, 0x46, 0xb9, 0xff, 0xff,
  0x04, 0x00, 0x00, 0x00, 0x68, 0x00, 0x00, 0x00, 0x0c, 0x00, 0x00, 0x00,
  0x08, 0x00, 0x0e, 0x00, 0x08, 0x00, 0x04, 0x00, 0x08, 0x00, 0x00, 0x00,
  0x14, 0x00, 0x00, 0x00, 0x30, 0x00, 0x00, 0x00, 0x00, 0x00, 0x0a, 0x00,
  0x0c, 0x00, 0x08, 0x00, 0x00, 0x00, 0x07, 0x00, 0x0a, 0x00, 0x00, 0x00,
  0x00, 0x00, 0x00, 0x01, 0x04, 0x00, 0x00, 0x00, 0x01, 0x00, 0x00, 0x00,
  0xeb, 0x03, 0x00, 0x00, 0x0c, 0x00, 0x18, 0x00, 0x14, 0x00, 0x10, 0x00,
  0x0c, 0x00, 0x04, 0x00, 0x0c, 0x00, 0x00, 0x00, 0x24, 0x8d, 0x60, 0x63,
  0x1c, 0x9f, 0xec, 0xc0, 0x02, 0x00, 0x00, 0x00, 0x02, 0x00, 0x00, 0x00,
  0x04, 0x00, 0x00, 0x00, 0x06, 0x00, 0x00, 0x00, 0x32, 0x2e, 0x31, 0x38,
  0x2e, 0x30, 0x00, 0x00, 0xba, 0xb9, 0xff, 0xff, 0x04, 0x00, 0x00, 0x00,
  0x10, 0x00, 0x00, 0x00, 0x00, 0x00, 0x00, 0x00, 0x00, 0x00, 0x00, 0x00,
  0x00, 0x00, 0x00, 0x00, 0x00, 0x00, 0x00, 0x00, 0xd6, 0xb9, 0xff, 0xff,
  0x04, 0x00, 0x00, 0x00, 0x10, 0x00, 0x00, 0x00, 0x32, 0x2e, 0x35, 0x2e,
  0x30, 0x00, 0x00, 0x00, 0x00, 0x00, 0x00, 0x00, 0x00, 0x00, 0x00, 0x00,
  0x60, 0xa6, 0xff, 0xff, 0x64, 0xa6, 0xff, 0xff, 0x68, 0xa6, 0xff, 0xff,
  0x6c, 0xa6, 0xff, 0xff, 0x70, 0xa6, 0xff, 0xff, 0x74, 0xa6, 0xff, 0xff,
  0x78, 0xa6, 0xff, 0xff, 0x7c, 0xa6, 0xff, 0xff, 0x80, 0xa6, 0xff, 0xff,
  0x84, 0xa6, 0xff, 0xff, 0x88, 0xa6, 0xff, 0xff, 0x8c, 0xa6, 0xff, 0xff,
  0x90, 0xa6, 0xff, 0xff, 0x94, 0xa6, 0xff, 0xff, 0x98, 0xa6, 0xff, 0xff,
  0x9c, 0xa6, 0xff, 0xff, 0xa0, 0xa6, 0xff, 0xff, 0xa4, 0xa6, 0xff, 0xff,
  0xa8, 0xa6, 0xff, 0xff, 0xac, 0xa6, 0xff, 0xff, 0xb0, 0xa6, 0xff, 0xff,
  0xb4, 0xa6, 0xff, 0xff, 0xb8, 0xa6, 0xff, 0xff, 0xbc, 0xa6, 0xff, 0xff,
  0xc0, 0xa6, 0xff, 0xff, 0xc4, 0xa6, 0xff, 0xff, 0x5a, 0xba, 0xff, 0xff,
  0x04, 0x00, 0x00, 0x00, 0x00, 0x10, 0x00, 0x00, 0xe7, 0xb7, 0x61, 0x43,
  0xfe, 0x34, 0xf1, 0xf7, 0x13, 0x37, 0xe9, 0x41, 0x43, 0xb1, 0xe4, 0x7f,
  0xde, 0xf0, 0xfe, 0x14, 0xd0, 0x85, 0xfb, 0xd1, 0x08, 0x2b, 0x13, 0x2d,
  0x02, 0x11, 0xd7, 0x21, 0x44, 0xcd, 0x16, 0x7f, 0x00, 0xc1, 0xee, 0x36,
  0x02, 0x18, 0x4c, 0xf6, 0xf1, 0x10, 0x62, 0x61, 0x01, 0xff, 0x2a, 0xf1,
  0xb0, 0x24, 0xbb, 0x4f, 0x24, 0xea, 0x2b, 0xfd, 0xe8, 0x0f, 0x65, 0x33,
  0x48, 0xdf, 0x89, 0xdd, 0xe6, 0xff, 0xb5, 0xc1, 0xde, 0x33, 0xb1, 0x1f,
  0xe7, 0xe3, 0xfb, 0xcf, 0xc2, 0xed, 0xe1, 0x08, 0x7f, 0xf6, 0xfb, 0xec,
  0x14, 0xcb, 0x25, 0x2b, 0xac, 0xfc, 0x31, 0xfd, 0x0f, 0x28, 0xc3, 0xfb,
  0x19, 0xf9, 0xb2, 0x4f, 0xc3, 0x25, 0xf9, 0xbb, 0x11, 0xf7, 0xfa, 0x07,
  0xff, 0x53, 0xea, 0x46, 0xd3, 0x26, 0x02, 0x3a, 0x3d, 0x3e, 0x81, 0xde,
  0x10, 0xf7, 0xee, 0x5c, 0xa6, 0x7b, 0x23, 0x1e, 0x0d, 0x38, 0x04, 0xc4,
  0xf5, 0xa8, 0xf3, 0x17, 0x08, 0x2a, 0x17, 0xe7, 0x47, 0x14, 0xde, 0x40,
  0x95, 0x67, 0xfd, 0x4b, 0x09, 0xf3, 0x7f, 0x1b, 0x46, 0xaf, 0x00, 0x16,
  0xd2, 0x15, 0xf1, 0xd6, 0xf5, 0x38, 0xa8, 0xfb, 0xe6, 0xee, 0x54, 0x4c,
  0x33, 0x71, 0x23, 0x68, 0xc7, 0x6b, 0x54, 0xef, 0xbc, 0x81, 0x3f, 0xc5,
  0x57, 0xe4, 0x29, 0x57, 0x00, 0x0f, 0x05, 0xd6, 0x37, 0xc7, 0x5d, 0x19,
  0x2d, 0x15, 0xe1, 0xd4, 0xc9, 0x65, 0xc9, 0xe6, 0xbd, 0x35, 0xad, 0x02,
  0xde, 0x54, 0x1d, 0xa9, 0xdb, 0xf2, 0xeb, 0x3f, 0xd8, 0x5e, 0xfe, 0x4c,
  0x22, 0xe8, 0x81, 0xec, 0xdf, 0xee, 0xd1, 0x6a, 0xf1, 0x2c, 0x0a, 0x12,
  0xc0, 0x11, 0xd4, 0x81, 0x44, 0x61, 0x9b, 0xb0, 0x18, 0xb2, 0x1a, 0x36,
  0xcb, 0xa8, 0x2e, 0x38, 0xc9, 0xdd, 0x39, 0x47, 0xe5, 0xca, 0x0b, 0x44,
  0x39, 0xc3, 0x20, 0x18, 0x04, 0xac, 0xa9, 0x54, 0xbe, 0xe9, 0xed, 0x0c,
  0xeb, 0x37, 0xda, 0x07, 0x1a, 0xc8, 0x21, 0x36, 0xdd, 0xe6, 0x5a, 0x02,
  0xdb, 0x15, 0xe9, 0x0a, 0xed, 0xe4, 0xe3, 0x81, 0xf8, 0x49, 0x49, 0xe5,
  0x10, 0x31, 0x00, 0x23, 0x81, 0xf8, 0x12, 0xb9, 0xa5, 0x24, 0x16, 0x45,
  0x00, 0xfc, 0x3d, 0xe1, 0xe5, 0xee, 0x33, 0x07, 0xf9, 0xfe, 0x35, 0xd5,
  0xa7, 0x09, 0x48, 0xce, 0x17, 0x32, 0xdd, 0x3c, 0xd5, 0xb3, 0x61, 0x3e,
  0x20, 0x14, 0x11, 0xd4, 0x16, 0x15, 0x53, 0x17, 0xf6, 0xc0, 0x12, 0xc3,
  0xef, 0x52, 0x81, 0xfe, 0x0d, 0xf3, 0xc8, 0x2d, 0x04, 0x05, 0x3d, 0x42,
  0xcc, 0xe1, 0x25, 0xb2, 0xfc, 0x18, 0x50, 0x0d, 0xdf, 0x42, 0xf5, 0x0f,
  0xe5, 0x3b, 0x81, 0xff, 0x8b, 0x29, 0xfc, 0x09, 0x1f, 0xf1, 0xa9, 0x66,
  0x01, 0x12, 0xa2, 0x70, 0x0e, 0x01, 0xe2, 0xf2, 0x5c, 0x28, 0x49, 0x27,
  0x0c, 0xad, 0x1d, 0xf5, 0xdd, 0x63, 0xfb, 0x3b, 0x01, 0xd3, 0x61, 0x0a,
  0xf4, 0xa9, 0x2c, 0xaa, 0x3c, 0x0b, 0x16, 0x81, 0x2b, 0xe8, 0xfa, 0x09,
  0x1a, 0xab, 0x0b, 0xbe, 0x4d, 0xdf, 0xf2, 0x09, 0xc6, 0x37, 0xd2, 0x09,
  0x01, 0xbb, 0xef, 0xf0, 0x7f, 0x29, 0x47, 0x3b, 0xae, 0x87, 0xe7, 0x8c,
  0xf0, 0x31, 0x68, 0x5c, 0xf9, 0x57, 0xbb, 0x64, 0x28, 0x24, 0x85, 0x6f,
  0xe5, 0xf1, 0x7f, 0x2c, 0x32, 0x05, 0x0a, 0xe5, 0xf8, 0xf2, 0x1f, 0x2c,
  0x2a, 0xf1, 0x2e, 0xed, 0xcb, 0xe6, 0xef, 0x60, 0xc5, 0xf7, 0xe4, 0xbf,
  0xf3, 0xe0, 0xa9, 0x18, 0x1c, 0xf5, 0x17, 0x02, 0x40, 0x1c, 0xee, 0xc4,
  0x66, 0xab, 0x35, 0xf1, 0xe2, 0xe5, 0x7f, 0x1e, 0xf7, 0x03, 0xc0, 0xdf,
  0xce, 0x31, 0xbc, 0x1d, 0x32, 0x08, 0x1b, 0x23, 0xa8, 0x57, 0xb0, 0xf4,
  0x13, 0xd8, 0x47, 0x2a, 0xc3, 0x1a, 0xd0, 0xc8, 0x44, 0x22, 0x4a, 0x81,
  0xe2, 0xb5, 0xc9, 0xb7, 0x84, 0xeb, 0xc6, 0x35, 0xc3, 0x7e, 0x18, 0xd4,
  0xff, 0x1b, 0x6c, 0xc5, 0x37, 0xb7, 0xeb, 0x9e, 0xf8, 0x18, 0xb2, 0x51,
  0x13, 0x3c, 0x51, 0xf5, 0x26, 0x02, 0xf5, 0x38, 0x32, 0xbd, 0x33, 0x16,
  0x17, 0x2d, 0x4b, 0xf0, 0xf9, 0x19, 0xf7, 0xbf, 0xf8, 0xdb, 0xd2, 0xd2,
  0x7f, 0xfa, 0xd1, 0xe9, 0xee, 0xe5, 0x38, 0x08, 0xe2, 0x5c, 0x0c, 0xe0,
  0xbf, 0xf5, 0xd3, 0xe2, 0xc0, 0xf2, 0x0f, 0xae, 0xcb, 0xf3, 0x8d, 0x17,
  0xdd, 0x54, 0xcc, 0x81, 0xba, 0x21, 0xd2, 0x07, 0xf4, 0xec, 0xe6, 0xd2,
  0x47, 0x23, 0xcd, 0x05, 0xef, 0xd3, 0xd0, 0xa3, 0x15, 0x03, 0xbf, 0xe1,
  0x00, 0x27, 0x1d, 0x9d, 0xf1, 0x24, 0x93, 0x0e, 0xde, 0xda, 0x3d, 0x42,
  0x0d, 0x20, 0x04, 0x21, 0x30, 0x1d, 0xd6, 0x81, 0xe5, 0x39, 0x15, 0xe0,
  0xf1, 0x8c, 0x10, 0x1b, 0x0f, 0xeb, 0x07, 0x33, 0xb9, 0xfa, 0x2b, 0x36,
  0xf7, 0x0a, 0xdf, 0x17, 0x28, 0x2e, 0x25, 0x14, 0x07, 0x1e, 0xa8, 0xb8,
  0xff, 0x81, 0xfe, 0xdf, 0x0a, 0xcd, 0xed, 0xf1, 0x27, 0xde, 0xd1, 0xfd,
  0xcb, 0xe2, 0x4c, 0x39, 0x3f, 0x05, 0x33, 0x3f, 0xe6, 0xfe, 0xfb, 0x34,
  0x0c, 0xdc, 0x93, 0x11, 0xf1, 0x34, 0xf4, 0x3f, 0x7f, 0xe5, 0xd3, 0xe0,
  0xbd, 0xb3, 0xf5, 0xf1, 0xeb, 0x05, 0x23, 0xbe, 0x0b, 0xf3, 0x17, 0xdc,
  0x17, 0xf3, 0x19, 0xc3, 0xbf, 0xcf, 0x2f, 0x2d, 0x21, 0xf5, 0x37, 0x27,
  0x17, 0x81, 0x06, 0x02, 0xe8, 0x0f, 0xd8, 0x2b, 0xfc, 0xe4, 0x19, 0x1f,
  0x2c, 0x85, 0x64, 0x86, 0xb8, 0xac, 0x03, 0x2b, 0x53, 0xb9, 0xda, 0x07,
  0x17, 0x05, 0xac, 0x1a, 0x5d, 0x0f, 0xdc, 0x30, 0xd4, 0x40, 0x64, 0xb2,
  0xbc, 0x7f, 0x03, 0x2e, 0xe4, 0xf9, 0xfc, 0x66, 0xd0, 0x2f, 0xde, 0x5f,
  0x75, 0x18, 0xc8, 0x09, 0xf6, 0x81, 0xa1, 0x15, 0x87, 0xda, 0x09, 0x5e,
  0x15, 0x31, 0x44, 0x29, 0x76, 0x9c, 0x26, 0x06, 0xfc, 0xa9, 0x99, 0x14,
  0x52, 0x8e, 0x16, 0x04, 0xe0, 0x0f, 0x1a, 0xc7, 0x13, 0x37, 0x81, 0x5e,
  0xde, 0xf3, 0xf6, 0xf6, 0xac, 0xb2, 0xa9, 0x1c, 0xde, 0xd7, 0xc7, 0x0c,
  0x50, 0xe2, 0x4f, 0x40, 0xde, 0xc0, 0xd7, 0x0e, 0xd8, 0xc9, 0x05, 0x20,
  0xd7, 0xe6, 0x1a, 0xfc, 0xbf, 0x2d, 0xce, 0x07, 0x18, 0xb4, 0x1f, 0x2b,
  0xac, 0xdc, 0xf5, 0xdb, 0x1f, 0xcb, 0xf1, 0xdd, 0xe1, 0x22, 0xe6, 0xdc,
  0xe8, 0x14, 0x1b, 0x7f, 0x04, 0xe9, 0x19, 0x1c, 0xdf, 0xf3, 0x59, 0x34,
  0x50, 0xb0, 0x25, 0xdd, 0x21, 0x32, 0x93, 0x2f, 0xe5, 0x2c, 0xbe, 0x65,
  0x81, 0xe6, 0x2d, 0x04, 0x08, 0xfc, 0xed, 0x44, 0x6d, 0xff, 0x2e, 0x57,
  0x11, 0xee, 0x1b, 0x4d, 0x19, 0x99, 0x30, 0x11, 0xd4, 0xa5, 0xc3, 0xf9,
  0x12, 0x94, 0x6d, 0xf6, 0x95, 0x42, 0xdc, 0xb3, 0x9a, 0xd0, 0x1c, 0x19,
  0xeb, 0xd3, 0xcb, 0xf1, 0x13, 0x50, 0x7f, 0x07, 0xce, 0x4b, 0x99, 0xc6,
  0xef, 0x3f, 0xf4, 0xeb, 0xec, 0xe5, 0x1f, 0x0e, 0xef, 0x3e, 0xe9, 0xa3,
  0xb4, 0xf6, 0xd9, 0x08, 0x30, 0xcf, 0xd9, 0x09, 0xc8, 0x81, 0x28, 0x0c,
  0x58, 0xd0, 0xf6, 0xf8, 0xf9, 0x1a, 0xdf, 0xd1, 0x1b, 0xd3, 0xf4, 0x13,
  0xf2, 0xaa, 0xf2, 0x50, 0x98, 0xc0, 0xf9, 0x07, 0xea, 0x03, 0x0c, 0xf3,
  0x2a, 0x54, 0x68, 0x51, 0xde, 0x06, 0x50, 0x07, 0xdd, 0x7f, 0xcb, 0x32,
  0x1b, 0xd6, 0x42, 0x09, 0xf8, 0x49, 0xf4, 0x1a, 0xe4, 0x2c, 0xf2, 0xda,
  0xf4, 0x02, 0xd3, 0xe1, 0x3b, 0xdf, 0xf1, 0x06, 0x15, 0xaf, 0x7f, 0x16,
  0x43, 0x39, 0xf7, 0xea, 0x21, 0xe3, 0xaa, 0x27, 0x0a, 0x5a, 0xc2, 0x3f,
  0x17, 0x06, 0xc9, 0x66, 0x38, 0x8e, 0x1b, 0x98, 0x1a, 0x51, 0x68, 0x6b,
  0xdf, 0x17, 0x01, 0x0a, 0x2b, 0xf8, 0xc8, 0x96, 0x21, 0x22, 0x7f, 0xc5,
  0x4a, 0x31, 0xdf, 0xd3, 0x28, 0x20, 0x90, 0xd5, 0x53, 0x4c, 0xb3, 0x35,
  0xba, 0x7f, 0x5b, 0xed, 0x1e, 0xa2, 0xda, 0x09, 0xe4, 0x63, 0x08, 0x02,
  0x0e, 0xd5, 0xf3, 0x4a, 0xc7, 0x1f, 0x01, 0x00, 0x20, 0xc3, 0xf8, 0xf6,
  0x63, 0xcf, 0x77, 0xb7, 0xbe, 0x21, 0x2e, 0xfb, 0x11, 0x13, 0x3f, 0x2c,
  0xfb, 0x0f, 0x7f, 0x12, 0x5f, 0xc0, 0xdc, 0x39, 0x96, 0xee, 0x0f, 0xe0,
  0xe6, 0xee, 0x30, 0xca, 0x4d, 0xf3, 0x25, 0xda, 0x13, 0xa2, 0xf9, 0xf6,
  0xd0, 0xc5, 0x88, 0xb7, 0x6e, 0x15, 0x54, 0xb7, 0xbe, 0x17, 0xe8, 0xef,
  0x55, 0xb6, 0x81, 0x19, 0xeb, 0x0d, 0x24, 0xa2, 0x20, 0x5e, 0x65, 0x1e,
  0xbb, 0xce, 0xcf, 0x27, 0x62, 0x7b, 0x35, 0xe7, 0xb9, 0xbb, 0xd5, 0x2a,
  0xba, 0x41, 0x12, 0x0c, 0x81, 0x14, 0xfa, 0x16, 0xb2, 0x4f, 0xd1, 0x35,
  0x76, 0xa2, 0xd6, 0x20, 0x17, 0x58, 0xf9, 0xe7, 0xa5, 0x3b, 0xdb, 0xf3,
  0x92, 0xf9, 0xf7, 0x27, 0x75, 0x4a, 0xd9, 0x52, 0x74, 0x3b, 0xde, 0x1a,
  0x7f, 0x07, 0xbf, 0x8c, 0xea, 0x9b, 0xca, 0xeb, 0xf6, 0x2c, 0x02, 0xc4,
  0x00, 0x3f, 0x29, 0xb2, 0xf3, 0xf1, 0xf1, 0x1c, 0xe4, 0x26, 0x16, 0xed,
  0xfd, 0xe6, 0x0b, 0x17, 0x3e, 0xf6, 0xc5, 0x15, 0xcb, 0xd5, 0x04, 0xf8,
  0x55, 0xe0, 0xb5, 0x27, 0x10, 0xe8, 0xdd, 0xab, 0x25, 0xfa, 0xfc, 0xd4,
  0xfa, 0xe0, 0x7f, 0x17, 0xf9, 0x28, 0xed, 0xcb, 0x71, 0x16, 0x02, 0x38,
  0xb3, 0x15, 0x27, 0x5c, 0xe1, 0xd5, 0x26, 0xd1, 0x4c, 0xf3, 0xd9, 0xdc,
  0x16, 0xca, 0xec, 0x35, 0x1b, 0xf3, 0x31, 0xb3, 0xd8, 0xe2, 0x05, 0x0d,
  0x7f, 0xbb, 0xb2, 0x0d, 0xa3, 0xcc, 0x36, 0xd6, 0xa4, 0x02, 0x08, 0x03,
  0x39, 0x81, 0xe4, 0xde, 0xd2, 0xc0, 0x24, 0x0c, 0xd2, 0x2a, 0x04, 0xed,
  0x73, 0x02, 0xe6, 0x23, 0xdb, 0x22, 0xd7, 0x58, 0xc6, 0xd6, 0xdc, 0xb5,
  0xd4, 0x81, 0x02, 0x13, 0x0f, 0x0c, 0xb0, 0x4d, 0x03, 0x6c, 0xda, 0x54,
  0xf2, 0xd7, 0x05, 0xce, 0xc4, 0x96, 0x0f, 0xb3, 0x20, 0x18, 0xcb, 0xcb,
  0x15, 0x32, 0xa0, 0xec, 0x1b, 0x25, 0x08, 0x02, 0xf9, 0x63, 0x01, 0xe3,
  0x0b, 0x59, 0xe7, 0x06, 0xc9, 0xde, 0xe8, 0xa8, 0x1c, 0x3b, 0x4f, 0x49,
  0x2a, 0xfe, 0x2b, 0x81, 0x0e, 0x05, 0xdc, 0x30, 0x9b, 0x0a, 0x08, 0x2a,
  0xc3, 0xc8, 0x1b, 0xf6, 0x7f, 0xfe, 0xf8, 0xbf, 0x52, 0xf9, 0x1f, 0x2e,
  0x65, 0xf6, 0x12, 0x1b, 0x34, 0x3b, 0xfd, 0xaa, 0xef, 0xf7, 0xef, 0xbe,
  0x08, 0xf8, 0xe7, 0x12, 0x21, 0x29, 0x49, 0x32, 0x99, 0xf0, 0xe3, 0x2c,
  0xa8, 0x0a, 0xae, 0xd2, 0x2c, 0x17, 0xda, 0xde, 0x07, 0x1b, 0xbf, 0xd5,
  0x9a, 0x39, 0xa5, 0x34, 0xdf, 0xc4, 0x23, 0x3a, 0x73, 0xd3, 0x1c, 0x7a,
  0x36, 0xce, 0xdd, 0x39, 0xe2, 0x81, 0xeb, 0xc8, 0xc4, 0x7f, 0xfb, 0x33,
  0xfd, 0xc9, 0x05, 0x36, 0x18, 0xb0, 0xef, 0xf7, 0x12, 0xc9, 0x50, 0x41,
  0xd4, 0x0a, 0x41, 0x29, 0xf9, 0x19, 0x8c, 0x12, 0xc4, 0xef, 0x33, 0xc6,
  0x44, 0xb7, 0xae, 0x8d, 0x1e, 0x01, 0xff, 0xf7, 0xca, 0x0c, 0x18, 0xbd,
  0x13, 0xbb, 0x34, 0xff, 0x68, 0x1b, 0xfb, 0xda, 0x36, 0xe6, 0x40, 0x06,
  0x05, 0xf6, 0xee, 0xdb, 0xc6, 0x81, 0xf1, 0x12, 0xb4, 0xc1, 0x08, 0xcb,
  0x40, 0x16, 0xfd, 0x03, 0x5c, 0x1e, 0x0f, 0x48, 0x39, 0xca, 0x14, 0xd8,
  0xf9, 0xa9, 0xf8, 0xc5, 0x17, 0x44, 0x1f, 0x1c, 0x2c, 0x2d, 0xd6, 0x13,
  0x10, 0x0f, 0xa4, 0x21, 0xd4, 0x13, 0xd1, 0x81, 0x14, 0xd9, 0x81, 0x18,
  0x15, 0xd8, 0x23, 0x1e, 0x06, 0x1d, 0x0d, 0xe6, 0x3a, 0xb7, 0x04, 0x08,
  0xf3, 0x55, 0x14, 0x4d, 0xe9, 0xfd, 0xf7, 0xcc, 0x42, 0xe9, 0x1b, 0x24,
  0xd9, 0x10, 0x0f, 0x24, 0xd8, 0xa0, 0xc7, 0xfd, 0x34, 0xfa, 0xc9, 0x33,
  0x18, 0x2f, 0x14, 0x2a, 0x00, 0x0c, 0x23, 0xe3, 0xf4, 0xc4, 0x28, 0xef,
  0xce, 0x0c, 0x2a, 0x32, 0x27, 0xc1, 0x26, 0xe0, 0x77, 0x81, 0x62, 0x53,
  0xe5, 0x4a, 0xfa, 0xe0, 0x45, 0x98, 0xec, 0x3f, 0xef, 0x05, 0xff, 0x06,
  0x41, 0x8e, 0xf4, 0xe7, 0x08, 0xc5, 0xe7, 0x23, 0xc7, 0xe9, 0xdc, 0x7f,
  0x23, 0x16, 0x1c, 0x3b, 0xaf, 0xab, 0xc8, 0xbd, 0x98, 0xac, 0xa3, 0x3a,
  0x25, 0xf0, 0xcb, 0xce, 0x35, 0xb4, 0x33, 0xb9, 0x49, 0x6b, 0x38, 0xf2,
  0x4f, 0x8c, 0xbf, 0xc5, 0x0c, 0x1c, 0x4c, 0xd3, 0xff, 0x81, 0xaa, 0xe1,
  0xc3, 0xc6, 0x58, 0xfa, 0x08, 0x0b, 0x1f, 0x2f, 0x00, 0x1d, 0x2e, 0x03,
  0xe5, 0xa2, 0xf4, 0xd8, 0xf3, 0x10, 0x07, 0xdd, 0xc1, 0x1d, 0xd4, 0x07,
  0x03, 0x81, 0x4a, 0xb4, 0x3e, 0xe8, 0xe4, 0xfe, 0x28, 0x4f, 0xf7, 0x57,
  0x1d, 0xaa, 0xab, 0x41, 0xfc, 0x37, 0x08, 0xff, 0xf1, 0xa3, 0x29, 0x04,
  0x1c, 0xcc, 0xec, 0x2c, 0xf7, 0x2f, 0x7f, 0xfe, 0xdb, 0xd2, 0xfd, 0xff,
  0x28, 0x63, 0x39, 0x02, 0xb9, 0xd9, 0xd6, 0x09, 0xfe, 0x09, 0x27, 0xd4,
  0xfd, 0x2b, 0x5e, 0xf9, 0xee, 0x07, 0xea, 0xed, 0xe0, 0xf2, 0x1c, 0x92,
  0xb5, 0xdd, 0x0f, 0xb4, 0xbe, 0x8b, 0xd0, 0x95, 0xcf, 0x7f, 0x41, 0x86,
  0x93, 0xd1, 0x76, 0xf9, 0x2e, 0xdd, 0xfd, 0x1f, 0xee, 0x49, 0x29, 0xf7,
  0x1b, 0xef, 0x36, 0xed, 0x2f, 0xba, 0xe8, 0x06, 0xf4, 0xf6, 0xdc, 0xf8,
  0x47, 0xc4, 0x05, 0x23, 0xf8, 0xfc, 0x17, 0x0d, 0x7f, 0xee, 0x21, 0xee,
  0xd6, 0xfc, 0x3f, 0xfd, 0x9c, 0xbc, 0x28, 0x9f, 0x02, 0x2d, 0x48, 0x00,
  0xfa, 0x4e, 0x39, 0x32, 0x10, 0xec, 0x41, 0x08, 0x48, 0x7f, 0x5e, 0x32,
  0x15, 0xc8, 0xa7, 0x44, 0x03, 0x0a, 0xed, 0xfc, 0x5a, 0x81, 0x34, 0x07,
  0x21, 0xe9, 0x00, 0xab, 0xfb, 0xee, 0xe2, 0xfe, 0x14, 0x20, 0xfd, 0xec,
  0xec, 0x1e, 0x3e, 0x22, 0x5d, 0xdb, 0x9f, 0x2b, 0x03, 0x18, 0x24, 0x1b,
  0x31, 0x38, 0x78, 0x05, 0x26, 0x32, 0xd1, 0xf2, 0x7f, 0xd0, 0x43, 0xec,
  0xec, 0xb9, 0xc5, 0x01, 0x2e, 0xef, 0x24, 0xbb, 0x0f, 0xda, 0x02, 0xbf,
  0x33, 0x00, 0x00, 0xeb, 0xb6, 0xec, 0x27, 0x2a, 0x31, 0xd7, 0x15, 0x10,
  0xe4, 0x37, 0xe5, 0x0b, 0xfa, 0x35, 0xd3, 0xde, 0x05, 0x32, 0xb0, 0x55,
  0x01, 0xc2, 0x61, 0xd7, 0xc5, 0x22, 0x0c, 0x0d, 0x1d, 0x70, 0x73, 0x64,
  0xbe, 0xd6, 0x21, 0xab, 0x81, 0x3b, 0x15, 0xd7, 0x52, 0x26, 0x10, 0x38,
  0x29, 0xb0, 0xa4, 0x04, 0x3c, 0xf6, 0xbb, 0xdb, 0x0a, 0x10, 0xba, 0xf9,
  0xce, 0xec, 0x51, 0x0a, 0x09, 0x0b, 0xdc, 0xa2, 0x7f, 0xe5, 0xcf, 0x3c,
  0x83, 0xa9, 0xfb, 0x08, 0x06, 0x06, 0x1b, 0xe8, 0x3c, 0xb1, 0x2b, 0x01,
  0xc3, 0x6d, 0x13, 0x11, 0xe2, 0xe8, 0xe9, 0x4e, 0xdc, 0x85, 0x76, 0x08,
  0x44, 0xb2, 0x7e, 0xe2, 0x81, 0x1c, 0xff, 0xdd, 0xa8, 0xda, 0xa0, 0x4e,
  0xea, 0xeb, 0xf7, 0x16, 0x2b, 0xc7, 0x00, 0xed, 0xc6, 0x2d, 0x01, 0xae,
  0xac, 0x06, 0xe5, 0x81, 0xf4, 0xb9, 0x55, 0x06, 0xb5, 0xf6, 0xe6, 0xb0,
  0x30, 0x13, 0x15, 0x29, 0x2d, 0xba, 0xe0, 0x01, 0xfe, 0xf2, 0xb3, 0x06,
  0xd9, 0x57, 0xf3, 0x44, 0xd0, 0x2d, 0x2a, 0x1c, 0x9e, 0xfb, 0xcf, 0x26,
  0x26, 0xdd, 0x38, 0x0d, 0x64, 0x2b, 0xb6, 0xb6, 0x6b, 0x7f, 0x10, 0xf9,
  0x53, 0xdc, 0x24, 0xff, 0xc3, 0xcf, 0xec, 0xf2, 0x1d, 0xe6, 0xaf, 0xf7,
  0x77, 0x0e, 0x0f, 0x04, 0xf3, 0x0e, 0xb0, 0x37, 0x77, 0x4b, 0x23, 0x2d,
  0x11, 0x02, 0x7f, 0xe8, 0x59, 0x53, 0x26, 0x22, 0x65, 0x17, 0x24, 0xcf,
  0x8a, 0x1d, 0xe6, 0x52, 0x17, 0xb8, 0x38, 0xf1, 0x13, 0x2e, 0x3c, 0xe5,
  0xfb, 0x58, 0x50, 0xbe, 0xf8, 0x1c, 0xeb, 0x33, 0x5f, 0x2c, 0x0c, 0x13,
  0x36, 0x39, 0x5e, 0x1e, 0x37, 0xbe, 0x81, 0x05, 0x23, 0xe4, 0x0f, 0xe4,
  0x01, 0x4e, 0xf4, 0x30, 0x47, 0x2b, 0xd6, 0x12, 0xbe, 0xc8, 0xc1, 0x42,
  0x2c, 0x7f, 0x26, 0xf9, 0xed, 0xac, 0xbb, 0x1a, 0xa3, 0xea, 0xfc, 0xfe,
  0x9a, 0x17, 0x0c, 0x33, 0xb7, 0x12, 0x5a, 0x0e, 0x49, 0x51, 0x1e, 0xce,
  0x98, 0xc1, 0x9d, 0xcd, 0x0e, 0xbe, 0xdf, 0x88, 0x51, 0xf0, 0x6f, 0x21,
  0xaa, 0x59, 0xd9, 0x2f, 0xf4, 0xbf, 0x81, 0x2e, 0x48, 0xee, 0x2f, 0x3e,
  0x08, 0x22, 0xdd, 0x2d, 0xd8, 0x04, 0x31, 0x81, 0x2c, 0x13, 0xd8, 0x0d,
  0x28, 0xd7, 0xd5, 0x2f, 0x2a, 0xea, 0xf1, 0x29, 0x05, 0xd8, 0xec, 0xf7,
  0x20, 0x25, 0xdf, 0x33, 0xfb, 0xc3, 0x22, 0x11, 0xf6, 0x11, 0xc1, 0x08,
  0x22, 0xcd, 0x3b, 0xd8, 0x05, 0x05, 0xe0, 0xef, 0x45, 0x3c, 0x4d, 0x11,
  0xc4, 0xee, 0xee, 0x68, 0x0c, 0x2e, 0xe9, 0xe8, 0xfe, 0x2f, 0xc3, 0x07,
  0xbc, 0x33, 0xd5, 0x81, 0x0c, 0x01, 0xdd, 0x81, 0xf6, 0x55, 0x4f, 0xc5,
  0x0d, 0x07, 0x55, 0x37, 0xad, 0xba, 0x1b, 0xff, 0x1f, 0xb4, 0x21, 0xd1,
  0xc9, 0x08, 0xec, 0x09, 0x2f, 0xdb, 0x23, 0xfe, 0xde, 0xea, 0x1f, 0x0b,
  0xf3, 0x4b, 0xd9, 0x59, 0x21, 0xac, 0xcc, 0xf9, 0xf3, 0xae, 0xab, 0x53,
  0xcc, 0x26, 0x11, 0x1a, 0xbd, 0x81, 0xbb, 0xe3, 0xae, 0x9a, 0xd3, 0x29,
  0x33, 0xe3, 0x14, 0x28, 0x73, 0x30, 0xf5, 0xb0, 0x27, 0x1a, 0xec, 0xdf,
  0xf1, 0x15, 0x04, 0x10, 0xee, 0xc8, 0xb3, 0x05, 0xd0, 0xfa, 0x39, 0xf2,
  0xd4, 0xb4, 0x06, 0x17, 0x03, 0x11, 0xea, 0xfe, 0xf0, 0xcf, 0x0b, 0x81,
  0x2b, 0x24, 0xd3, 0x23, 0x4a, 0x30, 0xfb, 0xd5, 0xc3, 0xf1, 0xd6, 0x2c,
  0x20, 0xd9, 0x1f, 0x2d, 0x26, 0x7b, 0xbb, 0xc1, 0x21, 0xda, 0xa4, 0xc4,
  0x6a, 0xde, 0x0d, 0x85, 0xef, 0xe7, 0xd5, 0x7f, 0x0a, 0xbd, 0x19, 0x28,
  0xb0, 0xad, 0x07, 0xf4, 0x29, 0xe0, 0x7f, 0x67, 0x8f, 0x8c, 0xdf, 0x99,
  0xd8, 0x53, 0x78, 0xf4, 0x2b, 0x20, 0xd2, 0xd4, 0x05, 0xe9, 0x47, 0xe1,
  0x48, 0xf6, 0x0e, 0x71, 0x09, 0x35, 0x72, 0xb6, 0xfa, 0x14, 0x29, 0x39,
  0x1e, 0xb8, 0x33, 0x95, 0x34, 0x1b, 0xef, 0xf8, 0xfb, 0xbb, 0xf0, 0xda,
  0x23, 0x33, 0x4e, 0xd8, 0xba, 0x0e, 0xf5, 0x4e, 0xe2, 0xc8, 0xf4, 0x1b,
  0xcf, 0x7f, 0x1b, 0x02, 0xfd, 0x6e, 0xe9, 0x24, 0x31, 0x1e, 0xf5, 0x9a,
  0x93, 0x1c, 0xf2, 0xbf, 0x0e, 0xc4, 0xc4, 0xbb, 0xeb, 0x4d, 0xdb, 0x20,
  0x75, 0x0e, 0x40, 0xea, 0x0c, 0x2d, 0x15, 0x81, 0xe2, 0x11, 0xdc, 0x33,
  0x34, 0x1b, 0xbc, 0xef, 0x3d, 0x2c, 0x55, 0x5e, 0xd1, 0xf9, 0x54, 0x7f,
  0x11, 0x43, 0xc7, 0xbb, 0xdd, 0x1d, 0x16, 0xf5, 0xb9, 0x12, 0x14, 0x0f,
  0x36, 0x94, 0x0d, 0xf6, 0xfd, 0x05, 0xc7, 0x7e, 0xf2, 0x33, 0xe1, 0xeb,
  0xf8, 0xd9, 0xcc, 0xd3, 0x26, 0xbf, 0x87, 0xf5, 0x17, 0xe8, 0x02, 0x7f,
  0xfd, 0xee, 0x1a, 0xd6, 0xd9, 0x0f, 0xff, 0xde, 0x04, 0x4e, 0xe7, 0xbc,
  0x14, 0xd2, 0x35, 0xd6, 0x2f, 0x46, 0xb5, 0xac, 0x0a, 0xf5, 0x3e, 0x1d,
  0x1e, 0x06, 0xaa, 0x40, 0xea, 0x4d, 0x07, 0xea, 0x48, 0x0f, 0x3c, 0xd6,
  0xdc, 0xcf, 0xf4, 0xf2, 0x50, 0xf3, 0x0a, 0x1e, 0x00, 0x0f, 0xd1, 0x81,
  0xc4, 0x30, 0xbc, 0x2f, 0xd6, 0x14, 0xd9, 0x8b, 0x37, 0xf1, 0xfb, 0x2e,
  0xfc, 0x44, 0x03, 0xb7, 0x2a, 0x16, 0x0c, 0xc9, 0xdd, 0xe0, 0x05, 0x7f,
  0xdb, 0x30, 0x12, 0xee, 0x00, 0x27, 0xe5, 0x27, 0xdd, 0x19, 0xc0, 0x36,
  0xe1, 0x12, 0x40, 0x2c, 0x7f, 0xe1, 0x35, 0xc2, 0xb5, 0xf2, 0xd7, 0x39,
  0xf0, 0xd8, 0x21, 0xfb, 0x37, 0x0b, 0x0d, 0x0d, 0x1b, 0xf8, 0x1f, 0x15,
  0x2c, 0x6b, 0xff, 0x04, 0x7f, 0xca, 0xfc, 0x22, 0xa0, 0x0f, 0xd3, 0xf2,
  0xc5, 0x2c, 0x13, 0x07, 0xb9, 0xfe, 0x56, 0x0c, 0xfa, 0x3d, 0x04, 0xf1,
  0xe9, 0x1a, 0x4f, 0xfa, 0x15, 0x0e, 0x0b, 0x11, 0x13, 0xf9, 0xf9, 0xed,
  0xe2, 0x04, 0x3f, 0x4f, 0xd1, 0xcb, 0x46, 0x5b, 0x27, 0xd0, 0xe0, 0x1e,
  0x04, 0xff, 0xe8, 0xdb, 0x16, 0xf0, 0x12, 0x76, 0xf8, 0x05, 0x46, 0x2e,
  0xc1, 0x05, 0x20, 0x81, 0xfe, 0xbf, 0x23, 0x35, 0x1d, 0xfd, 0xb0, 0x2e,
  0xca, 0xda, 0x4f, 0xd1, 0x13, 0x2a, 0x53, 0xd6, 0xea, 0xe6, 0x81, 0x6a,
  0x17, 0x02, 0xff, 0x9f, 0xd6, 0x93, 0xb7, 0x22, 0xc0, 0x8d, 0xbc, 0xd8,
  0xb4, 0xaf, 0xcf, 0x0e, 0x2d, 0x77, 0xe5, 0x26, 0xf4, 0xc1, 0x36, 0x45,
  0x84, 0x2c, 0xed, 0x09, 0x24, 0x5c, 0x37, 0x67, 0x77, 0xf6, 0xda, 0x1f,
  0xd6, 0xb2, 0xbc, 0xe1, 0xca, 0x81, 0x35, 0x73, 0x21, 0x65, 0xcd, 0x7b,
  0x06, 0x34, 0x21, 0xf7, 0x04, 0x1e, 0x3a, 0x10, 0x03, 0xf2, 0x13, 0x2a,
  0xe9, 0x15, 0xee, 0xf0, 0xff, 0xf9, 0x26, 0xd5, 0x0a, 0x2a, 0x22, 0xfe,
  0xfe, 0x03, 0xe6, 0x09, 0x1d, 0xf4, 0x2a, 0x81, 0x71, 0x2c, 0x57, 0x3d,
  0xfc, 0x3b, 0x1d, 0x42, 0xf8, 0x31, 0x18, 0x98, 0xc3, 0x03, 0x24, 0x4b,
  0xda, 0x77, 0x10, 0x43, 0xe0, 0x51, 0x3e, 0x38, 0xe3, 0xfb, 0x7f, 0x3d,
  0xe0, 0x46, 0x07, 0x26, 0xa5, 0x07, 0x13, 0x1b, 0x25, 0xec, 0xb3, 0xfe,
  0xbf, 0x12, 0xf7, 0xfe, 0x52, 0x29, 0x1f, 0x29, 0xb9, 0x3e, 0xf8, 0xdc,
  0x26, 0x07, 0xdf, 0x9a, 0x31, 0x59, 0x15, 0x05, 0x00, 0xc1, 0x7f, 0x61,
  0x37, 0xd6, 0x3a, 0xee, 0x68, 0xe1, 0x4e, 0x9b, 0xc0, 0xe2, 0x12, 0x35,
  0x7f, 0x51, 0xe9, 0x1a, 0x5f, 0x6e, 0xe0, 0x31, 0x4a, 0x22, 0x56, 0xeb,
  0x54, 0x07, 0x2e, 0xeb, 0xfc, 0xa5, 0x1c, 0x0f, 0x05, 0xe0, 0x27, 0x0d,
  0x1d, 0xff, 0x14, 0xe0, 0x0a, 0xe0, 0xe7, 0x18, 0xcc, 0xf9, 0xbb, 0x52,
  0x7f, 0xd4, 0x66, 0xd1, 0xef, 0x36, 0x02, 0x06, 0x1b, 0xcb, 0x21, 0xe9,
  0x24, 0x0b, 0xac, 0x1c, 0x2f, 0x08, 0x3f, 0x7f, 0xf2, 0xe0, 0xdc, 0x0a,
  0x37, 0xf1, 0x10, 0xc5, 0xdf, 0xde, 0x1e, 0xcf, 0xf6, 0x1e, 0x48, 0xfd,
  0x49, 0x17, 0xfa, 0xf7, 0x0f, 0x9b, 0x2c, 0x26, 0xf8, 0x99, 0x1a, 0x06,
  0xde, 0xe4, 0x4e, 0xd3, 0xd7, 0x4c, 0x12, 0xcb, 0xdd, 0x30, 0xd2, 0xc2,
  0x07, 0x0f, 0x58, 0x89, 0xfb, 0xe7, 0xe1, 0xc6, 0x32, 0xfa, 0xd3, 0x19,
  0x74, 0x81, 0x2e, 0xd6, 0x11, 0xef, 0xe8, 0xf1, 0xf1, 0x3d, 0xe2, 0x48,
  0xde, 0xff, 0x2f, 0x44, 0x2d, 0x0e, 0x81, 0x34, 0xf5, 0x12, 0xda, 0x10,
  0x09, 0x23, 0x08, 0xfc, 0x13, 0xf6, 0x22, 0x07, 0x10, 0x14, 0xfb, 0xf3,
  0xe8, 0xf5, 0x0d, 0x11, 0x21, 0xc1, 0xf8, 0x26, 0x68, 0x7f, 0x2c, 0x4e,
  0xfe, 0x5e, 0xc1, 0xe8, 0x30, 0xea, 0xf7, 0xdf, 0x00, 0x13, 0xf4, 0xde,
  0xa9, 0xb0, 0xdf, 0xee, 0xe7, 0xfc, 0xc1, 0xf4, 0xe9, 0x03, 0xfd, 0x0a,
  0xf0, 0xd7, 0x08, 0xf7, 0xad, 0xa8, 0xc4, 0x41, 0xf1, 0xfb, 0x04, 0x34,
  0x25, 0x59, 0xf3, 0xf6, 0x2d, 0x77, 0x10, 0xcf, 0x73, 0xba, 0xd7, 0x20,
  0x05, 0x81, 0xbe, 0xe5, 0x15, 0x13, 0xde, 0xeb, 0xcd, 0x39, 0x60, 0x25,
  0xec, 0x3e, 0x54, 0x2d, 0x09, 0x7f, 0x04, 0x00, 0x22, 0xe8, 0xb6, 0x2a,
  0x44, 0xea, 0xce, 0xec, 0x1b, 0x1b, 0x34, 0xda, 0x25, 0xec, 0x0d, 0x1b,
  0xfe, 0x2b, 0x1f, 0xca, 0x0e, 0x05, 0x18, 0xd3, 0xc6, 0xca, 0xd4, 0x07,
  0x19, 0x1b, 0x15, 0xbb, 0xfe, 0x46, 0xb7, 0x2d, 0x90, 0x1c, 0xca, 0x7f,
  0xd7, 0x63, 0xde, 0xb7, 0xc6, 0xca, 0x27, 0x42, 0x3f, 0xed, 0x2d, 0x11,
  0x81, 0x45, 0xe5, 0x2b, 0xae, 0xff, 0xa8, 0x1d, 0xfb, 0xec, 0x4c, 0x31,
  0x19, 0xc6, 0xcf, 0xa2, 0x3c, 0xe4, 0x4e, 0xea, 0xe4, 0xf6, 0xee, 0x8a,
  0xd6, 0x1d, 0x43, 0xed, 0xd1, 0x1f, 0x35, 0x1a, 0xda, 0xdf, 0xed, 0x1d,
  0xb6, 0xc9, 0xfa, 0x1f, 0x97, 0xca, 0x0c, 0xfc, 0x40, 0xef, 0xb5, 0x81,
  0x4d, 0x4a, 0x20, 0xed, 0x12, 0x9e, 0xdb, 0x12, 0x2d, 0x28, 0xb1, 0xf3,
  0xe8, 0x64, 0xfd, 0xdf, 0x4f, 0x2a, 0x67, 0xf6, 0xed, 0x81, 0x60, 0x34,
  0x39, 0x15, 0xee, 0x84, 0x22, 0x54, 0xcc, 0xf5, 0x32, 0xdd, 0xd2, 0xd8,
  0xd3, 0x79, 0x5b, 0x1b, 0x27, 0xd5, 0x6d, 0xe6, 0xe7, 0xa3, 0x4d, 0x02,
  0x7c, 0x03, 0x73, 0x0a, 0xcf, 0x81, 0xdd, 0xeb, 0x01, 0xad, 0xe1, 0x4b,
  0xfd, 0xe4, 0xab, 0xd3, 0x09, 0xd9, 0xed, 0xc9, 0xc1, 0xf4, 0x1c, 0xcb,
  0x32, 0xcc, 0xc5, 0xce, 0x15, 0x1e, 0x6a, 0xfc, 0x12, 0xfe, 0xde, 0xfa,
  0x14, 0xcc, 0xc8, 0x1f, 0x24, 0xf4, 0x39, 0x4b, 0x53, 0xea, 0xd3, 0xe4,
  0xae, 0x26, 0x3e, 0xe1, 0xc3, 0x1a, 0x14, 0xdc, 0x31, 0x1e, 0x81, 0x1b,
  0x1d, 0x0b, 0x4e, 0xcd, 0xfb, 0x08, 0x1f, 0x0a, 0xd6, 0x26, 0x1e, 0xe8,
  0x27, 0x6d, 0xca, 0xcc, 0xbc, 0x06, 0x01, 0x9d, 0xd3, 0x09, 0x7f, 0xf0,
  0xb0, 0xf6, 0x4b, 0x8f, 0xb5, 0x20, 0x02, 0x14, 0x03, 0x06, 0x14, 0xcb,
  0xdc, 0xda, 0x04, 0xe4, 0xc0, 0xff, 0xcf, 0x22, 0x3d, 0x2f, 0xd3, 0x81,
  0x21, 0xf6, 0xef, 0xf7, 0xef, 0x0d, 0xec, 0xfb, 0xfa, 0xbb, 0x11, 0x0d,
  0xf1, 0x12, 0xf8, 0xdd, 0x03, 0x02, 0x02, 0xf6, 0xd5, 0x9d, 0xf8, 0x0d,
  0x12, 0xde, 0x1e, 0x2f, 0x15, 0x00, 0xcc, 0xed, 0xd8, 0xa7, 0x3c, 0xc5,
  0x0b, 0x22, 0xd9, 0x81, 0xe1, 0x21, 0xe6, 0xa9, 0x03, 0xfb, 0xa3, 0x24,
  0x31, 0xd0, 0x97, 0x19, 0xde, 0x07, 0x0f, 0xf8, 0x1d, 0xe9, 0x3a, 0x7f,
  0x1e, 0xec, 0xe5, 0x17, 0x03, 0xd8, 0x24, 0xeb, 0x47, 0xfb, 0xe5, 0xe2,
  0x1d, 0x26, 0xde, 0x07, 0xfa, 0x0a, 0x33, 0xe8, 0x26, 0x09, 0x29, 0xe8,
  0xa0, 0xa5, 0x27, 0x7f, 0x0b, 0x1a, 0xea, 0xac, 0xfb, 0x1b, 0xca, 0x0d,
  0xd3, 0xc3, 0xf6, 0xde, 0xef, 0xfe, 0x8d, 0xdd, 0xe9, 0x30, 0x30, 0xf6,
  0x1b, 0x1e, 0xfa, 0x37, 0xd2, 0xff, 0x29, 0x11, 0x1f, 0x5d, 0xf4, 0xbb,
  0x58, 0x56, 0xbf, 0xd2, 0x17, 0x26, 0xd7, 0xe2, 0xd2, 0x3b, 0xdf, 0x25,
  0x75, 0xf5, 0xe0, 0xdd, 0xf7, 0xdd, 0xaa, 0xf8, 0xef, 0x59, 0xef, 0xe5,
  0x7f, 0xe7, 0x09, 0x09, 0x40, 0xe3, 0x4b, 0x40, 0xe2, 0xea, 0xf6, 0xf5,
  0xa9, 0xf8, 0xd6, 0xf1, 0x2d, 0x8b, 0x05, 0xe1, 0x12, 0xf2, 0xb0, 0x43,
  0x19, 0xca, 0xdd, 0x15, 0x7f, 0x21, 0x37, 0xfc, 0xeb, 0x32, 0x20, 0xeb,
  0x5a, 0xd5, 0xbb, 0xa3, 0xc2, 0xaf, 0x35, 0x0b, 0x92, 0x19, 0xd6, 0x14,
  0x1e, 0x9e, 0x22, 0x90, 0x3c, 0x6a, 0x3e, 0xe5, 0x1d, 0x27, 0x27, 0xce,
  0x16, 0x0e, 0x4a, 0x59, 0x7f, 0xbb, 0x44, 0xd5, 0xe6, 0x03, 0x13, 0xae,
  0x91, 0x39, 0xed, 0x08, 0xfa, 0x42, 0xda, 0x03, 0x7f, 0xc5, 0xf6, 0xe6,
  0xdf, 0x39, 0x3c, 0x12, 0xe3, 0x2a, 0x22, 0x19, 0x2a, 0x02, 0x13, 0x2d,
  0xf6, 0xe1, 0xdb, 0xe7, 0x14, 0xb2, 0x74, 0xf8, 0x3d, 0x30, 0xdf, 0x17,
  0x5d, 0x32, 0xc6, 0x7f, 0x4c, 0x36, 0xf9, 0x0e, 0x1a, 0x34, 0x51, 0x19,
  0x69, 0xf2, 0xdf, 0x28, 0x9a, 0x09, 0x03, 0xc4, 0x3b, 0x16, 0xe7, 0x15,
  0x0e, 0x20, 0x36, 0x19, 0x2b, 0xff, 0xf1, 0xfb, 0x81, 0x27, 0x13, 0x0f,
  0xf6, 0x8e, 0x31, 0x45, 0x53, 0xbf, 0xea, 0x67, 0x29, 0x22, 0xce, 0x30,
  0x5d, 0xea, 0xed, 0x05, 0x13, 0x22, 0x19, 0xb9, 0xb0, 0x7d, 0xde, 0xba,
  0xd5, 0xb2, 0xc9, 0x1a, 0x0a, 0x17, 0xfe, 0x7f, 0xb2, 0xb1, 0xd6, 0x95,
  0x90, 0x32, 0x41, 0x03, 0x04, 0xe6, 0x13, 0x41, 0xd1, 0xc4, 0x2e, 0x44,
  0x31, 0x16, 0x0e, 0x3c, 0xed, 0xed, 0xc1, 0xe2, 0xcf, 0xfb, 0x7f, 0xc1,
  0x05, 0x3c, 0x8d, 0x41, 0xe7, 0x22, 0xb1, 0x04, 0xdb, 0x22, 0xde, 0x38,
  0xfc, 0xb7, 0x9c, 0xb7, 0xd9, 0x24, 0x3a, 0xe3, 0xfd, 0xe3, 0x00, 0xe4,
  0xfe, 0x11, 0xfb, 0x64, 0xd1, 0x19, 0x29, 0xeb, 0xb1, 0xb3, 0xe3, 0x4b,
  0xf3, 0xa6, 0xdb, 0x33, 0x9f, 0x55, 0x81, 0xd4, 0xc9, 0x2c, 0x06, 0x25,
  0xda, 0xde, 0x06, 0x02, 0xce, 0xab, 0x14, 0xe3, 0x92, 0xa0, 0x9b, 0x9a,
  0x0e, 0xb7, 0x5a, 0x1c, 0xcb, 0x29, 0x94, 0xc8, 0x45, 0xe3, 0x2e, 0x58,
  0x81, 0x03, 0x41, 0x9a, 0xc0, 0xe4, 0x37, 0xf3, 0x90, 0x9e, 0xee, 0xf9,
  0x28, 0x61, 0x16, 0x99, 0xd6, 0x00, 0x70, 0x00, 0xeb, 0x27, 0x4c, 0x28,
  0xf9, 0x05, 0xda, 0x44, 0x02, 0x0a, 0xd6, 0xd9, 0x8b, 0xb2, 0x34, 0x18,
  0x4f, 0xaf, 0x6d, 0x07, 0xf2, 0x08, 0x00, 0x1f, 0xe7, 0x7f, 0x16, 0x2a,
  0x21, 0x11, 0x53, 0x26, 0xfb, 0x2f, 0xda, 0x05, 0x30, 0x42, 0x7f, 0x0e,
  0x3c, 0x00, 0x15, 0xef, 0xff, 0xfb, 0x01, 0x4d, 0xe9, 0xd2, 0xd7, 0xad,
  0xd4, 0x25, 0xe6, 0xc4, 0x52, 0xda, 0xa4, 0xc0, 0xf8, 0x18, 0x23, 0xba,
  0xd7, 0x26, 0x27, 0x23, 0xdf, 0xcc, 0x88, 0x18, 0x30, 0x10, 0xd0, 0x10,
  0x18, 0xaa, 0x44, 0xf8, 0xf0, 0x1a, 0x01, 0x1f, 0x7f, 0x32, 0x0c, 0xf7,
  0xf7, 0xe4, 0xd9, 0x3a, 0x08, 0x4f, 0xe2, 0x22, 0x7f, 0x55, 0xd4, 0x6c,
  0x01, 0x2d, 0x49, 0x19, 0xb7, 0x2f, 0x1a, 0xb7, 0x0f, 0xf5, 0xd1, 0x5b,
  0xfc, 0x41, 0xf0, 0xcc, 0xf9, 0xd8, 0x07, 0x73, 0xb2, 0x47, 0x36, 0xe3,
  0x25, 0x59, 0x49, 0x8b, 0xd6, 0xdc, 0xc5, 0x33, 0x46, 0x46, 0xd6, 0x17,
  0xe5, 0x22, 0x54, 0xf5, 0x29, 0x7f, 0x0b, 0xf5, 0x4d, 0x8d, 0x31, 0x3b,
  0x36, 0xc2, 0xc9, 0xe6, 0xf6, 0xf3, 0xd6, 0x55, 0x91, 0xef, 0x0f, 0x15,
  0x36, 0x3e, 0x74, 0xa6, 0x5c, 0xca, 0xe7, 0xf2, 0xe2, 0x64, 0xcc, 0xce,
  0x0c, 0x5c, 0xd6, 0x2c, 0x10, 0x00, 0x60, 0x07, 0x02, 0x1c, 0x94, 0xa8,
  0x81, 0xc8, 0x8a, 0xfb, 0x47, 0xd2, 0xea, 0x7f, 0x0c, 0x4e, 0x03, 0x37,
  0xdc, 0xe5, 0x28, 0xee, 0x31, 0x24, 0xdc, 0xa7, 0x94, 0xf5, 0x4c, 0xd2,
  0xfa, 0xdc, 0x12, 0x6a, 0xfa, 0x0f, 0xf1, 0xd6, 0x1c, 0xc0, 0x10, 0xba,
  0xf3, 0xd4, 0x06, 0x7a, 0xb6, 0x4a, 0xdd, 0x50, 0xb9, 0x04, 0xa7, 0x44,
  0xed, 0x7f, 0xf8, 0x07, 0xe8, 0x27, 0x07, 0xde, 0x4a, 0x34, 0xa4, 0x8a,
  0xf4, 0xf5, 0xbc, 0xe2, 0xd3, 0xe2, 0x09, 0xc5, 0xec, 0xe8, 0xab, 0x03,
  0xec, 0x16, 0xb6, 0xfa, 0x31, 0x5a, 0xd9, 0x37, 0xec, 0xef, 0x36, 0x14,
  0x3d, 0xfe, 0xdb, 0x59, 0xba, 0xb2, 0x7f, 0x09, 0xd6, 0xea, 0xe2, 0x17,
  0x12, 0xfe, 0xf9, 0xe8, 0xe3, 0x2f, 0x1b, 0x55, 0xda, 0xbf, 0x03, 0xf6,
  0xda, 0x7a, 0x2d, 0x01, 0x13, 0x1a, 0xe7, 0xd2, 0x26, 0xf8, 0x15, 0x8f,
  0x33, 0xdc, 0xf8, 0x4f, 0xe6, 0x0f, 0xca, 0xcd, 0x29, 0xfb, 0x7f, 0xea,
  0x66, 0xca, 0xff, 0xff, 0x04, 0x00, 0x00, 0x00, 0x80, 0x01, 0x00, 0x00,
  0xc3, 0x7f, 0xd1, 0x7f, 0xc4, 0x34, 0xb3, 0x7f, 0x0a, 0xc7, 0x81, 0x75,
  0x73, 0x81, 0x45, 0x7f, 0xd4, 0x31, 0x81, 0x41, 0x1e, 0x7f, 0x3f, 0x5e,
  0xd0, 0x6e, 0x81, 0x5c, 0x81, 0x32, 0x4c, 0x7f, 0x9f, 0x90, 0x81, 0xe8,
  0x81, 0x22, 0x06, 0xe4, 0xc8, 0x81, 0x2f, 0xf3, 0x81, 0x6f, 0x7f, 0x97,
  0x6b, 0x74, 0x81, 0xe7, 0x0d, 0x7f, 0x7f, 0x07, 0xb8, 0x54, 0x78, 0x81,
  0x3f, 0x7f, 0xb2, 0x1c, 0x81, 0xc8, 0x1a, 0xff, 0x7f, 0x4a, 0x81, 0x10,
  0x81, 0x3e, 0x93, 0xf3, 0x64, 0x81, 0x1f, 0x81, 0x49, 0x97, 0x0a, 0x81,
  0x81, 0xe2, 0xc4, 0x4f, 0x7f, 0xef, 0x81, 0xaa, 0xc3, 0x7f, 0x17, 0x8d,
  0x1c, 0x7f, 0x69, 0x7f, 0x5f, 0x30, 0x7f, 0x25, 0x74, 0x96, 0x81, 0x04,
  0xd0, 0x81, 0xdd, 0xea, 0x7f, 0x47, 0x7f, 0x6d, 0x9e, 0x7f, 0x35, 0x36,
  0x47, 0x81, 0x03, 0x7f, 0xcb, 0xed, 0x87, 0x81, 0x0f, 0x82, 0x7f, 0x31,
  0x6e, 0xff, 0x7f, 0x81, 0x9d, 0x28, 0xa7, 0x7f, 0x54, 0x81, 0x67, 0x83,
  0x75, 0x63, 0x7f, 0x60, 0x89, 0x81, 0x8c, 0x81, 0x5a, 0xbb, 0xa4, 0x7f,
  0xff, 0x81, 0x8e, 0x1f, 0x62, 0x7f, 0x81, 0x49, 0xc7, 0x81, 0xed, 0x38,
  0x81, 0xfb, 0x96, 0x81, 0xab, 0xef, 0x7f, 0xca, 0x11, 0x7f, 0x85, 0x53,
  0x46, 0x68, 0x7f, 0x59, 0x7f, 0x19, 0xca, 0x7f, 0xde, 0x40, 0xf1, 0x81,
  0x7b, 0x1a, 0x81, 0xf1, 0x38, 0x81, 0x60, 0x81, 0x08, 0x7f, 0x19, 0xb3,
  0x6d, 0x7f, 0x2e, 0x83, 0x3e, 0x81, 0xf3, 0xf2, 0x81, 0x78, 0x81, 0x51,
  0x0c, 0x7f, 0x79, 0x81, 0xa8, 0x5f, 0x58, 0x44, 0x7f, 0x7f, 0xfa, 0x4d,
  0x7f, 0xff, 0x47, 0x20, 0x7f, 0x75, 0x3a, 0x7f, 0xb0, 0xd0, 0x7f, 0x45,
  0x57, 0x7f, 0xc0, 0xf6, 0xec, 0x7f, 0xe1, 0x81, 0x07, 0x09, 0x61, 0x7f,
  0x81, 0x38, 0xfa, 0x28, 0x7f, 0xf6, 0xd3, 0x16, 0x7f, 0x81, 0xd9, 0xa7,
  0x7f, 0x04, 0xf1, 0x85, 0x85, 0x7f, 0x41, 0x5b, 0x7f, 0x79, 0xa9, 0x81,
  0x5b, 0x7f, 0xc5, 0x81, 0xea, 0xe9, 0x4b, 0x81, 0xd6, 0x81, 0xc8, 0x7c,
  0x81, 0xb3, 0x30, 0xad, 0xe8, 0x7f, 0xd4, 0x31, 0x81, 0x0c, 0x7f, 0xb5,
  0x81, 0x96, 0x61, 0x83, 0xab, 0x7f, 0x7f, 0x65, 0x32, 0x7f, 0x72, 0x05,
  0x81, 0x05, 0x40, 0x56, 0x18, 0x81, 0x7f, 0x40, 0x23, 0xa3, 0x81, 0xd6,
  0x81, 0xd8, 0xed, 0x23, 0x81, 0x4c, 0x7f, 0x5d, 0xbf, 0xfd, 0x7f, 0xe8,
  0x78, 0x81, 0xdb, 0x7f, 0x10, 0x4a, 0x52, 0x81, 0xd1, 0xdc, 0xdd, 0x81,
  0x0e, 0x7f, 0x3b, 0xa7, 0x7f, 0xbd, 0x75, 0x81, 0x36, 0xfe, 0x7f, 0x77,
  0x6f, 0x81, 0x83, 0x7f, 0x2c, 0x8c, 0x1c, 0xa0, 0x7f, 0x65, 0x7f, 0xc5,
  0x6e, 0x81, 0xfc, 0xf3, 0x7f, 0xc4, 0x0d, 0x73, 0x81, 0x81, 0xc1, 0x5d,
  0xf2, 0xcb, 0xff, 0xff, 0x04, 0x00, 0x00, 0x00, 0x80, 0x00, 0x00, 0x00,
  0x8e, 0x84, 0x8c, 0x8c, 0x88, 0x8c, 0x8b, 0x8b, 0x89, 0x93, 0x8f, 0x89,
  0x87, 0x8e, 0x8b, 0x91, 0x8a, 0x91, 0x8a, 0x8e, 0x8c, 0x8b, 0x8a, 0x8c,
  0x8a, 0x8e, 0x92, 0x89, 0x8e, 0x89, 0x90, 0x87, 0x76, 0x77, 0x77, 0x79,
  0x7c, 0x7c, 0x79, 0x78, 0x7a, 0x7a, 0x7f, 0x76, 0x7c, 0x77, 0x7a, 0x7b,
  0x7a, 0x7a, 0x7e, 0x73, 0x7d, 0x7b, 0x77, 0x7b, 0x7b, 0x7a, 0x77, 0x7d,
  0x7a, 0x7a, 0x79, 0x7a, 0x93, 0x89, 0x92, 0x89, 0x83, 0x83, 0x84, 0x92,
  0x8a, 0x90, 0x8c, 0x87, 0x89, 0x8a, 0x8f, 0x8d, 0x8d, 0x83, 0x8b, 0x8a,
  0x86, 0x80, 0x90, 0x85, 0x84, 0x85, 0x92, 0x86, 0x91, 0x86, 0x8f, 0x83,
  0x8c, 0x84, 0x8a, 0x8b, 0x88, 0x8d, 0x8a, 0x8c, 0x89, 0x93, 0x8f, 0x88,
  0x89, 0x8e, 0x8b, 0x91, 0x8a, 0x8f, 0x8a, 0x8e, 0x8e, 0x8d, 0x8a, 0x8c,
  0x88, 0x8d, 0x92, 0x8a, 0x8e, 0x89, 0x8f, 0x87, 0xec, 0xb8, 0xff, 0xff,
  0xf0, 0xb8, 0xff, 0xff, 0xf4, 0xb8, 0xff, 0xff, 0xf8, 0xb8, 0xff, 0xff,
  0xfc, 0xb8, 0xff, 0xff, 0x00, 0xb9, 0xff, 0xff, 0x04, 0xb9, 0xff, 0xff,
  0x08, 0xb9, 0xff, 0xff, 0x0c, 0xb9, 0xff, 0xff, 0x10, 0xb9, 0xff, 0xff,
  0x14, 0xb9, 0xff, 0xff, 0x18, 0xb9, 0xff, 0xff, 0x1c, 0xb9, 0xff, 0xff,
  0x20, 0xb9, 0xff, 0xff, 0x24, 0xb9, 0xff, 0xff, 0x28, 0xb9, 0xff, 0xff,
  0x2c, 0xb9, 0xff, 0xff, 0x30, 0xb9, 0xff, 0xff, 0x34, 0xb9, 0xff, 0xff,
  0x38, 0xb9, 0xff, 0xff, 0x3c, 0xb9, 0xff, 0xff, 0x40, 0xb9, 0xff, 0xff,
  0x44, 0xb9, 0xff, 0xff, 0x48, 0xb9, 0xff, 0xff, 0x4c, 0xb9, 0xff, 0xff,
  0x50, 0xb9, 0xff, 0xff, 0x54, 0xb9, 0xff, 0xff, 0x58, 0xb9, 0xff, 0xff,
  0x5c, 0xb9, 0xff, 0xff, 0x60, 0xb9, 0xff, 0xff, 0x64, 0xb9, 0xff, 0xff,
  0x68, 0xb9, 0xff, 0xff, 0x6c, 0xb9, 0xff, 0xff, 0x70, 0xb9, 0xff, 0xff,
  0x74, 0xb9, 0xff, 0xff, 0x78, 0xb9, 0xff, 0xff, 0x7c, 0xb9, 0xff, 0xff,
  0x80, 0xb9, 0xff, 0xff, 0x16, 0xcd, 0xff, 0xff, 0x04, 0x00, 0x00, 0x00,
  0x01, 0x00, 0x00, 0x00, 0x00, 0x00, 0x00, 0x00, 0x26, 0xcd, 0xff, 0xff,
  0x04, 0x00, 0x00, 0x00, 0x00, 0x06, 0x00, 0x00, 0xc6, 0x3c, 0xa7, 0x20,
  0xdc, 0x6e, 0x93, 0xb9, 0x35, 0xbe, 0xe8, 0x6c, 0x4b, 0xb8, 0xc0, 0x37,
  0x8e, 0x1b, 0x88, 0x88, 0x29, 0xbb, 0x1f, 0x17, 0x39, 0xbd, 0xbf, 0x1d,
  0xbd, 0xe3, 0xc7, 0xdb, 0xbc, 0x52, 0xb2, 0x56, 0x22, 0x6b, 0xff, 0xc5,
  0xc5, 0x96, 0x11, 0x03, 0x92, 0x6e, 0xfe, 0xe3, 0x0e, 0x2c, 0x31, 0xdf,
  0x1a, 0xd0, 0xb5, 0xea, 0x9e, 0xd9, 0x7f, 0xea, 0x4f, 0x52, 0x59, 0x43,
  0x0a, 0x59, 0xf0, 0xab, 0xa5, 0xa9, 0x25, 0x22, 0x92, 0x31, 0x38, 0x9b,
  0xaa, 0xc5, 0x8b, 0x5a, 0x90, 0x2b, 0x56, 0x96, 0x1d, 0x1d, 0x2a, 0x89,
  0x26, 0x34, 0x9f, 0x4f, 0xa7, 0xf7, 0x45, 0x1e, 0xf9, 0x56, 0x42, 0xcd,
  0xa5, 0x77, 0xb4, 0x48, 0xf3, 0x63, 0x49, 0x87, 0x5c, 0x8d, 0xdf, 0x53,
  0x3a, 0x63, 0xf4, 0x34, 0xd9, 0x81, 0x62, 0xfa, 0xca, 0x7b, 0xe0, 0x30,
  0x0f, 0x7d, 0x25, 0xa5, 0x09, 0x69, 0x73, 0x3b, 0xad, 0xf9, 0x97, 0xe0,
  0xbc, 0x5b, 0xac, 0x03, 0x66, 0x65, 0xe6, 0x44, 0x04, 0x96, 0x62, 0xde,
  0xf1, 0xd8, 0x38, 0xb9, 0xa2, 0xdc, 0x29, 0xe0, 0x60, 0xd4, 0x6c, 0x3a,
  0x3e, 0xdf, 0xb7, 0x5a, 0x3c, 0xf8, 0xa7, 0x22, 0xe6, 0x97, 0x62, 0x97,
  0x58, 0x05, 0xbc, 0xfa, 0x4e, 0x0d, 0x41, 0x45, 0xce, 0xee, 0x68, 0x45,
  0x9e, 0x43, 0x77, 0xb6, 0xca, 0x30, 0x63, 0x52, 0x5b, 0xf9, 0x69, 0xa8,
  0x3f, 0x2d, 0x06, 0x37, 0x51, 0x34, 0xe0, 0xaa, 0x07, 0x40, 0x61, 0x1f,
  0x29, 0x02, 0xbc, 0x65, 0xd7, 0xb1, 0x05, 0x27, 0xfc, 0xc4, 0xbc, 0x60,
  0xcf, 0x5a, 0xb5, 0xf2, 0x6d, 0x4b, 0xef, 0x09, 0x1c, 0xf4, 0x88, 0x07,
  0x44, 0xed, 0xdb, 0xaf, 0x42, 0xea, 0xec, 0x62, 0x4c, 0x7f, 0xa8, 0x22,
  0xe9, 0x6d, 0x29, 0x3f, 0xf8, 0xe3, 0x22, 0xf7, 0x00, 0xae, 0x1d, 0xf4,
  0xad, 0x60, 0xd9, 0xea, 0xa6, 0xf4, 0x34, 0x0d, 0x6e, 0xc9, 0x58, 0xf8,
  0xee, 0xcb, 0xb0, 0x20, 0xc0, 0x90, 0xb0, 0x99, 0x3a, 0x1f, 0xf8, 0xb5,
  0x32, 0x5a, 0xd1, 0x0d, 0xa0, 0xdd, 0x4c, 0x0c, 0xa2, 0x54, 0x81, 0x20,
  0x99, 0xe2, 0xe5, 0xe2, 0x5d, 0x97, 0x91, 0x30, 0x27, 0xd7, 0xed, 0x34,
  0xfb, 0x46, 0x3f, 0xd2, 0x6f, 0x58, 0xdc, 0xc0, 0x43, 0x70, 0x3f, 0xb9,
  0x90, 0xca, 0x14, 0xc5, 0x70, 0xda, 0x66, 0xd5, 0xe5, 0xfb, 0xe7, 0x15,
  0xf4, 0x0d, 0xf8, 0x93, 0xcf, 0xd9, 0x1b, 0xc1, 0x2d, 0x8d, 0xe5, 0x3a,
  0x59, 0x63, 0xb0, 0x54, 0x1a, 0x88, 0x87, 0xd0, 0x29, 0x31, 0x27, 0x95,
  0x20, 0xd5, 0x72, 0xd2, 0xc3, 0x51, 0x58, 0x1f, 0x78, 0xa7, 0x51, 0x3e,
  0x45, 0x0f, 0xd7, 0x01, 0xa6, 0x0d, 0xfc, 0xca, 0x37, 0x70, 0xcf, 0x3a,
  0x31, 0x70, 0xd3, 0xd8, 0x35, 0xff, 0xcd, 0x0f, 0x26, 0xe6, 0x42, 0x73,
  0xde, 0x62, 0x65, 0x90, 0x91, 0x8e, 0xd3, 0xbf, 0xd2, 0xa1, 0xd4, 0xae,
  0x66, 0x58, 0xbf, 0x21, 0x4e, 0x07, 0x5c, 0x3e, 0x9a, 0x67, 0x97, 0x57,
  0xdf, 0x03, 0x30, 0x4c, 0xb2, 0x9f, 0xaf, 0xa3, 0x3b, 0x1b, 0x1b, 0xa2,
  0x7f, 0x6f, 0x53, 0x93, 0x03, 0xe5, 0xd6, 0x6f, 0x15, 0x9e, 0x92, 0xd7,
  0xd7, 0xb8, 0xd6, 0x37, 0xe0, 0x58, 0x66, 0x64, 0x45, 0x25, 0xcc, 0xad,
  0x6d, 0x16, 0x8d, 0x5d, 0x66, 0xa2, 0x31, 0xe1, 0x5d, 0x12, 0x67, 0x00,
  0x34, 0xec, 0x47, 0xa3, 0x45, 0x57, 0x01, 0xdc, 0x3b, 0x36, 0x2e, 0xb1,
  0xa7, 0xc5, 0x01, 0x30, 0x0c, 0xa1, 0xa3, 0xf1, 0xf0, 0xfe, 0x58, 0x26,
  0xfa, 0x2b, 0x5d, 0x7a, 0x9d, 0x09, 0xda, 0xe5, 0x97, 0xee, 0x24, 0x4c,
  0xae, 0xd9, 0xf4, 0xcf, 0xcf, 0x8f, 0x9c, 0xba, 0xa6, 0xa0, 0x73, 0x00,
  0xd9, 0x03, 0xb1, 0xc9, 0x15, 0xa7, 0x33, 0xd5, 0x27, 0x4e, 0x27, 0xa5,
  0xb7, 0x57, 0x9a, 0xb9, 0x59, 0x62, 0xb1, 0x04, 0xb5, 0x24, 0x3f, 0xd5,
  0x34, 0x3c, 0x15, 0x56, 0xfa, 0x4c, 0x1b, 0xdd, 0x0c, 0xfc, 0x64, 0xce,
  0x69, 0xe9, 0x50, 0x6c, 0x17, 0xe3, 0x43, 0x44, 0xcb, 0x59, 0x65, 0xff,
  0x36, 0x81, 0x32, 0xb5, 0x9e, 0x90, 0x07, 0x83, 0x33, 0x3f, 0x19, 0x74,
  0x09, 0xd2, 0xed, 0x71, 0x0c, 0x3a, 0xba, 0x2f, 0x06, 0x9f, 0xe1, 0x3d,
  0x54, 0xb8, 0x6f, 0x5d, 0x6a, 0x51, 0x02, 0x06, 0xb4, 0x4a, 0x34, 0xc8,
  0xf4, 0x6c, 0xeb, 0x6a, 0x20, 0x88, 0x10, 0xd1, 0x50, 0x31, 0xa9, 0x34,
  0x17, 0x6b, 0x4e, 0x04, 0x32, 0x28, 0xef, 0x06, 0xb1, 0x3f, 0x47, 0xcc,
  0xb0, 0x13, 0xf1, 0xee, 0x25, 0xa9, 0x66, 0x95, 0xaf, 0xbe, 0x7f, 0xe5,
  0x95, 0xe9, 0xe2, 0x12, 0x68, 0xf5, 0x05, 0x06, 0xd6, 0x15, 0x3d, 0x39,
  0xfe, 0x36, 0x54, 0x4e, 0x87, 0x78, 0xc7, 0x2b, 0xda, 0xb5, 0x90, 0xbc,
  0xf2, 0x8c, 0xe7, 0xaf, 0x1b, 0x93, 0x20, 0x26, 0x88, 0xb3, 0x89, 0xc9,
  0xbf, 0x1d, 0xa1, 0xe9, 0xfc, 0x42, 0x2d, 0xef, 0xc8, 0xd8, 0xc0, 0x33,
  0x4b, 0x15, 0xe4, 0x44, 0x50, 0x76, 0x14, 0x98, 0x53, 0xcc, 0xfa, 0xb2,
  0xf9, 0xae, 0x30, 0xb6, 0xf9, 0x32, 0x67, 0x3a, 0x3f, 0x6a, 0xb1, 0x2c,
  0xff, 0xa9, 0xd1, 0xdd, 0x71, 0xfa, 0xbd, 0x24, 0xa0, 0x8a, 0x02, 0xc1,
  0x5a, 0x85, 0x2a, 0x77, 0x93, 0xfd, 0x16, 0xf8, 0xac, 0x28, 0xa1, 0x6b,
  0x63, 0x43, 0xd5, 0xd5, 0x46, 0x21, 0xcf, 0x55, 0x53, 0x4b, 0x4a, 0x42,
  0x2a, 0xba, 0x1d, 0x43, 0x10, 0x95, 0x84, 0xaa, 0x35, 0xfc, 0x0a, 0x28,
  0x13, 0x0e, 0x6c, 0xac, 0xe0, 0x91, 0x46, 0x61, 0xb5, 0x9a, 0x39, 0xab,
  0x22, 0x2d, 0xd0, 0x20, 0x42, 0x81, 0xbd, 0xf0, 0xf3, 0xbc, 0xf4, 0x35,
  0xa4, 0x23, 0x27, 0xac, 0x89, 0x7f, 0x90, 0x90, 0xb1, 0xfd, 0x08, 0x4d,
  0xfc, 0x52, 0xaa, 0x2d, 0x6a, 0xc0, 0x47, 0x3c, 0x27, 0x1d, 0x32, 0xf9,
  0x05, 0xcb, 0xeb, 0xa9, 0xcf, 0x5f, 0x5a, 0xc8, 0x13, 0x19, 0xeb, 0xea,
  0x6e, 0xd6, 0xd4, 0xf7, 0x22, 0xcd, 0x48, 0xb5, 0x73, 0x01, 0xea, 0x03,
  0x21, 0x2b, 0x9f, 0x27, 0xdf, 0xca, 0x39, 0x73, 0xdc, 0x53, 0x6b, 0xb8,
  0x6d, 0x17, 0x10, 0x18, 0x37, 0xdf, 0xc0, 0x07, 0x6d, 0x28, 0x27, 0x3a,
  0x31, 0xe3, 0xc2, 0x35, 0x09, 0x2a, 0x8e, 0xe8, 0xfc, 0xf3, 0x3a, 0xf1,
  0x08, 0x91, 0x18, 0x31, 0x38, 0x16, 0xef, 0x01, 0xff, 0x41, 0xf1, 0xe8,
  0x12, 0xc7, 0x58, 0x4e, 0x9a, 0xe6, 0x35, 0x66, 0xa3, 0x97, 0x32, 0x28,
  0x06, 0xde, 0x89, 0x4f, 0xc3, 0x0e, 0x6f, 0x49, 0x5a, 0xb7, 0xb3, 0x3a,
  0x44, 0x94, 0xd4, 0xb5, 0x30, 0xe9, 0x56, 0xe5, 0x61, 0xac, 0x6a, 0x35,
  0x1c, 0xdd, 0x56, 0xd6, 0x6e, 0x27, 0xaa, 0x56, 0x63, 0x38, 0x58, 0x7b,
  0xdf, 0x6f, 0xf8, 0x2a, 0x67, 0xf4, 0x5c, 0x62, 0xef, 0x8e, 0x4a, 0x9b,
  0x73, 0xd2, 0x5a, 0x10, 0x2b, 0xcf, 0x28, 0xae, 0xe2, 0x68, 0xb1, 0x60,
  0x22, 0x1f, 0xec, 0xb4, 0xe1, 0x1f, 0xb8, 0x91, 0x4a, 0xbb, 0xac, 0x53,
  0x81, 0x5f, 0xab, 0x1c, 0xcd, 0xb0, 0xde, 0xc6, 0xf7, 0xe3, 0x9e, 0x59,
  0xd0, 0xe4, 0xbd, 0x52, 0x9a, 0x58, 0x9b, 0x19, 0x27, 0xbe, 0x51, 0x38,
  0x5a, 0x44, 0x9d, 0xb5, 0x61, 0xd5, 0xaf, 0x8f, 0x9a, 0x1a, 0xc7, 0x81,
  0xde, 0xbe, 0x68, 0xd7, 0x77, 0x25, 0x17, 0x61, 0x4e, 0x52, 0x16, 0xcd,
  0x04, 0x17, 0x23, 0xb1, 0x88, 0x98, 0x53, 0xb8, 0x93, 0xeb, 0x75, 0xd4,
  0x08, 0x8a, 0x6f, 0x06, 0xe0, 0x0d, 0x15, 0x4d, 0x11, 0x67, 0x30, 0x0d,
  0x17, 0x1a, 0x34, 0xe7, 0xb2, 0xc9, 0x9b, 0x17, 0x4f, 0x68, 0x57, 0xdc,
  0xa2, 0x48, 0xe6, 0x71, 0x8e, 0x09, 0xb9, 0x89, 0x64, 0xcb, 0xd8, 0x21,
  0x86, 0x50, 0x62, 0xec, 0x49, 0xbe, 0x93, 0x24, 0x04, 0x95, 0x88, 0x0d,
  0xf7, 0xb6, 0x7a, 0xa3, 0x0d, 0xb0, 0x10, 0x64, 0x53, 0xff, 0x3a, 0x71,
  0xd0, 0xfa, 0x3e, 0x03, 0x57, 0xf1, 0xc4, 0xc4, 0xb7, 0x60, 0xa4, 0x7b,
  0xb6, 0xae, 0x98, 0x36, 0xf3, 0x98, 0x5b, 0xf1, 0x94, 0x18, 0x66, 0x0f,
  0x07, 0xe6, 0xb6, 0x70, 0x8e, 0x44, 0x2c, 0xf0, 0x95, 0x1c, 0x0a, 0x5a,
  0x33, 0x46, 0x24, 0x6c, 0xdc, 0x53, 0x3b, 0xd3, 0x35, 0x33, 0x88, 0x9b,
  0x7f, 0x22, 0x91, 0x62, 0xc5, 0x89, 0x43, 0x4b, 0x16, 0x42, 0xcf, 0x1f,
  0xe0, 0x7f, 0x03, 0x02, 0xad, 0xf1, 0xa9, 0x77, 0xe6, 0xd5, 0x0f, 0x30,
  0xca, 0xe8, 0x62, 0x28, 0x1e, 0x6c, 0x0c, 0x0e, 0x0e, 0x26, 0x7f, 0xc5,
  0xf2, 0x4f, 0x01, 0xbc, 0xca, 0xa3, 0x2a, 0xa1, 0x6f, 0xd0, 0x73, 0xde,
  0x1c, 0xd4, 0x4e, 0xa8, 0x5f, 0x2b, 0xd0, 0x6e, 0xba, 0x4f, 0x4c, 0x11,
  0xf7, 0x15, 0x48, 0x69, 0xe1, 0x8b, 0x65, 0xdc, 0x03, 0x34, 0x34, 0x60,
  0x74, 0xe6, 0xc7, 0xa7, 0x71, 0xfa, 0x3e, 0xa9, 0xaa, 0x2a, 0xf1, 0x54,
  0xd0, 0xda, 0x5c, 0x5c, 0xbc, 0x2e, 0xfe, 0x6a, 0xd8, 0x9c, 0xf8, 0x25,
  0xa4, 0x6a, 0x6b, 0x26, 0x49, 0xc9, 0x56, 0xe1, 0x28, 0x73, 0x8e, 0x4c,
  0x3c, 0xef, 0x86, 0xaa, 0x91, 0xf7, 0x1f, 0x3b, 0x5e, 0x3a, 0x6f, 0x04,
  0xda, 0x6f, 0x6c, 0x36, 0xc8, 0x60, 0x6c, 0x51, 0xd0, 0xc7, 0x07, 0x99,
  0xaa, 0x54, 0x90, 0x64, 0x49, 0x5c, 0xaf, 0x00, 0xd8, 0xa5, 0x8b, 0xd9,
  0x4b, 0x59, 0x97, 0x6c, 0x45, 0x03, 0xad, 0x36, 0x12, 0x72, 0xaf, 0x49,
  0x8a, 0x49, 0xf5, 0xc5, 0x71, 0xce, 0x46, 0x11, 0xd4, 0x8b, 0x7a, 0xac,
  0xe4, 0x2b, 0xa7, 0xb0, 0x9b, 0xc7, 0xcc, 0xe0, 0x61, 0xfe, 0x67, 0xbc,
  0x64, 0x31, 0xc9, 0xff, 0xb8, 0xda, 0x69, 0xa4, 0x1d, 0xc6, 0xff, 0x8e,
  0x37, 0x24, 0xf6, 0x9b, 0xb0, 0x91, 0x0b, 0x70, 0xdc, 0x6b, 0x40, 0x96,
  0x91, 0x10, 0x53, 0xdf, 0x0d, 0xc8, 0xd4, 0x73, 0xb1, 0xec, 0x40, 0x08,
  0x01, 0x81, 0xfe, 0x41, 0x3e, 0xc9, 0x6f, 0xb5, 0x41, 0x15, 0xf7, 0x9a,
  0xea, 0x3a, 0x1c, 0x76, 0xa7, 0x6d, 0x5c, 0x63, 0x03, 0xcc, 0xdd, 0x67,
  0x43, 0x6f, 0x73, 0x5f, 0x24, 0x9e, 0xb1, 0x11, 0xc9, 0x54, 0xc1, 0xd3,
  0xfb, 0x6c, 0x78, 0x40, 0x9d, 0xee, 0xd4, 0xaf, 0xc6, 0xe7, 0x37, 0xad,
  0xfe, 0x5c, 0x7f, 0x8a, 0x72, 0x86, 0x57, 0x12, 0xeb, 0xc8, 0x88, 0xcc,
  0x1e, 0x99, 0x34, 0x5a, 0xc9, 0x1e, 0xf9, 0x79, 0x23, 0x7a, 0x29, 0xc6,
  0x52, 0x2b, 0xdf, 0x05, 0x74, 0xf2, 0xc1, 0x8e, 0x57, 0x43, 0x01, 0xb0,
  0xcd, 0xeb, 0x31, 0xb6, 0x70, 0xd3, 0x69, 0x4d, 0x1c, 0x7a, 0x90, 0x2a,
  0x3e, 0xaa, 0xb5, 0x3d, 0x73, 0xdb, 0x37, 0x38, 0x15, 0x2d, 0x54, 0xdc,
  0xfe, 0x12, 0xe8, 0x6f, 0xd8, 0x92, 0x49, 0x0d, 0x5c, 0xaf, 0x5d, 0x3f,
  0xb3, 0x6f, 0xd6, 0xba, 0x4c, 0x9b, 0x69, 0xdd, 0x9d, 0x11, 0x56, 0xa6,
  0xd8, 0xff, 0x5f, 0xd6, 0x66, 0xc5, 0x0e, 0x51, 0x14, 0x8b, 0xf6, 0xe4,
  0x19, 0x3e, 0xbc, 0x67, 0x3e, 0x32, 0xfb, 0x9b, 0x3e, 0x8f, 0xd0, 0x5a,
  0xbc, 0xe7, 0x3c, 0xcf, 0x01, 0x2e, 0xd5, 0xce, 0xeb, 0xc3, 0xc5, 0xdd,
  0xae, 0xc2, 0xf8, 0xd7, 0xa1, 0xaa, 0x83, 0x61, 0xfa, 0xde, 0x6d, 0x4b,
  0x42, 0x3f, 0x4d, 0x6f, 0xde, 0x98, 0x19, 0xae, 0xad, 0x4b, 0x6c, 0xa4,
  0xa8, 0xa1, 0x7f, 0x05, 0x66, 0x20, 0x94, 0x29, 0x32, 0xd3, 0xff, 0xff,
  0x04, 0x00, 0x00, 0x00, 0x40, 0x00, 0x00, 0x00, 0x45, 0xfc, 0xff, 0xff,
  0xec, 0x1b, 0x00, 0x00, 0x2b, 0x03, 0x00, 0x00, 0x5f, 0x03, 0x00, 0x00,
  0xb8, 0xf3, 0xff, 0xff, 0x2f, 0xfc, 0xff, 0xff, 0x59, 0x03, 0x00, 0x00,
  0xb3, 0x0a, 0x00, 0x00, 0x48, 0x1f, 0x00, 0x00, 0xfd, 0x00, 0x00, 0x00,
  0x88, 0x28, 0x00, 0x00, 0x01, 0xf5, 0xff, 0xff, 0xaa, 0xf6, 0xff, 0xff,
  0x11, 0x1a, 0x00, 0x00, 0x3e, 0xf6, 0xff, 0xff, 0x62, 0x17, 0x00, 0x00,
  0x7e, 0xd3, 0xff, 0xff, 0x04, 0x00, 0x00, 0x00, 0x20, 0x00, 0x00, 0x00,
  0x0c, 0xf2, 0x6b, 0xb0, 0xd7, 0x9b, 0x86, 0x73, 0x45, 0x8f, 0xce, 0xbe,
  0xe5, 0x29, 0xea, 0x7f, 0x70, 0x99, 0x7e, 0x83, 0x60, 0xfb, 0xef, 0xd2,
  0x09, 0xf4, 0x8a, 0x7f, 0x5a, 0x83, 0x70, 0xce, 0xaa, 0xd3, 0xff, 0xff,
  0x04, 0x00, 0x00, 0x00, 0x08, 0x00, 0x00, 0x00, 0x01, 0x12, 0x00, 0x00,
  0x3a, 0xed, 0xff, 0xff, 0xbe, 0xd3, 0xff, 0xff, 0x04, 0x00, 0x00, 0x00,
  0x08, 0x00, 0x00, 0x00, 0xff, 0xff, 0xff, 0xff, 0x60, 0x00, 0x00, 0x00,
  0x40, 0xc0, 0xff, 0xff, 0xd6, 0xd3, 0xff, 0xff, 0x04, 0x00, 0x00, 0x00,
  0x04, 0x00, 0x00, 0x00, 0x20, 0x00, 0x00, 0x00, 0xe6, 0xd3, 0xff, 0xff,
  0x04, 0x00, 0x00, 0x00, 0x0c, 0x00, 0x00, 0x00, 0x01, 0x00, 0x00, 0x00,
  0x00, 0x00, 0x00, 0x00, 0x02, 0x00, 0x00, 0x00, 0xfe, 0xd3, 0xff, 0xff,
  0x04, 0x00, 0x00, 0x00, 0x04, 0x00, 0x00, 0x00, 0x01, 0x00, 0x00, 0x00,
  0x0e, 0xd4, 0xff, 0xff, 0x04, 0x00, 0x00, 0x00, 0x04, 0x00, 0x00, 0x00,
  0x00, 0x00, 0x00, 0x00, 0x1e, 0xd4, 0xff, 0xff, 0x04, 0x00, 0x00, 0x00,
  0x04, 0x00, 0x00, 0x00, 0x03, 0x00, 0x00, 0x00, 0x2e, 0xd4, 0xff, 0xff,
  0x04, 0x00, 0x00, 0x00, 0x08, 0x00, 0x00, 0x00, 0xff, 0xff, 0xff, 0xff,
  0x20, 0x00, 0x00, 0x00, 0xb0, 0xc0, 0xff, 0xff, 0xb4, 0xc0, 0xff, 0xff,
  0x0f, 0x00, 0x00, 0x00, 0x4d, 0x4c, 0x49, 0x52, 0x20, 0x43, 0x6f, 0x6e,
  0x76, 0x65, 0x72, 0x74, 0x65, 0x64, 0x2e, 0x00, 0x03, 0x00, 0x00, 0x00,
  0xe8, 0x28, 0x00, 0x00, 0x7c, 0x24, 0x00, 0x00, 0x04, 0x00, 0x00, 0x00,
  0x32, 0xd7, 0xff, 0xff, 0x14, 0x00, 0x00, 0x00, 0x34, 0x00, 0x00, 0x00,
  0x30, 0x05, 0x00, 0x00, 0x48, 0x05, 0x00, 0x00, 0x60, 0x05, 0x00, 0x00,
  0x1e, 0x00, 0x00, 0x00, 0x73, 0x65, 0x71, 0x75, 0x65, 0x6e, 0x74, 0x69,
  0x61, 0x6c, 0x5f, 0x31, 0x2f, 0x6c, 0x73, 0x74, 0x6d, 0x5f, 0x31, 0x2f,
  0x77, 0x68, 0x69, 0x6c, 0x65, 0x5f, 0x62, 0x6f, 0x64, 0x79, 0x00, 0x00,
  0x17, 0x00, 0x00, 0x00, 0xdc, 0x04, 0x00, 0x00, 0xb8, 0x04, 0x00, 0x00,
  0x94, 0x04, 0x00, 0x00, 0x60, 0x04, 0x00, 0x00, 0x28, 0x04, 0x00, 0x00,
  0xf4, 0x03, 0x00, 0x00, 0xc0, 0x03, 0x00, 0x00, 0x88, 0x03, 0x00, 0x00,
  0x54, 0x03, 0x00, 0x00, 0x20, 0x03, 0x00, 0x00, 0xdc, 0x02, 0x00, 0x00,
  0xb8, 0x02, 0x00, 0x00, 0x94, 0x02, 0x00, 0x00, 0x60, 0x02, 0x00, 0x00,
  0x3c, 0x02, 0x00, 0x00, 0x18, 0x02, 0x00, 0x00, 0xe4, 0x01, 0x00, 0x00,
  0xb0, 0x01, 0x00, 0x00, 0x8c, 0x01, 0x00, 0x00, 0x68, 0x01, 0x00, 0x00,
  0x34, 0x01, 0x00, 0x00, 0x10, 0x01, 0x00, 0x00, 0x04, 0x00, 0x00, 0x00,
  0x3c, 0xd4, 0xff, 0xff, 0x10, 0x00, 0x00, 0x00, 0xe8, 0x00, 0x00, 0x00,
  0xec, 0x00, 0x00, 0x00, 0x15, 0x00, 0x00, 0x00, 0xd7, 0x00, 0x00, 0x00,
  0x11, 0x54, 0x65, 0x6e, 0x73, 0x6f, 0x72, 0x4c, 0x69, 0x73, 0x74, 0x53,
  0x65, 0x74, 0x49, 0x74, 0x65, 0x6d, 0x00, 0xba, 0x12, 0x11, 0x54, 0x65,
  0x6e, 0x73, 0x6f, 0x72, 0x4c, 0x69, 0x73, 0x74, 0x53, 0x65, 0x74, 0x49,
  0x74, 0x65, 0x6d, 0x1a, 0x00, 0x1a, 0x00, 0x1a, 0x00, 0x2a, 0x23, 0x0a,
  0x1d, 0x72, 0x65, 0x73, 0x69, 0x7a, 0x65, 0x5f, 0x69, 0x66, 0x5f, 0x69,
  0x6e, 0x64, 0x65, 0x78, 0x5f, 0x6f, 0x75, 0x74, 0x5f, 0x6f, 0x66, 0x5f,
  0x62, 0x6f, 0x75, 0x6e, 0x64, 0x73, 0x12, 0x02, 0x28, 0x00, 0x2a, 0x13,
  0x0a, 0x0d, 0x65, 0x6c, 0x65, 0x6d, 0x65, 0x6e, 0x74, 0x5f, 0x64, 0x74,
  0x79, 0x70, 0x65, 0x12, 0x02, 0x30, 0x01, 0x32, 0x65, 0x0a, 0x3e, 0x73,
  0x65, 0x71, 0x75, 0x65, 0x6e, 0x74, 0x69, 0x61, 0x6c, 0x5f, 0x31, 0x2f,
  0x6c, 0x73, 0x74, 0x6d, 0x5f, 0x31, 0x2f, 0x77, 0x68, 0x69, 0x6c, 0x65,
  0x2f, 0x54, 0x65, 0x6e, 0x73, 0x6f, 0x72, 0x41, 0x72, 0x72, 0x61, 0x79,
  0x56, 0x32, 0x57, 0x72, 0x69, 0x74, 0x65, 0x2f, 0x54, 0x65, 0x6e, 0x73,
  0x6f, 0x72, 0x4c, 0x69, 0x73, 0x74, 0x53, 0x65, 0x74, 0x49, 0x74, 0x65,
  0x6d, 0x12, 0x23, 0x73, 0x65, 0x71, 0x75, 0x65, 0x6e, 0x74, 0x69, 0x61,
  0x6c, 0x5f, 0x31, 0x5f, 0x6c, 0x73, 0x74, 0x6d, 0x5f, 0x31, 0x5f, 0x77,
  0x68, 0x69, 0x6c, 0x65, 0x5f, 0x62, 0x6f, 0x64, 0x79, 0x5f, 0x33, 0x39,
  0x34, 0x35, 0x00, 0x02, 0xcf, 0xbd, 0x14, 0x14, 0x04, 0x28, 0x01, 0x00,
  0x01, 0x00, 0x00, 0x00, 0x23, 0x00, 0x00, 0x00, 0x03, 0x00, 0x00, 0x00,
  0x02, 0x00, 0x00, 0x00, 0x01, 0x00, 0x00, 0x00, 0x22, 0x00, 0x00, 0x00,
  0xce, 0xd5, 0xff, 0xff, 0x0c, 0x00, 0x00, 0x00, 0x10, 0x00, 0x00, 0x00,
  0x04, 0x00, 0x00, 0x00, 0x01, 0x00, 0x00, 0x00, 0x22, 0x00, 0x00, 0x00,
  0x01, 0x00, 0x00, 0x00, 0x21, 0x00, 0x00, 0x00, 0xbe, 0xd5, 0xff, 0xff,
  0x14, 0x00, 0x00, 0x00, 0x00, 0x00, 0x00, 0x15, 0x10, 0x00, 0x00, 0x00,
  0x14, 0x00, 0x00, 0x00, 0x13, 0x00, 0x00, 0x00, 0xb8, 0xc2, 0xff, 0xff,
  0x01, 0x00, 0x00, 0x00, 0x21, 0x00, 0x00, 0x00, 0x02, 0x00, 0x00, 0x00,
  0x1b, 0x00, 0x00, 0x00, 0x20, 0x00, 0x00, 0x00, 0x1e, 0xd6, 0xff, 0xff,
  0x0c, 0x00, 0x00, 0x00, 0x10, 0x00, 0x00, 0x00, 0x14, 0x00, 0x00, 0x00,
  0x01, 0x00, 0x00, 0x00, 0x20, 0x00, 0x00, 0x00, 0x01, 0x00, 0x00, 0x00,
  0x1e, 0x00, 0x00, 0x00, 0x3e, 0xd6, 0xff, 0xff, 0x0c, 0x00, 0x00, 0x00,
  0x10, 0x00, 0x00, 0x00, 0x04, 0x00, 0x00, 0x00, 0x01, 0x00, 0x00, 0x00,
  0x1f, 0x00, 0x00, 0x00, 0x01, 0x00, 0x00, 0x00, 0x1e, 0x00, 0x00, 0x00,
  0x2e, 0xd6, 0xff, 0xff, 0x14, 0x00, 0x00, 0x00, 0x00, 0x00, 0x00, 0x0b,
  0x10, 0x00, 0x00, 0x00, 0x14, 0x00, 0x00, 0x00, 0x0f, 0x00, 0x00, 0x00,
  0x28, 0xc3, 0xff, 0xff, 0x01, 0x00, 0x00, 0x00, 0x1e, 0x00, 0x00, 0x00,
  0x02, 0x00, 0x00, 0x00, 0x1a, 0x00, 0x00, 0x00, 0x1d, 0x00, 0x00, 0x00,
  0x5e, 0xd6, 0xff, 0xff, 0x14, 0x00, 0x00, 0x00, 0x00, 0x00, 0x00, 0x15,
  0x10, 0x00, 0x00, 0x00, 0x14, 0x00, 0x00, 0x00, 0x13, 0x00, 0x00, 0x00,
  0x58, 0xc3, 0xff, 0xff, 0x01, 0x00, 0x00, 0x00, 0x1d, 0x00, 0x00, 0x00,
  0x02, 0x00, 0x00, 0x00, 0x18, 0x00, 0x00, 0x00, 0x1c, 0x00, 0x00, 0x00,
  0xbe, 0xd6, 0xff, 0xff, 0x0c, 0x00, 0x00, 0x00, 0x10, 0x00, 0x00, 0x00,
  0x14, 0x00, 0x00, 0x00, 0x01, 0x00, 0x00, 0x00, 0x1c, 0x00, 0x00, 0x00,
  0x01, 0x00, 0x00, 0x00, 0x16, 0x00, 0x00, 0x00, 0xde, 0xd6, 0xff, 0xff,
  0x0c, 0x00, 0x00, 0x00, 0x10, 0x00, 0x00, 0x00, 0x12, 0x00, 0x00, 0x00,
  0x01, 0x00, 0x00, 0x00, 0x1b, 0x00, 0x00, 0x00, 0x01, 0x00, 0x00, 0x00,
  0x17, 0x00, 0x00, 0x00, 0xce, 0xd6, 0xff, 0xff, 0x14, 0x00, 0x00, 0x00,
  0x00, 0x00, 0x00, 0x15, 0x10, 0x00, 0x00, 0x00, 0x14, 0x00, 0x00, 0x00,
  0x13, 0x00, 0x00, 0x00, 0xc8, 0xc3, 0xff, 0xff, 0x01, 0x00, 0x00, 0x00,
  0x1a, 0x00, 0x00, 0x00, 0x02, 0x00, 0x00, 0x00, 0x19, 0x00, 0x00, 0x00,
  0x0b, 0x00, 0x00, 0x00, 0x2e, 0xd7, 0xff, 0xff, 0x0c, 0x00, 0x00, 0x00,
  0x10, 0x00, 0x00, 0x00, 0x12, 0x00, 0x00, 0x00, 0x01, 0x00, 0x00, 0x00,
  0x19, 0x00, 0x00, 0x00, 0x01, 0x00, 0x00, 0x00, 0x15, 0x00, 0x00, 0x00,
  0x4e, 0xd7, 0xff, 0xff, 0x0c, 0x00, 0x00, 0x00, 0x10, 0x00, 0x00, 0x00,
  0x12, 0x00, 0x00, 0x00, 0x01, 0x00, 0x00, 0x00, 0x18, 0x00, 0x00, 0x00,
  0x01, 0x00, 0x00, 0x00, 0x14, 0x00, 0x00, 0x00, 0x3e, 0xd7, 0xff, 0xff,
  0x14, 0x00, 0x00, 0x00, 0x00, 0x00, 0x00, 0x23, 0x14, 0x00, 0x00, 0x00,
  0x24, 0x00, 0x00, 0x00, 0x11, 0x00, 0x00, 0x00, 0xca, 0xd7, 0xff, 0xff,
  0x04, 0x00, 0x00, 0x00, 0x04, 0x00, 0x00, 0x00, 0x14, 0x00, 0x00, 0x00,
  0x15, 0x00, 0x00, 0x00, 0x16, 0x00, 0x00, 0x00, 0x17, 0x00, 0x00, 0x00,
  0x02, 0x00, 0x00, 0x00, 0x06, 0x00, 0x00, 0x00, 0x13, 0x00, 0x00, 0x00,
  0x7e, 0xd7, 0xff, 0xff, 0x14, 0x00, 0x00, 0x00, 0x00, 0x00, 0x00, 0x0b,
  0x10, 0x00, 0x00, 0x00, 0x14, 0x00, 0x00, 0x00, 0x0f, 0x00, 0x00, 0x00,
  0x78, 0xc4, 0xff, 0xff, 0x01, 0x00, 0x00, 0x00, 0x13, 0x00, 0x00, 0x00,
  0x02, 0x00, 0x00, 0x00, 0x12, 0x00, 0x00, 0x00, 0x07, 0x00, 0x00, 0x00,
  0xae, 0xd7, 0xff, 0xff, 0x14, 0x00, 0x00, 0x00, 0x00, 0x00, 0x00, 0x0b,
  0x10, 0x00, 0x00, 0x00, 0x14, 0x00, 0x00, 0x00, 0x0f, 0x00, 0x00, 0x00,
  0xa8, 0xc4, 0xff, 0xff, 0x01, 0x00, 0x00, 0x00, 0x12, 0x00, 0x00, 0x00,
  0x02, 0x00, 0x00, 0x00, 0x11, 0x00, 0x00, 0x00, 0x0e, 0x00, 0x00, 0x00,
  0xde, 0xd7, 0xff, 0xff, 0x14, 0x00, 0x00, 0x00, 0x00, 0x00, 0x00, 0x08,
  0x10, 0x00, 0x00, 0x00, 0x14, 0x00, 0x00, 0x00, 0x0b, 0x00, 0x00, 0x00,
  0xd8, 0xc4, 0xff, 0xff, 0x01, 0x00, 0x00, 0x00, 0x11, 0x00, 0x00, 0x00,
  0x03, 0x00, 0x00, 0x00, 0x10, 0x00, 0x00, 0x00, 0x08, 0x00, 0x00, 0x00,
  0xff, 0xff, 0xff, 0xff, 0x12, 0xd8, 0xff, 0xff, 0x14, 0x00, 0x00, 0x00,
  0x00, 0x00, 0x00, 0x17, 0x10, 0x00, 0x00, 0x00, 0x14, 0x00, 0x00, 0x00,
  0x10, 0x00, 0x00, 0x00, 0x0c, 0xc5, 0xff, 0xff, 0x01, 0x00, 0x00, 0x00,
  0x10, 0x00, 0x00, 0x00, 0x02, 0x00, 0x00, 0x00, 0x0c, 0x00, 0x00, 0x00,
  0x01, 0x00, 0x00, 0x00, 0x42, 0xd8, 0xff, 0xff, 0x14, 0x00, 0x00, 0x00,
  0x00, 0x00, 0x00, 0x0b, 0x10, 0x00, 0x00, 0x00, 0x14, 0x00, 0x00, 0x00,
  0x0f, 0x00, 0x00, 0x00, 0x3c, 0xc5, 0xff, 0xff, 0x01, 0x00, 0x00, 0x00,
  0x0f, 0x00, 0x00, 0x00, 0x02, 0x00, 0x00, 0x00, 0x00, 0x00, 0x00, 0x00,
  0x06, 0x00, 0x00, 0x00, 0x72, 0xd8, 0xff, 0xff, 0x14, 0x00, 0x00, 0x00,
  0x00, 0x00, 0x00, 0x08, 0x10, 0x00, 0x00, 0x00, 0x14, 0x00, 0x00, 0x00,
  0x0b, 0x00, 0x00, 0x00, 0x6c, 0xc5, 0xff, 0xff, 0x01, 0x00, 0x00, 0x00,
  0x0e, 0x00, 0x00, 0x00, 0x03, 0x00, 0x00, 0x00, 0x0a, 0x00, 0x00, 0x00,
  0x09, 0x00, 0x00, 0x00, 0xff, 0xff, 0xff, 0xff, 0xa6, 0xd8, 0xff, 0xff,
  0x14, 0x00, 0x00, 0x00, 0x00, 0x00, 0x00, 0x0b, 0x10, 0x00, 0x00, 0x00,
  0x14, 0x00, 0x00, 0x00, 0x0f, 0x00, 0x00, 0x00, 0xa0, 0xc5, 0xff, 0xff,
  0x01, 0x00, 0x00, 0x00, 0x0d, 0x00, 0x00, 0x00, 0x02, 0x00, 0x00, 0x00,
  0x01, 0x00, 0x00, 0x00, 0x06, 0x00, 0x00, 0x00, 0x06, 0xd9, 0xff, 0xff,
  0x0c, 0x00, 0x00, 0x00, 0x10, 0x00, 0x00, 0x00, 0x09, 0x00, 0x00, 0x00,
  0x01, 0x00, 0x00, 0x00, 0x0c, 0x00, 0x00, 0x00, 0x01, 0x00, 0x00, 0x00,
  0x05, 0x00, 0x00, 0x00, 0x26, 0xd9, 0xff, 0xff, 0x0c, 0x00, 0x00, 0x00,
  0x10, 0x00, 0x00, 0x00, 0x09, 0x00, 0x00, 0x00, 0x01, 0x00, 0x00, 0x00,
  0x0b, 0x00, 0x00, 0x00, 0x01, 0x00, 0x00, 0x00, 0x04, 0x00, 0x00, 0x00,
  0x46, 0xd9, 0xff, 0xff, 0x0c, 0x00, 0x00, 0x00, 0x10, 0x00, 0x00, 0x00,
  0x09, 0x00, 0x00, 0x00, 0x01, 0x00, 0x00, 0x00, 0x0a, 0x00, 0x00, 0x00,
  0x01, 0x00, 0x00, 0x00, 0x03, 0x00, 0x00, 0x00, 0x06, 0x00, 0x00, 0x00,
  0x0f, 0x00, 0x00, 0x00, 0x0d, 0x00, 0x00, 0x00, 0x23, 0x00, 0x00, 0x00,
  0x22, 0x00, 0x00, 0x00, 0x1f, 0x00, 0x00, 0x00, 0x05, 0x00, 0x00, 0x00,
  0x06, 0x00, 0x00, 0x00, 0x00, 0x00, 0x00, 0x00, 0x01, 0x00, 0x00, 0x00,
  0x02, 0x00, 0x00, 0x00, 0x03, 0x00, 0x00, 0x00, 0x04, 0x00, 0x00, 0x00,
  0x05, 0x00, 0x00, 0x00, 0x24, 0x00, 0x00, 0x00, 0xb0, 0x1e, 0x00, 0x00,
  0x60, 0x1e, 0x00, 0x00, 0xec, 0x1d, 0x00, 0x00, 0x88, 0x1d, 0x00, 0x00,
  0x24, 0x1d, 0x00, 0x00, 0xb8, 0x1c, 0x00, 0x00, 0x7c, 0x1c, 0x00, 0x00,
  0x1c, 0x1c, 0x00, 0x00, 0xc0, 0x15, 0x00, 0x00, 0x64, 0x0f, 0x00, 0x00,
  0xf0, 0x0e, 0x00, 0x00, 0x7c, 0x0e, 0x00, 0x00, 0x04, 0x0e, 0x00, 0x00,
  0xb8, 0x0d, 0x00, 0x00, 0x28, 0x0d, 0x00, 0x00, 0xdc, 0x0c, 0x00, 0x00,
  0x38, 0x0c, 0x00, 0x00, 0xa4, 0x0b, 0x00, 0x00, 0x18, 0x0b, 0x00, 0x00,
  0x8c, 0x0a, 0x00, 0x00, 0x78, 0x09, 0x00, 0x00, 0x64, 0x08, 0x00, 0x00,
  0x50, 0x07, 0x00, 0x00, 0x3c, 0x06, 0x00, 0x00, 0xa8, 0x05, 0x00, 0x00,
  0x14, 0x05, 0x00, 0x00, 0x88, 0x04, 0x00, 0x00, 0xf4, 0x03, 0x00, 0x00,
  0x68, 0x03, 0x00, 0x00, 0xdc, 0x02, 0x00, 0x00, 0x50, 0x02, 0x00, 0x00,
  0x00, 0x02, 0x00, 0x00, 0x70, 0x01, 0x00, 0x00, 0xe4, 0x00, 0x00, 0x00,
  0x94, 0x00, 0x00, 0x00, 0x04, 0x00, 0x00, 0x00, 0xe4, 0xcc, 0xff, 0xff,
  0x1c, 0x00, 0x00, 0x00, 0x00, 0x00, 0x00, 0x01, 0x34, 0x00, 0x00, 0x00,
  0x34, 0x00, 0x00, 0x00, 0x51, 0x00, 0x00, 0x00, 0x00, 0x00, 0x00, 0x0e,
  0x6c, 0x00, 0x00, 0x00, 0x01, 0x00, 0x00, 0x00, 0x04, 0x00, 0x00, 0x00,
  0xca, 0xcc, 0xff, 0xff, 0x00, 0x00, 0x00, 0x01, 0x04, 0x00, 0x00, 0x00,
  0x02, 0x00, 0x00, 0x00, 0x00, 0x00, 0x00, 0x00, 0x20, 0x00, 0x00, 0x00,
  0x24, 0xc7, 0xff, 0xff, 0x3e, 0x00, 0x00, 0x00, 0x73, 0x65, 0x71, 0x75,
  0x65, 0x6e, 0x74, 0x69, 0x61, 0x6c, 0x5f, 0x31, 0x2f, 0x6c, 0x73, 0x74,
  0x6d, 0x5f, 0x31, 0x2f, 0x77, 0x68, 0x69, 0x6c, 0x65, 0x2f, 0x54, 0x65,
  0x6e, 0x73, 0x6f, 0x72, 0x41, 0x72, 0x72, 0x61, 0x79, 0x56, 0x32, 0x57,
  0x72, 0x69, 0x74, 0x65, 0x2f, 0x54, 0x65, 0x6e, 0x73, 0x6f, 0x72, 0x4c,
  0x69, 0x73, 0x74, 0x53, 0x65, 0x74, 0x49, 0x74, 0x65, 0x6d, 0x00, 0x00,
  0x00, 0x00, 0x00, 0x00, 0xba, 0xce, 0xff, 0xff, 0x00, 0x00, 0x00, 0x01,
  0x14, 0x00, 0x00, 0x00, 0x1c, 0x00, 0x00, 0x00, 0x1c, 0x00, 0x00, 0x00,
  0x50, 0x00, 0x00, 0x00, 0x28, 0x00, 0x00, 0x00, 0x02, 0x00, 0x00, 0x00,
  0xff, 0xff, 0xff, 0xff, 0x20, 0x00, 0x00, 0x00, 0x98, 0xc7, 0xff, 0xff,
  0x0f, 0x00, 0x00, 0x00, 0x74, 0x66, 0x6c, 0x2e, 0x64, 0x65, 0x71, 0x75,
  0x61, 0x6e, 0x74, 0x69, 0x7a, 0x65, 0x32, 0x00, 0x02, 0x00, 0x00, 0x00,
  0x01, 0x00, 0x00, 0x00, 0x20, 0x00, 0x00, 0x00, 0x96, 0xc7, 0xff, 0xff,
  0x00, 0x00, 0x00, 0x01, 0x18, 0x00, 0x00, 0x00, 0x20, 0x00, 0x00, 0x00,
  0x3c, 0x00, 0x00, 0x00, 0x4f, 0x00, 0x00, 0x00, 0x00, 0x00, 0x00, 0x09,
  0x60, 0x00, 0x00, 0x00, 0x02, 0x00, 0x00, 0x00, 0xff, 0xff, 0xff, 0xff,
  0x20, 0x00, 0x00, 0x00, 0x7c, 0xc7, 0xff, 0xff, 0x08, 0x00, 0x00, 0x00,
  0x10, 0x00, 0x00, 0x00, 0x01, 0x00, 0x00, 0x00, 0x13, 0x00, 0x00, 0x00,
  0x00, 0x00, 0x00, 0x00, 0x01, 0x00, 0x00, 0x00, 0x57, 0x43, 0x23, 0x3b,
  0x2b, 0x00, 0x00, 0x00, 0x73, 0x65, 0x71, 0x75, 0x65, 0x6e, 0x74, 0x69,
  0x61, 0x6c, 0x5f, 0x31, 0x2f, 0x6c, 0x73, 0x74, 0x6d, 0x5f, 0x31, 0x2f,
  0x77, 0x68, 0x69, 0x6c, 0x65, 0x2f, 0x6c, 0x73, 0x74, 0x6d, 0x5f, 0x63,
  0x65, 0x6c, 0x6c, 0x5f, 0x31, 0x2f, 0x6d, 0x75, 0x6c, 0x5f, 0x32, 0x00,
  0x02, 0x00, 0x00, 0x00, 0x01, 0x00, 0x00, 0x00, 0x20, 0x00, 0x00, 0x00,
  0x1e, 0xc8, 0xff, 0xff, 0x00, 0x00, 0x00, 0x01, 0x18, 0x00, 0x00, 0x00,
  0x20, 0x00, 0x00, 0x00, 0x3c, 0x00, 0x00, 0x00, 0x4e, 0x00, 0x00, 0x00,
  0x00, 0x00, 0x00, 0x09, 0x64, 0x00, 0x00, 0x00, 0x02, 0x00, 0x00, 0x00,
  0xff, 0xff, 0xff, 0xff, 0x20, 0x00, 0x00, 0x00, 0x04, 0xc8, 0xff, 0xff,
  0x08, 0x00, 0x00, 0x00, 0x10, 0x00, 0x00, 0x00, 0x01, 0x00, 0x00, 0x00,
  0x00, 0x00, 0x00, 0x00, 0x00, 0x00, 0x00, 0x00, 0x01, 0x00, 0x00, 0x00,
  0x00, 0x00, 0x00, 0x3c, 0x2c, 0x00, 0x00, 0x00, 0x73, 0x65, 0x71, 0x75,
  0x65, 0x6e, 0x74, 0x69, 0x61, 0x6c, 0x5f, 0x31, 0x2f, 0x6c, 0x73, 0x74,
  0x6d, 0x5f, 0x31, 0x2f, 0x77, 0x68, 0x69, 0x6c, 0x65, 0x2f, 0x6c, 0x73,
  0x74, 0x6d, 0x5f, 0x63, 0x65, 0x6c, 0x6c, 0x5f, 0x31, 0x2f, 0x54, 0x61,
  0x6e, 0x68, 0x5f, 0x31, 0x00, 0x00, 0x00, 0x00, 0x02, 0x00, 0x00, 0x00,
  0x01, 0x00, 0x00, 0x00, 0x20, 0x00, 0x00, 0x00, 0x1a, 0xd0, 0xff, 0xff,
  0x00, 0x00, 0x00, 0x01, 0x14, 0x00, 0x00, 0x00, 0x1c, 0x00, 0x00, 0x00,
  0x1c, 0x00, 0x00, 0x00, 0x4d, 0x00, 0x00, 0x00, 0x28, 0x00, 0x00, 0x00,
  0x02, 0x00, 0x00, 0x00, 0xff, 0xff, 0xff, 0xff, 0x20, 0x00, 0x00, 0x00,
  0xf8, 0xc8, 0xff, 0xff, 0x0f, 0x00, 0x00, 0x00, 0x74, 0x66, 0x6c, 0x2e,
  0x64, 0x65, 0x71, 0x75, 0x61, 0x6e, 0x74, 0x69, 0x7a, 0x65, 0x31, 0x00,
  0x02, 0x00, 0x00, 0x00, 0x01, 0x00, 0x00, 0x00, 0x20, 0x00, 0x00, 0x00,
  0xf6, 0xc8, 0xff, 0xff, 0x00, 0x00, 0x00, 0x01, 0x18, 0x00, 0x00, 0x00,
  0x20, 0x00, 0x00, 0x00, 0x3c, 0x00, 0x00, 0x00, 0x4c, 0x00, 0x00, 0x00,
  0x00, 0x00, 0x00, 0x09, 0x60, 0x00, 0x00, 0x00, 0x02, 0x00, 0x00, 0x00,
  0xff, 0xff, 0xff, 0xff, 0x20, 0x00, 0x00, 0x00, 0xdc, 0xc8, 0xff, 0xff,
  0x08, 0x00, 0x00, 0x00, 0x10, 0x00, 0x00, 0x00, 0x01, 0x00, 0x00, 0x00,
  0x13, 0x00, 0x00, 0x00, 0x00, 0x00, 0x00, 0x00, 0x01, 0x00, 0x00, 0x00,
  0xdc, 0x0f, 0x9a, 0x3b, 0x2b, 0x00, 0x00, 0x00, 0x73, 0x65, 0x71, 0x75,
  0x65, 0x6e, 0x74, 0x69, 0x61, 0x6c, 0x5f, 0x31, 0x2f, 0x6c, 0x73, 0x74,
  0x6d, 0x5f, 0x31, 0x2f, 0x77, 0x68, 0x69, 0x6c, 0x65, 0x2f, 0x6c, 0x73,
  0x74, 0x6d, 0x5f, 0x63, 0x65, 0x6c, 0x6c, 0x5f, 0x31, 0x2f, 0x61, 0x64,
  0x64, 0x5f, 0x32, 0x00, 0x02, 0x00, 0x00, 0x00, 0x01, 0x00, 0x00, 0x00,
  0x20, 0x00, 0x00, 0x00, 0x7e, 0xc9, 0xff, 0xff, 0x00, 0x00, 0x00, 0x01,
  0x18, 0x00, 0x00, 0x00, 0x20, 0x00, 0x00, 0x00, 0x3c, 0x00, 0x00, 0x00,
  0x4b, 0x00, 0x00, 0x00, 0x00, 0x00, 0x00, 0x09, 0x60, 0x00, 0x00, 0x00,
  0x02, 0x00, 0x00, 0x00, 0xff, 0xff, 0xff, 0xff, 0x20, 0x00, 0x00, 0x00,
  0x64, 0xc9, 0xff, 0xff, 0x08, 0x00, 0x00, 0x00, 0x10, 0x00, 0x00, 0x00,
  0x01, 0x00, 0x00, 0x00, 0x0f, 0x00, 0x00, 0x00, 0x00, 0x00, 0x00, 0x00,
  0x01, 0x00, 0x00, 0x00, 0xd5, 0xfb, 0x69, 0x3b, 0x2b, 0x00, 0x00, 0x00,
  0x73, 0x65, 0x71, 0x75, 0x65, 0x6e, 0x74, 0x69, 0x61, 0x6c, 0x5f, 0x31,
  0x2f, 0x6c, 0x73, 0x74, 0x6d, 0x5f, 0x31, 0x2f, 0x77, 0x68, 0x69, 0x6c,
  0x65, 0x2f, 0x6c, 0x73, 0x74, 0x6d, 0x5f, 0x63, 0x65, 0x6c, 0x6c, 0x5f,
  0x31, 0x2f, 0x6d, 0x75, 0x6c, 0x5f, 0x31, 0x00, 0x02, 0x00, 0x00, 0x00,
  0x01, 0x00, 0x00, 0x00, 0x20, 0x00, 0x00, 0x00, 0x06, 0xca, 0xff, 0xff,
  0x00, 0x00, 0x00, 0x01, 0x18, 0x00, 0x00, 0x00, 0x20, 0x00, 0x00, 0x00,
  0x3c, 0x00, 0x00, 0x00, 0x4a, 0x00, 0x00, 0x00, 0x00, 0x00, 0x00, 0x09,
  0x60, 0x00, 0x00, 0x00, 0x02, 0x00, 0x00, 0x00, 0xff, 0xff, 0xff, 0xff,
  0x20, 0x00, 0x00, 0x00, 0xec, 0xc9, 0xff, 0xff, 0x08, 0x00, 0x00, 0x00,
  0x10, 0x00, 0x00, 0x00, 0x01, 0x00, 0x00, 0x00, 0x00, 0x00, 0x00, 0x00,
  0x00, 0x00, 0x00, 0x00, 0x01, 0x00, 0x00, 0x00, 0x00, 0x00, 0x00, 0x3c,
  0x2a, 0x00, 0x00, 0x00, 0x73, 0x65, 0x71, 0x75, 0x65, 0x6e, 0x74, 0x69,
  0x61, 0x6c, 0x5f, 0x31, 0x2f, 0x6c, 0x73, 0x74, 0x6d, 0x5f, 0x31, 0x2f,
  0x77, 0x68, 0x69, 0x6c, 0x65, 0x2f, 0x6c, 0x73, 0x74, 0x6d, 0x5f, 0x63,
  0x65, 0x6c, 0x6c, 0x5f, 0x31, 0x2f, 0x54, 0x61, 0x6e, 0x68, 0x00, 0x00,
  0x02, 0x00, 0x00, 0x00, 0x01, 0x00, 0x00, 0x00, 0x20, 0x00, 0x00, 0x00,
  0x8e, 0xca, 0xff, 0xff, 0x00, 0x00, 0x00, 0x01, 0x18, 0x00, 0x00, 0x00,
  0x20, 0x00, 0x00, 0x00, 0x40, 0x00, 0x00, 0x00, 0x49, 0x00, 0x00, 0x00,
  0x00, 0x00, 0x00, 0x09, 0x68, 0x00, 0x00, 0x00, 0x02, 0x00, 0x00, 0x00,
  0xff, 0xff, 0xff, 0xff, 0x20, 0x00, 0x00, 0x00, 0x74, 0xca, 0xff, 0xff,
  0x08, 0x00, 0x00, 0x00, 0x14, 0x00, 0x00, 0x00, 0x01, 0x00, 0x00, 0x00,
  0x80, 0xff, 0xff, 0xff, 0xff, 0xff, 0xff, 0xff, 0x00, 0x00, 0x00, 0x00,
  0x01, 0x00, 0x00, 0x00, 0x00, 0x00, 0x80, 0x3b, 0x2f, 0x00, 0x00, 0x00,
  0x73, 0x65, 0x71, 0x75, 0x65, 0x6e, 0x74, 0x69, 0x61, 0x6c, 0x5f, 0x31,
  0x2f, 0x6c, 0x73, 0x74, 0x6d, 0x5f, 0x31, 0x2f, 0x77, 0x68, 0x69, 0x6c,
  0x65, 0x2f, 0x6c, 0x73, 0x74, 0x6d, 0x5f, 0x63, 0x65, 0x6c, 0x6c, 0x5f,
  0x31, 0x2f, 0x53, 0x69, 0x67, 0x6d, 0x6f, 0x69, 0x64, 0x5f, 0x32, 0x00,
  0x02, 0x00, 0x00, 0x00, 0x01, 0x00, 0x00, 0x00, 0x20, 0x00, 0x00, 0x00,
  0x1e, 0xcb, 0xff, 0xff, 0x00, 0x00, 0x00, 0x01, 0x18, 0x00, 0x00, 0x00,
  0x20, 0x00, 0x00, 0x00, 0x3c, 0x00, 0x00, 0x00, 0x48, 0x00, 0x00, 0x00,
  0x00, 0x00, 0x00, 0x09, 0x60, 0x00, 0x00, 0x00, 0x02, 0x00, 0x00, 0x00,
  0xff, 0xff, 0xff, 0xff, 0x20, 0x00, 0x00, 0x00, 0x04, 0xcb, 0xff, 0xff,
  0x08, 0x00, 0x00, 0x00, 0x10, 0x00, 0x00, 0x00, 0x01, 0x00, 0x00, 0x00,
  0x10, 0x00, 0x00, 0x00, 0x00, 0x00, 0x00, 0x00, 0x01, 0x00, 0x00, 0x00,
  0x3b, 0xd3, 0x5b, 0x3b, 0x29, 0x00, 0x00, 0x00, 0x73, 0x65, 0x71, 0x75,
  0x65, 0x6e, 0x74, 0x69, 0x61, 0x6c, 0x5f, 0x31, 0x2f, 0x6c, 0x73, 0x74,
  0x6d, 0x5f, 0x31, 0x2f, 0x77, 0x68, 0x69, 0x6c, 0x65, 0x2f, 0x6c, 0x73,
  0x74, 0x6d, 0x5f, 0x63, 0x65, 0x6c, 0x6c, 0x5f, 0x31, 0x2f, 0x6d, 0x75,
  0x6c, 0x00, 0x00, 0x00, 0x02, 0x00, 0x00, 0x00, 0x01, 0x00, 0x00, 0x00,
  0x20, 0x00, 0x00, 0x00, 0xa6, 0xcb, 0xff, 0xff, 0x00, 0x00, 0x00, 0x01,
  0x18, 0x00, 0x00, 0x00, 0x20, 0x00, 0x00, 0x00, 0x40, 0x00, 0x00, 0x00,
  0x47, 0x00, 0x00, 0x00, 0x00, 0x00, 0x00, 0x09, 0x68, 0x00, 0x00, 0x00,
  0x02, 0x00, 0x00, 0x00, 0xff, 0xff, 0xff, 0xff, 0x20, 0x00, 0x00, 0x00,
  0x8c, 0xcb, 0xff, 0xff, 0x08, 0x00, 0x00, 0x00, 0x14, 0x00, 0x00, 0x00,
  0x01, 0x00, 0x00, 0x00, 0x80, 0xff, 0xff, 0xff, 0xff, 0xff, 0xff, 0xff,
  0x00, 0x00, 0x00, 0x00, 0x01, 0x00, 0x00, 0x00, 0x00, 0x00, 0x80, 0x3b,
  0x2f, 0x00, 0x00, 0x00, 0x73, 0x65, 0x71, 0x75, 0x65, 0x6e, 0x74, 0x69,
  0x61, 0x6c, 0x5f, 0x31, 0x2f, 0x6c, 0x73, 0x74, 0x6d, 0x5f, 0x31, 0x2f,
  0x77, 0x68, 0x69, 0x6c, 0x65, 0x2f, 0x6c, 0x73, 0x74, 0x6d, 0x5f, 0x63,
  0x65, 0x6c, 0x6c, 0x5f, 0x31, 0x2f, 0x53, 0x69, 0x67, 0x6d, 0x6f, 0x69,
  0x64, 0x5f, 0x31, 0x00, 0x02, 0x00, 0x00, 0x00, 0x01, 0x00, 0x00, 0x00,
  0x20, 0x00, 0x00, 0x00, 0x36, 0xcc, 0xff, 0xff, 0x00, 0x00, 0x00, 0x01,
  0x18, 0x00, 0x00, 0x00, 0x20, 0x00, 0x00, 0x00, 0x40, 0x00, 0x00, 0x00,
  0x46, 0x00, 0x00, 0x00, 0x00, 0x00, 0x00, 0x09, 0x68, 0x00, 0x00, 0x00,
  0x02, 0x00, 0x00, 0x00, 0xff, 0xff, 0xff, 0xff, 0x20, 0x00, 0x00, 0x00,
  0x1c, 0xcc, 0xff, 0xff, 0x08, 0x00, 0x00, 0x00, 0x14, 0x00, 0x00, 0x00,
  0x01, 0x00, 0x00, 0x00, 0x80, 0xff, 0xff, 0xff, 0xff, 0xff, 0xff, 0xff,
  0x00, 0x00, 0x00, 0x00, 0x01, 0x00, 0x00, 0x00, 0x00, 0x00, 0x80, 0x3b,
  0x2d, 0x00, 0x00, 0x00, 0x73, 0x65, 0x71, 0x75, 0x65, 0x6e, 0x74, 0x69,
  0x61, 0x6c, 0x5f, 0x31, 0x2f, 0x6c, 0x73, 0x74, 0x6d, 0x5f, 0x31, 0x2f,
  0x77, 0x68, 0x69, 0x6c, 0x65, 0x2f, 0x6c, 0x73, 0x74, 0x6d, 0x5f, 0x63,
  0x65, 0x6c, 0x6c, 0x5f, 0x31, 0x2f, 0x53, 0x69, 0x67, 0x6d, 0x6f, 0x69,
  0x64, 0x00, 0x00, 0x00, 0x02, 0x00, 0x00, 0x00, 0x01, 0x00, 0x00, 0x00,
  0x20, 0x00, 0x00, 0x00, 0xc6, 0xcc, 0xff, 0xff, 0x00, 0x00, 0x00, 0x01,
  0x18, 0x00, 0x00, 0x00, 0x20, 0x00, 0x00, 0x00, 0x3c, 0x00, 0x00, 0x00,
  0x45, 0x00, 0x00, 0x00, 0x00, 0x00, 0x00, 0x09, 0xe8, 0x00, 0x00, 0x00,
  0x02, 0x00, 0x00, 0x00, 0xff, 0xff, 0xff, 0xff, 0x20, 0x00, 0x00, 0x00,
  0xac, 0xcc, 0xff, 0xff, 0x08, 0x00, 0x00, 0x00, 0x10, 0x00, 0x00, 0x00,
  0x01, 0x00, 0x00, 0x00, 0xd6, 0xff, 0xff, 0xff, 0xff, 0xff, 0xff, 0xff,
  0x01, 0x00, 0x00, 0x00, 0x1a, 0xc2, 0x48, 0x3c, 0xb3, 0x00, 0x00, 0x00,
  0x73, 0x65, 0x71, 0x75, 0x65, 0x6e, 0x74, 0x69, 0x61, 0x6c, 0x5f, 0x31,
  0x2f, 0x6c, 0x73, 0x74, 0x6d, 0x5f, 0x31, 0x2f, 0x77, 0x68, 0x69, 0x6c,
  0x65, 0x2f, 0x6c, 0x73, 0x74, 0x6d, 0x5f, 0x63, 0x65, 0x6c, 0x6c, 0x5f,
  0x31, 0x2f, 0x73, 0x70, 0x6c, 0x69, 0x74, 0x3b, 0x73, 0x65, 0x71, 0x75,
  0x65, 0x6e, 0x74, 0x69, 0x61, 0x6c, 0x5f, 0x31, 0x2f, 0x6c, 0x73, 0x74,
  0x6d, 0x5f, 0x31, 0x2f, 0x77, 0x68, 0x69, 0x6c, 0x65, 0x2f, 0x6c, 0x73,
  0x74, 0x6d, 0x5f, 0x63, 0x65, 0x6c, 0x6c, 0x5f, 0x31, 0x2f, 0x73, 0x70,
  0x6c, 0x69, 0x74, 0x31, 0x3b, 0x73, 0x65, 0x71, 0x75, 0x65, 0x6e, 0x74,
  0x69, 0x61, 0x6c, 0x5f, 0x31, 0x2f, 0x6c, 0x73, 0x74, 0x6d, 0x5f, 0x31,
  0x2f, 0x77, 0x68, 0x69, 0x6c, 0x65, 0x2f, 0x6c, 0x73, 0x74, 0x6d, 0x5f,
  0x63, 0x65, 0x6c, 0x6c, 0x5f, 0x31, 0x2f, 0x73, 0x70, 0x6c, 0x69, 0x74,
  0x32, 0x3b, 0x73, 0x65, 0x71, 0x75, 0x65, 0x6e, 0x74, 0x69, 0x61, 0x6c,
  0x5f, 0x31, 0x2f, 0x6c, 0x73, 0x74, 0x6d, 0x5f, 0x31, 0x2f, 0x77, 0x68,
  0x69, 0x6c, 0x65, 0x2f, 0x6c, 0x73, 0x74, 0x6d, 0x5f, 0x63, 0x65, 0x6c,
  0x6c, 0x5f, 0x31, 0x2f, 0x73, 0x70, 0x6c, 0x69, 0x74, 0x33, 0x33, 0x00,
  0x02, 0x00, 0x00, 0x00, 0x01, 0x00, 0x00, 0x00, 0x20, 0x00, 0x00, 0x00,
  0xd6, 0xcd, 0xff, 0xff, 0x00, 0x00, 0x00, 0x01, 0x18, 0x00, 0x00, 0x00,
  0x20, 0x00, 0x00, 0x00, 0x3c, 0x00, 0x00, 0x00, 0x44, 0x00, 0x00, 0x00,
  0x00, 0x00, 0x00, 0x09, 0xe8, 0x00, 0x00, 0x00, 0x02, 0x00, 0x00, 0x00,
  0xff, 0xff, 0xff, 0xff, 0x20, 0x00, 0x00, 0x00, 0xbc, 0xcd, 0xff, 0xff,
  0x08, 0x00, 0x00, 0x00, 0x10, 0x00, 0x00, 0x00, 0x01, 0x00, 0x00, 0x00,
  0xd6, 0xff, 0xff, 0xff, 0xff, 0xff, 0xff, 0xff, 0x01, 0x00, 0x00, 0x00,
  0x1a, 0xc2, 0x48, 0x3c, 0xb3, 0x00, 0x00, 0x00, 0x73, 0x65, 0x71, 0x75,
  0x65, 0x6e, 0x74, 0x69, 0x61, 0x6c, 0x5f, 0x31, 0x2f, 0x6c, 0x73, 0x74,
  0x6d, 0x5f, 0x31, 0x2f, 0x77, 0x68, 0x69, 0x6c, 0x65, 0x2f, 0x6c, 0x73,
  0x74, 0x6d, 0x5f, 0x63, 0x65, 0x6c, 0x6c, 0x5f, 0x31, 0x2f, 0x73, 0x70,
  0x6c, 0x69, 0x74, 0x3b, 0x73, 0x65, 0x71, 0x75, 0x65, 0x6e, 0x74, 0x69,
  0x61, 0x6c, 0x5f, 0x31, 0x2f, 0x6c, 0x73, 0x74, 0x6d, 0x5f, 0x31, 0x2f,
  0x77, 0x68, 0x69, 0x6c, 0x65, 0x2f, 0x6c, 0x73, 0x74, 0x6d, 0x5f, 0x63,
  0x65, 0x6c, 0x6c, 0x5f, 0x31, 0x2f, 0x73, 0x70, 0x6c, 0x69, 0x74, 0x31,
  0x3b, 0x73, 0x65, 0x71, 0x75, 0x65, 0x6e, 0x74, 0x69, 0x61, 0x6c, 0x5f,
  0x31, 0x2f, 0x6c, 0x73, 0x74, 0x6d, 0x5f, 0x31, 0x2f, 0x77, 0x68, 0x69,
  0x6c, 0x65, 0x2f, 0x6c, 0x73, 0x74, 0x6d, 0x5f, 0x63, 0x65, 0x6c, 0x6c,
  0x5f, 0x31, 0x2f, 0x73, 0x70, 0x6c, 0x69, 0x74, 0x32, 0x3b, 0x73, 0x65,
  0x71, 0x75, 0x65, 0x6e, 0x74, 0x69, 0x61, 0x6c, 0x5f, 0x31, 0x2f, 0x6c,
  0x73, 0x74, 0x6d, 0x5f, 0x31, 0x2f, 0x77, 0x68, 0x69, 0x6c, 0x65, 0x2f,
  0x6c, 0x73, 0x74, 0x6d, 0x5f, 0x63, 0x65, 0x6c, 0x6c, 0x5f, 0x31, 0x2f,
  0x73, 0x70, 0x6c, 0x69, 0x74, 0x33, 0x32, 0x00, 0x02, 0x00, 0x00, 0x00,
  0x01, 0x00, 0x00, 0x00, 0x20, 0x00, 0x00, 0x00, 0xe6, 0xce, 0xff, 0xff,
  0x00, 0x00, 0x00, 0x01, 0x18, 0x00, 0x00, 0x00, 0x20, 0x00, 0x00, 0x00,
  0x3c, 0x00, 0x00, 0x00, 0x43, 0x00, 0x00, 0x00, 0x00, 0x00, 0x00, 0x09,
  0xe8, 0x00, 0x00, 0x00, 0x02, 0x00, 0x00, 0x00, 0xff, 0xff, 0xff, 0xff,
  0x20, 0x00, 0x00, 0x00, 0xcc, 0xce, 0xff, 0xff, 0x08, 0x00, 0x00, 0x00,
  0x10, 0x00, 0x00, 0x00, 0x01, 0x00, 0x00, 0x00, 0xd6, 0xff, 0xff, 0xff,
  0xff, 0xff, 0xff, 0xff, 0x01, 0x00, 0x00, 0x00, 0x1a, 0xc2, 0x48, 0x3c,
  0xb3, 0x00, 0x00, 0x00, 0x73, 0x65, 0x71, 0x75, 0x65, 0x6e, 0x74, 0x69,
  0x61, 0x6c, 0x5f, 0x31, 0x2f, 0x6c, 0x73, 0x74, 0x6d, 0x5f, 0x31, 0x2f,
  0x77, 0x68, 0x69, 0x6c, 0x65, 0x2f, 0x6c, 0x73, 0x74, 0x6d, 0x5f, 0x63,
  0x65, 0x6c, 0x6c, 0x5f, 0x31, 0x2f, 0x73, 0x70, 0x6c, 0x69, 0x74, 0x3b,
  0x73, 0x65, 0x71, 0x75, 0x65, 0x6e, 0x74, 0x69, 0x61, 0x6c, 0x5f, 0x31,
  0x2f, 0x6c, 0x73, 0x74, 0x6d, 0x5f, 0x31, 0x2f, 0x77, 0x68, 0x69, 0x6c,
  0x65, 0x2f, 0x6c, 0x73, 0x74, 0x6d, 0x5f, 0x63, 0x65, 0x6c, 0x6c, 0x5f,
  0x31, 0x2f, 0x73, 0x70, 0x6c, 0x69, 0x74, 0x31, 0x3b, 0x73, 0x65, 0x71,
  0x75, 0x65, 0x6e, 0x74, 0x69, 0x61, 0x6c, 0x5f, 0x31, 0x2f, 0x6c, 0x73,
  0x74, 0x6d, 0x5f, 0x31, 0x2f, 0x77, 0x68, 0x69, 0x6c, 0x65, 0x2f, 0x6c,
  0x73, 0x74, 0x6d, 0x5f, 0x63, 0x65, 0x6c, 0x6c, 0x5f, 0x31, 0x2f, 0x73,
  0x70, 0x6c, 0x69, 0x74, 0x32, 0x3b, 0x73, 0x65, 0x71, 0x75, 0x65, 0x6e,
  0x74, 0x69, 0x61, 0x6c, 0x5f, 0x31, 0x2f, 0x6c, 0x73, 0x74, 0x6d, 0x5f,
  0x31, 0x2f, 0x77, 0x68, 0x69, 0x6c, 0x65, 0x2f, 0x6c, 0x73, 0x74, 0x6d,
  0x5f, 0x63, 0x65, 0x6c, 0x6c, 0x5f, 0x31, 0x2f, 0x73, 0x70, 0x6c, 0x69,
  0x74, 0x33, 0x31, 0x00, 0x02, 0x00, 0x00, 0x00, 0x01, 0x00, 0x00, 0x00,
  0x20, 0x00, 0x00, 0x00, 0xf6, 0xcf, 0xff, 0xff, 0x00, 0x00, 0x00, 0x01,
  0x18, 0x00, 0x00, 0x00, 0x20, 0x00, 0x00, 0x00, 0x3c, 0x00, 0x00, 0x00,
  0x42, 0x00, 0x00, 0x00, 0x00, 0x00, 0x00, 0x09, 0xe8, 0x00, 0x00, 0x00,
  0x02, 0x00, 0x00, 0x00, 0xff, 0xff, 0xff, 0xff, 0x20, 0x00, 0x00, 0x00,
  0xdc, 0xcf, 0xff, 0xff, 0x08, 0x00, 0x00, 0x00, 0x10, 0x00, 0x00, 0x00,
  0x01, 0x00, 0x00, 0x00, 0xd6, 0xff, 0xff, 0xff, 0xff, 0xff, 0xff, 0xff,
  0x01, 0x00, 0x00, 0x00, 0x1a, 0xc2, 0x48, 0x3c, 0xb2, 0x00, 0x00, 0x00,
  0x73, 0x65, 0x71, 0x75, 0x65, 0x6e, 0x74, 0x69, 0x61, 0x6c, 0x5f, 0x31,
  0x2f, 0x6c, 0x73, 0x74, 0x6d, 0x5f, 0x31, 0x2f, 0x77, 0x68, 0x69, 0x6c,
  0x65, 0x2f, 0x6c, 0x73, 0x74, 0x6d, 0x5f, 0x63, 0x65, 0x6c, 0x6c, 0x5f,
  0x31, 0x2f, 0x73, 0x70, 0x6c, 0x69, 0x74, 0x3b, 0x73, 0x65, 0x71, 0x75,
  0x65, 0x6e, 0x74, 0x69, 0x61, 0x6c, 0x5f, 0x31, 0x2f, 0x6c, 0x73, 0x74,
  0x6d, 0x5f, 0x31, 0x2f, 0x77, 0x68, 0x69, 0x6c, 0x65, 0x2f, 0x6c, 0x73,
  0x74, 0x6d, 0x5f, 0x63, 0x65, 0x6c, 0x6c, 0x5f, 0x31, 0x2f, 0x73, 0x70,
  0x6c, 0x69, 0x74, 0x31, 0x3b, 0x73, 0x65, 0x71, 0x75, 0x65, 0x6e, 0x74,
  0x69, 0x61, 0x6c, 0x5f, 0x31, 0x2f, 0x6c, 0x73, 0x74, 0x6d, 0x5f, 0x31,
  0x2f, 0x77, 0x68, 0x69, 0x6c, 0x65, 0x2f, 0x6c, 0x73, 0x74, 0x6d, 0x5f,
  0x63, 0x65, 0x6c, 0x6c, 0x5f, 0x31, 0x2f, 0x73, 0x70, 0x6c, 0x69, 0x74,
  0x32, 0x3b, 0x73, 0x65, 0x71, 0x75, 0x65, 0x6e, 0x74, 0x69, 0x61, 0x6c,
  0x5f, 0x31, 0x2f, 0x6c, 0x73, 0x74, 0x6d, 0x5f, 0x31, 0x2f, 0x77, 0x68,
  0x69, 0x6c, 0x65, 0x2f, 0x6c, 0x73, 0x74, 0x6d, 0x5f, 0x63, 0x65, 0x6c,
  0x6c, 0x5f, 0x31, 0x2f, 0x73, 0x70, 0x6c, 0x69, 0x74, 0x33, 0x00, 0x00,
  0x02, 0x00, 0x00, 0x00, 0x01, 0x00, 0x00, 0x00, 0x20, 0x00, 0x00, 0x00,
  0x06, 0xd1, 0xff, 0xff, 0x00, 0x00, 0x00, 0x01, 0x18, 0x00, 0x00, 0x00,
  0x20, 0x00, 0x00, 0x00, 0x3c, 0x00, 0x00, 0x00, 0x41, 0x00, 0x00, 0x00,
  0x00, 0x00, 0x00, 0x09, 0x60, 0x00, 0x00, 0x00, 0x02, 0x00, 0x00, 0x00,
  0xff, 0xff, 0xff, 0xff, 0x80, 0x00, 0x00, 0x00, 0xec, 0xd0, 0xff, 0xff,
  0x08, 0x00, 0x00, 0x00, 0x10, 0x00, 0x00, 0x00, 0x01, 0x00, 0x00, 0x00,
  0xd6, 0xff, 0xff, 0xff, 0xff, 0xff, 0xff, 0xff, 0x01, 0x00, 0x00, 0x00,
  0x1a, 0xc2, 0x48, 0x3c, 0x2b, 0x00, 0x00, 0x00, 0x73, 0x65, 0x71, 0x75,
  0x65, 0x6e, 0x74, 0x69, 0x61, 0x6c, 0x5f, 0x31, 0x2f, 0x6c, 0x73, 0x74,
  0x6d, 0x5f, 0x31, 0x2f, 0x77, 0x68, 0x69, 0x6c, 0x65, 0x2f, 0x6c, 0x73,
  0x74, 0x6d, 0x5f, 0x63, 0x65, 0x6c, 0x6c, 0x5f, 0x31, 0x2f, 0x61, 0x64,
  0x64, 0x5f, 0x31, 0x00, 0x02, 0x00, 0x00, 0x00, 0x01, 0x00, 0x00, 0x00,
  0x80, 0x00, 0x00, 0x00, 0x8e, 0xd1, 0xff, 0xff, 0x00, 0x00, 0x00, 0x01,
  0x18, 0x00, 0x00, 0x00, 0x20, 0x00, 0x00, 0x00, 0x3c, 0x00, 0x00, 0x00,
  0x40, 0x00, 0x00, 0x00, 0x00, 0x00, 0x00, 0x09, 0x60, 0x00, 0x00, 0x00,
  0x02, 0x00, 0x00, 0x00, 0xff, 0xff, 0xff, 0xff, 0x80, 0x00, 0x00, 0x00,
  0x74, 0xd1, 0xff, 0xff, 0x08, 0x00, 0x00, 0x00, 0x10, 0x00, 0x00, 0x00,
  0x01, 0x00, 0x00, 0x00, 0xd7, 0xff, 0xff, 0xff, 0xff, 0xff, 0xff, 0xff,
  0x01, 0x00, 0x00, 0x00, 0xcb, 0x4a, 0x49, 0x3c, 0x29, 0x00, 0x00, 0x00,
  0x73, 0x65, 0x71, 0x75, 0x65, 0x6e, 0x74, 0x69, 0x61, 0x6c, 0x5f, 0x31,
  0x2f, 0x6c, 0x73, 0x74, 0x6d, 0x5f, 0x31, 0x2f, 0x77, 0x68, 0x69, 0x6c,
  0x65, 0x2f, 0x6c, 0x73, 0x74, 0x6d, 0x5f, 0x63, 0x65, 0x6c, 0x6c, 0x5f,
  0x31, 0x2f, 0x61, 0x64, 0x64, 0x00, 0x00, 0x00, 0x02, 0x00, 0x00, 0x00,
  0x01, 0x00, 0x00, 0x00, 0x80, 0x00, 0x00, 0x00, 0x16, 0xd2, 0xff, 0xff,
  0x00, 0x00, 0x00, 0x01, 0x18, 0x00, 0x00, 0x00, 0x20, 0x00, 0x00, 0x00,
  0x40, 0x00, 0x00, 0x00, 0x3f, 0x00, 0x00, 0x00, 0x00, 0x00, 0x00, 0x09,
  0x68, 0x00, 0x00, 0x00, 0x02, 0x00, 0x00, 0x00, 0xff, 0xff, 0xff, 0xff,
  0x80, 0x00, 0x00, 0x00, 0xfc, 0xd1, 0xff, 0xff, 0x08, 0x00, 0x00, 0x00,
  0x14, 0x00, 0x00, 0x00, 0x01, 0x00, 0x00, 0x00, 0xff, 0xff, 0xff, 0xff,
  0xff, 0xff, 0xff, 0xff, 0x00, 0x00, 0x00, 0x00, 0x01, 0x00, 0x00, 0x00,
  0xc9, 0xf2, 0x09, 0x3c, 0x2c, 0x00, 0x00, 0x00, 0x73, 0x65, 0x71, 0x75,
  0x65, 0x6e, 0x74, 0x69, 0x61, 0x6c, 0x5f, 0x31, 0x2f, 0x6c, 0x73, 0x74,
  0x6d, 0x5f, 0x31, 0x2f, 0x77, 0x68, 0x69, 0x6c, 0x65, 0x2f, 0x6c, 0x73,
  0x74, 0x6d, 0x5f, 0x63, 0x65, 0x6c, 0x6c, 0x5f, 0x31, 0x2f, 0x4d, 0x61,
  0x74, 0x4d, 0x75, 0x6c, 0x00, 0x00, 0x00, 0x00, 0x02, 0x00, 0x00, 0x00,
  0x01, 0x00, 0x00, 0x00, 0x80, 0x00, 0x00, 0x00, 0xa6, 0xd2, 0xff, 0xff,
  0x00, 0x00, 0x00, 0x01, 0x18, 0x00, 0x00, 0x00, 0x20, 0x00, 0x00, 0x00,
  0x40, 0x00, 0x00, 0x00, 0x3e, 0x00, 0x00, 0x00, 0x00, 0x00, 0x00, 0x09,
  0x78, 0x00, 0x00, 0x00, 0x02, 0x00, 0x00, 0x00, 0xff, 0xff, 0xff, 0xff,
  0x03, 0x00, 0x00, 0x00, 0x8c, 0xd2, 0xff, 0xff, 0x08, 0x00, 0x00, 0x00,
  0x14, 0x00, 0x00, 0x00, 0x01, 0x00, 0x00, 0x00, 0x0f, 0x00, 0x00, 0x00,
  0x00, 0x00, 0x00, 0x00, 0x00, 0x00, 0x00, 0x00, 0x01, 0x00, 0x00, 0x00,
  0x12, 0x97, 0x02, 0x3d, 0x3d, 0x00, 0x00, 0x00, 0x73, 0x65, 0x71, 0x75,
  0x65, 0x6e, 0x74, 0x69, 0x61, 0x6c, 0x5f, 0x31, 0x2f, 0x6c, 0x73, 0x74,
  0x6d, 0x5f, 0x31, 0x2f, 0x77, 0x68, 0x69, 0x6c, 0x65, 0x2f, 0x54, 0x65,
  0x6e, 0x73, 0x6f, 0x72, 0x41, 0x72, 0x72, 0x61, 0x79, 0x56, 0x32, 0x52,
  0x65, 0x61, 0x64, 0x2f, 0x54, 0x65, 0x6e, 0x73, 0x6f, 0x72, 0x4c, 0x69,
  0x73, 0x74, 0x47, 0x65, 0x74, 0x49, 0x74, 0x65, 0x6d, 0x00, 0x00, 0x00,
  0x02, 0x00, 0x00, 0x00, 0x01, 0x00, 0x00, 0x00, 0x03, 0x00, 0x00, 0x00,
  0x9e, 0xd3, 0xff, 0xff, 0x00, 0x00, 0x00, 0x01, 0x14, 0x00, 0x00, 0x00,
  0x14, 0x00, 0x00, 0x00, 0x3d, 0x00, 0x00, 0x00, 0x00, 0x00, 0x00, 0x02,
  0x2c, 0x00, 0x00, 0x00, 0x88, 0xd3, 0xff, 0xff, 0x1f, 0x00, 0x00, 0x00,
  0x73, 0x65, 0x71, 0x75, 0x65, 0x6e, 0x74, 0x69, 0x61, 0x6c, 0x5f, 0x31,
  0x2f, 0x6c, 0x73, 0x74, 0x6d, 0x5f, 0x31, 0x2f, 0x77, 0x68, 0x69, 0x6c,
  0x65, 0x2f, 0x61, 0x64, 0x64, 0x5f, 0x31, 0x00, 0x00, 0x00, 0x00, 0x00,
  0x8e, 0xd3, 0xff, 0xff, 0x00, 0x00, 0x00, 0x01, 0x18, 0x00, 0x00, 0x00,
  0x20, 0x00, 0x00, 0x00, 0x3c, 0x00, 0x00, 0x00, 0x3c, 0x00, 0x00, 0x00,
  0x00, 0x00, 0x00, 0x09, 0x64, 0x00, 0x00, 0x00, 0x02, 0x00, 0x00, 0x00,
  0xff, 0xff, 0xff, 0xff, 0x80, 0x00, 0x00, 0x00, 0x74, 0xd3, 0xff, 0xff,
  0x08, 0x00, 0x00, 0x00, 0x10, 0x00, 0x00, 0x00, 0x01, 0x00, 0x00, 0x00,
  0xf1, 0xff, 0xff, 0xff, 0xff, 0xff, 0xff, 0xff, 0x01, 0x00, 0x00, 0x00,
  0x1c, 0x9b, 0xfe, 0x3a, 0x2e, 0x00, 0x00, 0x00, 0x73, 0x65, 0x71, 0x75,
  0x65, 0x6e, 0x74, 0x69, 0x61, 0x6c, 0x5f, 0x31, 0x2f, 0x6c, 0x73, 0x74,
  0x6d, 0x5f, 0x31, 0x2f, 0x77, 0x68, 0x69, 0x6c, 0x65, 0x2f, 0x6c, 0x73,
  0x74, 0x6d, 0x5f, 0x63, 0x65, 0x6c, 0x6c, 0x5f, 0x31, 0x2f, 0x4d, 0x61,
  0x74, 0x4d, 0x75, 0x6c, 0x5f, 0x31, 0x00, 0x00, 0x02, 0x00, 0x00, 0x00,
  0x01, 0x00, 0x00, 0x00, 0x80, 0x00, 0x00, 0x00, 0x72, 0xd4, 0xff, 0xff,
  0x00, 0x00, 0x00, 0x01, 0x14, 0x00, 0x00, 0x00, 0x14, 0x00, 0x00, 0x00,
  0x3b, 0x00, 0x00, 0x00, 0x00, 0x00, 0x00, 0x02, 0x2c, 0x00, 0x00, 0x00,
  0x5c, 0xd4, 0xff, 0xff, 0x1d, 0x00, 0x00, 0x00, 0x73, 0x65, 0x71, 0x75,
  0x65, 0x6e, 0x74, 0x69, 0x61, 0x6c, 0x5f, 0x31, 0x2f, 0x6c, 0x73, 0x74,
  0x6d, 0x5f, 0x31, 0x2f, 0x77, 0x68, 0x69, 0x6c, 0x65, 0x2f, 0x61, 0x64,
  0x64, 0x00, 0x00, 0x00, 0x00, 0x00, 0x00, 0x00, 0x62, 0xd4, 0xff, 0xff,
  0x00, 0x00, 0x00, 0x01, 0x18, 0x00, 0x00, 0x00, 0x24, 0x00, 0x00, 0x00,
  0x40, 0x00, 0x00, 0x00, 0x3a, 0x00, 0x00, 0x00, 0x00, 0x00, 0x00, 0x09,
  0x48, 0x00, 0x00, 0x00, 0x03, 0x00, 0x00, 0x00, 0x03, 0x00, 0x00, 0x00,
  0xff, 0xff, 0xff, 0xff, 0x03, 0x00, 0x00, 0x00, 0x4c, 0xd4, 0xff, 0xff,
  0x08, 0x00, 0x00, 0x00, 0x10, 0x00, 0x00, 0x00, 0x01, 0x00, 0x00, 0x00,
  0x0f, 0x00, 0x00, 0x00, 0x00, 0x00, 0x00, 0x00, 0x01, 0x00, 0x00, 0x00,
  0x12, 0x97, 0x02, 0x3d, 0x0d, 0x00, 0x00, 0x00, 0x74, 0x66, 0x6c, 0x2e,
  0x71, 0x75, 0x61, 0x6e, 0x74, 0x69, 0x7a, 0x65, 0x33, 0x00, 0x00, 0x00,
  0x03, 0x00, 0x00, 0x00, 0x03, 0x00, 0x00, 0x00, 0x01, 0x00, 0x00, 0x00,
  0x03, 0x00, 0x00, 0x00, 0xd6, 0xd4, 0xff, 0xff, 0x00, 0x00, 0x00, 0x01,
  0x18, 0x00, 0x00, 0x00, 0x20, 0x00, 0x00, 0x00, 0x40, 0x00, 0x00, 0x00,
  0x39, 0x00, 0x00, 0x00, 0x00, 0x00, 0x00, 0x09, 0x48, 0x00, 0x00, 0x00,
  0x02, 0x00, 0x00, 0x00, 0xff, 0xff, 0xff, 0xff, 0x20, 0x00, 0x00, 0x00,
  0xbc, 0xd4, 0xff, 0xff, 0x08, 0x00, 0x00, 0x00, 0x14, 0x00, 0x00, 0x00,
  0x01, 0x00, 0x00, 0x00, 0x17, 0x00, 0x00, 0x00, 0x00, 0x00, 0x00, 0x00,
  0x00, 0x00, 0x00, 0x00, 0x01, 0x00, 0x00, 0x00, 0x62, 0x41, 0x96, 0x3b,
  0x0d, 0x00, 0x00, 0x00, 0x74, 0x66, 0x6c, 0x2e, 0x71, 0x75, 0x61, 0x6e,
  0x74, 0x69, 0x7a, 0x65, 0x32, 0x00, 0x00, 0x00, 0x02, 0x00, 0x00, 0x00,
  0x01, 0x00, 0x00, 0x00, 0x20, 0x00, 0x00, 0x00, 0x46, 0xd5, 0xff, 0xff,
  0x00, 0x00, 0x00, 0x01, 0x18, 0x00, 0x00, 0x00, 0x20, 0x00, 0x00, 0x00,
  0x40, 0x00, 0x00, 0x00, 0x38, 0x00, 0x00, 0x00, 0x00, 0x00, 0x00, 0x09,
  0x48, 0x00, 0x00, 0x00, 0x02, 0x00, 0x00, 0x00, 0xff, 0xff, 0xff, 0xff,
  0x20, 0x00, 0x00, 0x00, 0x2c, 0xd5, 0xff, 0xff, 0x08, 0x00, 0x00, 0x00,
  0x14, 0x00, 0x00, 0x00, 0x01, 0x00, 0x00, 0x00, 0x13, 0x00, 0x00, 0x00,
  0x00, 0x00, 0x00, 0x00, 0x00, 0x00, 0x00, 0x00, 0x01, 0x00, 0x00, 0x00,
  0x57, 0x43, 0x23, 0x3b, 0x0d, 0x00, 0x00, 0x00, 0x74, 0x66, 0x6c, 0x2e,
  0x71, 0x75, 0x61, 0x6e, 0x74, 0x69, 0x7a, 0x65, 0x31, 0x00, 0x00, 0x00,
  0x02, 0x00, 0x00, 0x00, 0x01, 0x00, 0x00, 0x00, 0x20, 0x00, 0x00, 0x00,
  0x0e, 0xd6, 0xff, 0xff, 0x00, 0x00, 0x00, 0x01, 0x14, 0x00, 0x00, 0x00,
  0x28, 0x06, 0x00, 0x00, 0x37, 0x00, 0x00, 0x00, 0x00, 0x00, 0x00, 0x09,
  0x34, 0x06, 0x00, 0x00, 0x8c, 0xd5, 0xff, 0xff, 0x08, 0x00, 0x00, 0x00,
  0x0c, 0x04, 0x00, 0x00, 0x80, 0x00, 0x00, 0x00, 0x00, 0x00, 0x00, 0x00,
  0x00, 0x00, 0x00, 0x00, 0x00, 0x00, 0x00, 0x00, 0x00, 0x00, 0x00, 0x00,
  0x00, 0x00, 0x00, 0x00, 0x00, 0x00, 0x00, 0x00, 0x00, 0x00, 0x00, 0x00,
  0x00, 0x00, 0x00, 0x00, 0x00, 0x00, 0x00, 0x00, 0x00, 0x00, 0x00, 0x00,
  0x00, 0x00, 0x00, 0x00, 0x00, 0x00, 0x00, 0x00, 0x00, 0x00, 0x00, 0x00,
  0x00, 0x00, 0x00, 0x00, 0x00, 0x00, 0x00, 0x00, 0x00, 0x00, 0x00, 0x00,
  0x00, 0x00, 0x00, 0x00, 0x00, 0x00, 0x00, 0x00, 0x00, 0x00, 0x00, 0x00,
  0x00, 0x00, 0x00, 0x00, 0x00, 0x00, 0x00, 0x00, 0x00, 0x00, 0x00, 0x00,
  0x00, 0x00, 0x00, 0x00, 0x00, 0x00, 0x00, 0x00, 0x00, 0x00, 0x00, 0x00,
  0x00, 0x00, 0x00, 0x00, 0x00, 0x00, 0x00, 0x00, 0x00, 0x00, 0x00, 0x00,
  0x00, 0x00, 0x00, 0x00, 0x00, 0x00, 0x00, 0x00, 0x00, 0x00, 0x00, 0x00,
  0x00, 0x00, 0x00, 0x00, 0x00, 0x00, 0x00, 0x00, 0x00, 0x00, 0x00, 0x00,
  0x00, 0x00, 0x00, 0x00, 0x00, 0x00, 0x00, 0x00, 0x00, 0x00, 0x00, 0x00,
  0x00, 0x00, 0x00, 0x00, 0x00, 0x00, 0x00, 0x00, 0x00, 0x00, 0x00, 0x00,
  0x00, 0x00, 0x00, 0x00, 0x00, 0x00, 0x00, 0x00, 0x00, 0x00, 0x00, 0x00,
  0x00, 0x00, 0x00, 0x00, 0x00, 0x00, 0x00, 0x00, 0x00, 0x00, 0x00, 0x00,
  0x00, 0x00, 0x00, 0x00, 0x00, 0x00, 0x00, 0x00, 0x00, 0x00, 0x00, 0x00,
  0x00, 0x00, 0x00, 0x00, 0x00, 0x00, 0x00, 0x00, 0x00, 0x00, 0x00, 0x00,
  0x00, 0x00, 0x00, 0x00, 0x00, 0x00, 0x00, 0x00, 0x00, 0x00, 0x00, 0x00,
  0x00, 0x00, 0x00, 0x00, 0x00, 0x00, 0x00, 0x00, 0x00, 0x00, 0x00, 0x00,
  0x00, 0x00, 0x00, 0x00, 0x00, 0x00, 0x00, 0x00, 0x00, 0x00, 0x00, 0x00,
  0x00, 0x00, 0x00, 0x00, 0x00, 0x00, 0x00, 0x00, 0x00, 0x00, 0x00, 0x00,
  0x00, 0x00, 0x00, 0x00, 0x00, 0x00, 0x00, 0x00, 0x00, 0x00, 0x00, 0x00,
  0x00, 0x00, 0x00, 0x00, 0x00, 0x00, 0x00, 0x00, 0x00, 0x00, 0x00, 0x00,
  0x00, 0x00, 0x00, 0x00, 0x00, 0x00, 0x00, 0x00, 0x00, 0x00, 0x00, 0x00,
  0x00, 0x00, 0x00, 0x00, 0x00, 0x00, 0x00, 0x00, 0x00, 0x00, 0x00, 0x00,
  0x00, 0x00, 0x00, 0x00, 0x00, 0x00, 0x00, 0x00, 0x00, 0x00, 0x00, 0x00,
  0x00, 0x00, 0x00, 0x00, 0x00, 0x00, 0x00, 0x00, 0x00, 0x00, 0x00, 0x00,
  0x00, 0x00, 0x00, 0x00, 0x00, 0x00, 0x00, 0x00, 0x00, 0x00, 0x00, 0x00,
  0x00, 0x00, 0x00, 0x00, 0x00, 0x00, 0x00, 0x00, 0x00, 0x00, 0x00, 0x00,
  0x00, 0x00, 0x00, 0x00, 0x00, 0x00, 0x00, 0x00, 0x00, 0x00, 0x00, 0x00,
  0x00, 0x00, 0x00, 0x00, 0x00, 0x00, 0x00, 0x00, 0x00, 0x00, 0x00, 0x00,
  0x00, 0x00, 0x00, 0x00, 0x00, 0x00, 0x00, 0x00, 0x00, 0x00, 0x00, 0x00,
  0x00, 0x00, 0x00, 0x00, 0x00, 0x00, 0x00, 0x00, 0x00, 0x00, 0x00, 0x00,
  0x00, 0x00, 0x00, 0x00, 0x00, 0x00, 0x00, 0x00, 0x00, 0x00, 0x00, 0x00,
  0x00, 0x00, 0x00, 0x00, 0x00, 0x00, 0x00, 0x00, 0x00, 0x00, 0x00, 0x00,
  0x00, 0x00, 0x00, 0x00, 0x00, 0x00, 0x00, 0x00, 0x00, 0x00, 0x00, 0x00,
  0x00, 0x00, 0x00, 0x00, 0x00, 0x00, 0x00, 0x00, 0x00, 0x00, 0x00, 0x00,
  0x00, 0x00, 0x00, 0x00, 0x00, 0x00, 0x00, 0x00, 0x00, 0x00, 0x00, 0x00,
  0x00, 0x00, 0x00, 0x00, 0x00, 0x00, 0x00, 0x00, 0x00, 0x00, 0x00, 0x00,
  0x00, 0x00, 0x00, 0x00, 0x00, 0x00, 0x00, 0x00, 0x00, 0x00, 0x00, 0x00,
  0x00, 0x00, 0x00, 0x00, 0x00, 0x00, 0x00, 0x00, 0x00, 0x00, 0x00, 0x00,
  0x00, 0x00, 0x00, 0x00, 0x00, 0x00, 0x00, 0x00, 0x00, 0x00, 0x00, 0x00,
  0x00, 0x00, 0x00, 0x00, 0x00, 0x00, 0x00, 0x00, 0x00, 0x00, 0x00, 0x00,
  0x00, 0x00, 0x00, 0x00, 0x00, 0x00, 0x00, 0x00, 0x00, 0x00, 0x00, 0x00,
  0x00, 0x00, 0x00, 0x00, 0x00, 0x00, 0x00, 0x00, 0x00, 0x00, 0x00, 0x00,
  0x00, 0x00, 0x00, 0x00, 0x00, 0x00, 0x00, 0x00, 0x00, 0x00, 0x00, 0x00,
  0x00, 0x00, 0x00, 0x00, 0x00, 0x00, 0x00, 0x00, 0x00, 0x00, 0x00, 0x00,
  0x00, 0x00, 0x00, 0x00, 0x00, 0x00, 0x00, 0x00, 0x00, 0x00, 0x00, 0x00,
  0x00, 0x00, 0x00, 0x00, 0x00, 0x00, 0x00, 0x00, 0x00, 0x00, 0x00, 0x00,
  0x00, 0x00, 0x00, 0x00, 0x00, 0x00, 0x00, 0x00, 0x00, 0x00, 0x00, 0x00,
  0x00, 0x00, 0x00, 0x00, 0x00, 0x00, 0x00, 0x00, 0x00, 0x00, 0x00, 0x00,
  0x00, 0x00, 0x00, 0x00, 0x00, 0x00, 0x00, 0x00, 0x00, 0x00, 0x00, 0x00,
  0x00, 0x00, 0x00, 0x00, 0x00, 0x00, 0x00, 0x00, 0x00, 0x00, 0x00, 0x00,
  0x00, 0x00, 0x00, 0x00, 0x00, 0x00, 0x00, 0x00, 0x00, 0x00, 0x00, 0x00,
  0x00, 0x00, 0x00, 0x00, 0x00, 0x00, 0x00, 0x00, 0x00, 0x00, 0x00, 0x00,
  0x00, 0x00, 0x00, 0x00, 0x00, 0x00, 0x00, 0x00, 0x00, 0x00, 0x00, 0x00,
  0x00, 0x00, 0x00, 0x00, 0x00, 0x00, 0x00, 0x00, 0x00, 0x00, 0x00, 0x00,
  0x00, 0x00, 0x00, 0x00, 0x00, 0x00, 0x00, 0x00, 0x00, 0x00, 0x00, 0x00,
  0x00, 0x00, 0x00, 0x00, 0x00, 0x00, 0x00, 0x00, 0x00, 0x00, 0x00, 0x00,
  0x00, 0x00, 0x00, 0x00, 0x00, 0x00, 0x00, 0x00, 0x00, 0x00, 0x00, 0x00,
  0x00, 0x00, 0x00, 0x00, 0x00, 0x00, 0x00, 0x00, 0x00, 0x00, 0x00, 0x00,
  0x00, 0x00, 0x00, 0x00, 0x00, 0x00, 0x00, 0x00, 0x00, 0x00, 0x00, 0x00,
  0x00, 0x00, 0x00, 0x00, 0x00, 0x00, 0x00, 0x00, 0x00, 0x00, 0x00, 0x00,
  0x00, 0x00, 0x00, 0x00, 0x00, 0x00, 0x00, 0x00, 0x00, 0x00, 0x00, 0x00,
  0x00, 0x00, 0x00, 0x00, 0x00, 0x00, 0x00, 0x00, 0x00, 0x00, 0x00, 0x00,
  0x00, 0x00, 0x00, 0x00, 0x00, 0x00, 0x00, 0x00, 0x00, 0x00, 0x00, 0x00,
  0x00, 0x00, 0x00, 0x00, 0x00, 0x00, 0x00, 0x00, 0x00, 0x00, 0x00, 0x00,
  0x00, 0x00, 0x00, 0x00, 0x00, 0x00, 0x00, 0x00, 0x00, 0x00, 0x00, 0x00,
  0x00, 0x00, 0x00, 0x00, 0x00, 0x00, 0x00, 0x00, 0x00, 0x00, 0x00, 0x00,
  0x00, 0x00, 0x00, 0x00, 0x00, 0x00, 0x00, 0x00, 0x00, 0x00, 0x00, 0x00,
  0x00, 0x00, 0x00, 0x00, 0x00, 0x00, 0x00, 0x00, 0x00, 0x00, 0x00, 0x00,
  0x00, 0x00, 0x00, 0x00, 0x00, 0x00, 0x00, 0x00, 0x00, 0x00, 0x00, 0x00,
  0x00, 0x00, 0x00, 0x00, 0x00, 0x00, 0x00, 0x00, 0x00, 0x00, 0x00, 0x00,
  0x00, 0x00, 0x00, 0x00, 0x00, 0x00, 0x00, 0x00, 0x00, 0x00, 0x00, 0x00,
  0x00, 0x00, 0x00, 0x00, 0x00, 0x00, 0x00, 0x00, 0x00, 0x00, 0x00, 0x00,
  0x00, 0x00, 0x00, 0x00, 0x00, 0x00, 0x00, 0x00, 0x00, 0x00, 0x00, 0x00,
  0x00, 0x00, 0x00, 0x00, 0x00, 0x00, 0x00, 0x00, 0x00, 0x00, 0x00, 0x00,
  0x00, 0x00, 0x00, 0x00, 0x00, 0x00, 0x00, 0x00, 0x00, 0x00, 0x00, 0x00,
  0x00, 0x00, 0x00, 0x00, 0x00, 0x00, 0x00, 0x00, 0x00, 0x00, 0x00, 0x00,
  0x00, 0x00, 0x00, 0x00, 0x00, 0x00, 0x00, 0x00, 0x00, 0x00, 0x00, 0x00,
  0x00, 0x00, 0x00, 0x00, 0x00, 0x00, 0x00, 0x00, 0x00, 0x00, 0x00, 0x00,
  0x00, 0x00, 0x00, 0x00, 0x00, 0x00, 0x00, 0x00, 0x00, 0x00, 0x00, 0x00,
  0x00, 0x00, 0x00, 0x00, 0x00, 0x00, 0x00, 0x00, 0x00, 0x00, 0x00, 0x00,
  0x00, 0x00, 0x00, 0x00, 0x00, 0x00, 0x00, 0x00, 0x00, 0x00, 0x00, 0x00,
  0x00, 0x00, 0x00, 0x00, 0x00, 0x00, 0x00, 0x00, 0x00, 0x00, 0x00, 0x00,
  0x00, 0x00, 0x00, 0x00, 0x80, 0x00, 0x00, 0x00, 0x3d, 0xd1, 0x92, 0x3a,
  0xe5, 0x07, 0xcf, 0x3a, 0xd5, 0xc8, 0x00, 0x3b, 0x7d, 0xc1, 0xd6, 0x3a,
  0xb6, 0xeb, 0xa7, 0x3a, 0x1a, 0x97, 0xd5, 0x3a, 0xec, 0x67, 0xe6, 0x3a,
  0x7e, 0xc7, 0xb8, 0x3a, 0xd8, 0x39, 0xf4, 0x3a, 0xba, 0x6c, 0xcc, 0x3a,
  0x43, 0x80, 0x01, 0x3b, 0x55, 0x14, 0xd0, 0x3a, 0x71, 0xd5, 0xd2, 0x3a,
  0xba, 0xd8, 0xb8, 0x3a, 0x76, 0xc3, 0x11, 0x3b, 0x6b, 0x49, 0xd6, 0x3a,
  0xf2, 0x5c, 0xba, 0x3a, 0xb9, 0x48, 0x06, 0x3b, 0xab, 0x38, 0xe3, 0x3a,
  0x26, 0x6c, 0x04, 0x3b, 0xac, 0x3e, 0x0d, 0x3b, 0xa6, 0xbd, 0xd3, 0x3a,
  0xd9, 0xea, 0x22, 0x3b, 0xa8, 0xc7, 0xa9, 0x3a, 0x60, 0x71, 0x8f, 0x3a,
  0x3f, 0x94, 0xef, 0x3a, 0x3f, 0xac, 0xff, 0x3a, 0x71, 0x4d, 0xa5, 0x3a,
  0x31, 0xe6, 0xac, 0x3a, 0x95, 0xf2, 0xe3, 0x3a, 0x22, 0xf8, 0xcc, 0x3a,
  0xdb, 0xf3, 0x0b, 0x3b, 0x78, 0xd1, 0xa3, 0x3a, 0x04, 0x23, 0xcd, 0x3a,
  0x72, 0x99, 0xdc, 0x3a, 0x21, 0xc8, 0x97, 0x3a, 0x17, 0x2f, 0xaa, 0x3a,
  0x1f, 0x8b, 0xc2, 0x3a, 0x3d, 0x09, 0x1f, 0x3b, 0x38, 0xae, 0xcc, 0x3a,
  0xfd, 0xa5, 0xd6, 0x3a, 0x83, 0x23, 0x99, 0x3a, 0xaf, 0x45, 0xe3, 0x3a,
  0x8b, 0x6a, 0xdb, 0x3a, 0x5a, 0x06, 0xb2, 0x3a, 0x04, 0x0a, 0xc5, 0x3a,
  0x28, 0x22, 0xf3, 0x3a, 0xd1, 0x05, 0xaf, 0x3a, 0xb8, 0x21, 0xfe, 0x3a,
  0x0d, 0x6e, 0xf6, 0x3a, 0x93, 0xb8, 0xda, 0x3a, 0xb7, 0x0c, 0xac, 0x3a,
  0x57, 0x5f, 0xed, 0x3a, 0xe8, 0x60, 0xea, 0x3a, 0xf1, 0x01, 0xa8, 0x3a,
  0x2e, 0xef, 0x1a, 0x3b, 0xc5, 0xb2, 0x99, 0x3a, 0x73, 0xd4, 0xf5, 0x3a,
  0x56, 0x1f, 0xf9, 0x3a, 0xe6, 0x85, 0x95, 0x3a, 0x84, 0x07, 0xbc, 0x3a,
  0x67, 0xb9, 0xc3, 0x3a, 0x74, 0xda, 0xeb, 0x3a, 0xd4, 0xa0, 0xc2, 0x3a,
  0x22, 0xfc, 0xa3, 0x3a, 0xb7, 0x26, 0xe4, 0x3a, 0xd6, 0x6e, 0xbb, 0x3a,
  0xfd, 0x8a, 0xa6, 0x3a, 0xc1, 0xd5, 0x10, 0x3b, 0x69, 0x6e, 0xdc, 0x3a,
  0x61, 0x58, 0xea, 0x3a, 0x8e, 0x28, 0xcc, 0x3a, 0x15, 0xb6, 0x24, 0x3b,
  0x7b, 0x81, 0xba, 0x3a, 0xab, 0xdf, 0xc1, 0x3a, 0xfb, 0xd0, 0xe3, 0x3a,
  0x64, 0xae, 0xbe, 0x3a, 0xac, 0x44, 0xba, 0x3a, 0x28, 0x1c, 0xd7, 0x3a,
  0x83, 0x69, 0xad, 0x3a, 0x65, 0x37, 0xe9, 0x3a, 0x24, 0xea, 0x17, 0x3b,
  0x70, 0x85, 0x19, 0x3b, 0x38, 0x2a, 0xbf, 0x3a, 0x2f, 0xd3, 0xaa, 0x3a,
  0xd7, 0xea, 0xaf, 0x3a, 0xdc, 0x11, 0x2b, 0x3b, 0xc4, 0xe0, 0x83, 0x3a,
  0x52, 0x40, 0xf0, 0x3a, 0x45, 0x4a, 0x94, 0x3a, 0xd7, 0xe4, 0xec, 0x3a,
  0xba, 0xf7, 0x00, 0x3b, 0xef, 0xc9, 0xee, 0x3a, 0xd8, 0x8b, 0x1e, 0x3b,
  0x18, 0x01, 0xe8, 0x3a, 0xa3, 0x9b, 0xbb, 0x3a, 0x73, 0x9c, 0xee, 0x3a,
  0xf6, 0xdf, 0x07, 0x3b, 0xc9, 0xb7, 0xe4, 0x3a, 0x4f, 0x44, 0xed, 0x3a,
  0x15, 0xf6, 0xb4, 0x3a, 0xa4, 0x1e, 0xe8, 0x3a, 0x7f, 0x11, 0xdb, 0x3a,
  0x88, 0xad, 0xc9, 0x3a, 0xea, 0x11, 0x37, 0x3b, 0xe9, 0x2c, 0x01, 0x3b,
  0x66, 0x75, 0x26, 0x3b, 0x4c, 0x9b, 0xd3, 0x3a, 0xd5, 0x36, 0xc7, 0x3a,
  0x4a, 0xdf, 0xca, 0x3a, 0xa2, 0xf2, 0xaf, 0x3a, 0x39, 0x5d, 0x0d, 0x3b,
  0x48, 0x5f, 0xb1, 0x3a, 0xcd, 0xc0, 0xc0, 0x3a, 0xd0, 0xea, 0xc2, 0x3a,
  0xe3, 0xa3, 0xea, 0x3a, 0xb6, 0xad, 0xd7, 0x3a, 0xdd, 0xf6, 0xb2, 0x3a,
  0x38, 0x49, 0xd7, 0x3a, 0x59, 0xdb, 0xbf, 0x3a, 0xdf, 0x11, 0xf3, 0x3a,
  0x2e, 0xf4, 0xdc, 0x3a, 0x88, 0xc8, 0x9d, 0x3a, 0x11, 0xe9, 0x9f, 0x3a,
  0xea, 0xe4, 0xe9, 0x3a, 0xbd, 0xc5, 0xb3, 0x3a, 0x5d, 0xd9, 0x00, 0x3b,
  0xfd, 0xf8, 0xf5, 0x3a, 0x12, 0x00, 0x00, 0x00, 0x74, 0x66, 0x6c, 0x2e,
  0x70, 0x73, 0x65, 0x75, 0x64, 0x6f, 0x5f, 0x71, 0x63, 0x6f, 0x6e, 0x73,
  0x74, 0x37, 0x00, 0x00, 0x02, 0x00, 0x00, 0x00, 0x80, 0x00, 0x00, 0x00,
  0x20, 0x00, 0x00, 0x00, 0x66, 0xdc, 0xff, 0xff, 0x00, 0x00, 0x00, 0x01,
  0x14, 0x00, 0x00, 0x00, 0x28, 0x06, 0x00, 0x00, 0x36, 0x00, 0x00, 0x00,
  0x00, 0x00, 0x00, 0x09, 0x34, 0x06, 0x00, 0x00, 0xe4, 0xdb, 0xff, 0xff,
  0x08, 0x00, 0x00, 0x00, 0x0c, 0x04, 0x00, 0x00, 0x80, 0x00, 0x00, 0x00,
  0x00, 0x00, 0x00, 0x00, 0x00, 0x00, 0x00, 0x00, 0x00, 0x00, 0x00, 0x00,
  0x00, 0x00, 0x00, 0x00, 0x00, 0x00, 0x00, 0x00, 0x00, 0x00, 0x00, 0x00,
  0x00, 0x00, 0x00, 0x00, 0x00, 0x00, 0x00, 0x00, 0x00, 0x00, 0x00, 0x00,
  0x00, 0x00, 0x00, 0x00, 0x00, 0x00, 0x00, 0x00, 0x00, 0x00, 0x00, 0x00,
  0x00, 0x00, 0x00, 0x00, 0x00, 0x00, 0x00, 0x00, 0x00, 0x00, 0x00, 0x00,
  0x00, 0x00, 0x00, 0x00, 0x00, 0x00, 0x00, 0x00, 0x00, 0x00, 0x00, 0x00,
  0x00, 0x00, 0x00, 0x00, 0x00, 0x00, 0x00, 0x00, 0x00, 0x00, 0x00, 0x00,
  0x00, 0x00, 0x00, 0x00, 0x00, 0x00, 0x00, 0x00, 0x00, 0x00, 0x00, 0x00,
  0x00, 0x00, 0x00, 0x00, 0x00, 0x00, 0x00, 0x00, 0x00, 0x00, 0x00, 0x00,
  0x00, 0x00, 0x00, 0x00, 0x00, 0x00, 0x00, 0x00, 0x00, 0x00, 0x00, 0x00,
  0x00, 0x00, 0x00, 0x00, 0x00, 0x00, 0x00, 0x00, 0x00, 0x00, 0x00, 0x00,
  0x00, 0x00, 0x00, 0x00, 0x00, 0x00, 0x00, 0x00, 0x00, 0x00, 0x00, 0x00,
  0x00, 0x00, 0x00, 0x00, 0x00, 0x00, 0x00, 0x00, 0x00, 0x00, 0x00, 0x00,
  0x00, 0x00, 0x00, 0x00, 0x00, 0x00, 0x00, 0x00, 0x00, 0x00, 0x00, 0x00,
  0x00, 0x00, 0x00, 0x00, 0x00, 0x00, 0x00, 0x00, 0x00, 0x00, 0x00, 0x00,
  0x00, 0x00, 0x00, 0x00, 0x00, 0x00, 0x00, 0x00, 0x00, 0x00, 0x00, 0x00,
  0x00, 0x00, 0x00, 0x00, 0x00, 0x00, 0x00, 0x00, 0x00, 0x00, 0x00, 0x00,
  0x00, 0x00, 0x00, 0x00, 0x00, 0x00, 0x00, 0x00, 0x00, 0x00, 0x00, 0x00,
  0x00, 0x00, 0x00, 0x00, 0x00, 0x00, 0x00, 0x00, 0x00, 0x00, 0x00, 0x00,
  0x00, 0x00, 0x00, 0x00, 0x00, 0x00, 0x00, 0x00, 0x00, 0x00, 0x00, 0x00,
  0x00, 0x00, 0x00, 0x00, 0x00, 0x00, 0x00, 0x00, 0x00, 0x00, 0x00, 0x00,
  0x00, 0x00, 0x00, 0x00, 0x00, 0x00, 0x00, 0x00, 0x00, 0x00, 0x00, 0x00,
  0x00, 0x00, 0x00, 0x00, 0x00, 0x00, 0x00, 0x00, 0x00, 0x00, 0x00, 0x00,
  0x00, 0x00, 0x00, 0x00, 0x00, 0x00, 0x00, 0x00, 0x00, 0x00, 0x00, 0x00,
  0x00, 0x00, 0x00, 0x00, 0x00, 0x00, 0x00, 0x00, 0x00, 0x00, 0x00, 0x00,
  0x00, 0x00, 0x00, 0x00, 0x00, 0x00, 0x00, 0x00, 0x00, 0x00, 0x00, 0x00,
  0x00, 0x00, 0x00, 0x00, 0x00, 0x00, 0x00, 0x00, 0x00, 0x00, 0x00, 0x00,
  0x00, 0x00, 0x00, 0x00, 0x00, 0x00, 0x00, 0x00, 0x00, 0x00, 0x00, 0x00,
  0x00, 0x00, 0x00, 0x00, 0x00, 0x00, 0x00, 0x00, 0x00, 0x00, 0x00, 0x00,
  0x00, 0x00, 0x00, 0x00, 0x00, 0x00, 0x00, 0x00, 0x00, 0x00, 0x00, 0x00,
  0x00, 0x00, 0x00, 0x00, 0x00, 0x00, 0x00, 0x00, 0x00, 0x00, 0x00, 0x00,
  0x00, 0x00, 0x00, 0x00, 0x00, 0x00, 0x00, 0x00, 0x00, 0x00, 0x00, 0x00,
  0x00, 0x00, 0x00, 0x00, 0x00, 0x00, 0x00, 0x00, 0x00, 0x00, 0x00, 0x00,
  0x00, 0x00, 0x00, 0x00, 0x00, 0x00, 0x00, 0x00, 0x00, 0x00, 0x00, 0x00,
  0x00, 0x00, 0x00, 0x00, 0x00, 0x00, 0x00, 0x00, 0x00, 0x00, 0x00, 0x00,
  0x00, 0x00, 0x00, 0x00, 0x00, 0x00, 0x00, 0x00, 0x00, 0x00, 0x00, 0x00,
  0x00, 0x00, 0x00, 0x00, 0x00, 0x00, 0x00, 0x00, 0x00, 0x00, 0x00, 0x00,
  0x00, 0x00, 0x00, 0x00, 0x00, 0x00, 0x00, 0x00, 0x00, 0x00, 0x00, 0x00,
  0x00, 0x00, 0x00, 0x00, 0x00, 0x00, 0x00, 0x00, 0x00, 0x00, 0x00, 0x00,
  0x00, 0x00, 0x00, 0x00, 0x00, 0x00, 0x00, 0x00, 0x00, 0x00, 0x00, 0x00,
  0x00, 0x00, 0x00, 0x00, 0x00, 0x00, 0x00, 0x00, 0x00, 0x00, 0x00, 0x00,
  0x00, 0x00, 0x00, 0x00, 0x00, 0x00, 0x00, 0x00, 0x00, 0x00, 0x00, 0x00,
  0x00, 0x00, 0x00, 0x00, 0x00, 0x00, 0x00, 0x00, 0x00, 0x00, 0x00, 0x00,
  0x00, 0x00, 0x00, 0x00, 0x00, 0x00, 0x00, 0x00, 0x00, 0x00, 0x00, 0x00,
  0x00, 0x00, 0x00, 0x00, 0x00, 0x00, 0x00, 0x00, 0x00, 0x00, 0x00, 0x00,
  0x00, 0x00, 0x00, 0x00, 0x00, 0x00, 0x00, 0x00, 0x00, 0x00, 0x00, 0x00,
  0x00, 0x00, 0x00, 0x00, 0x00, 0x00, 0x00, 0x00, 0x00, 0x00, 0x00, 0x00,
  0x00, 0x00, 0x00, 0x00, 0x00, 0x00, 0x00, 0x00, 0x00, 0x00, 0x00, 0x00,
  0x00, 0x00, 0x00, 0x00, 0x00, 0x00, 0x00, 0x00, 0x00, 0x00, 0x00, 0x00,
  0x00, 0x00, 0x00, 0x00, 0x00, 0x00, 0x00, 0x00, 0x00, 0x00, 0x00, 0x00,
  0x00, 0x00, 0x00, 0x00, 0x00, 0x00, 0x00, 0x00, 0x00, 0x00, 0x00, 0x00,
  0x00, 0x00, 0x00, 0x00, 0x00, 0x00, 0x00, 0x00, 0x00, 0x00, 0x00, 0x00,
  0x00, 0x00, 0x00, 0x00, 0x00, 0x00, 0x00, 0x00, 0x00, 0x00, 0x00, 0x00,
  0x00, 0x00, 0x00, 0x00, 0x00, 0x00, 0x00, 0x00, 0x00, 0x00, 0x00, 0x00,
  0x00, 0x00, 0x00, 0x00, 0x00, 0x00, 0x00, 0x00, 0x00, 0x00, 0x00, 0x00,
  0x00, 0x00, 0x00, 0x00, 0x00, 0x00, 0x00, 0x00, 0x00, 0x00, 0x00, 0x00,
  0x00, 0x00, 0x00, 0x00, 0x00, 0x00, 0x00, 0x00, 0x00, 0x00, 0x00, 0x00,
  0x00, 0x00, 0x00, 0x00, 0x00, 0x00, 0x00, 0x00, 0x00, 0x00, 0x00, 0x00,
  0x00, 0x00, 0x00, 0x00, 0x00, 0x00, 0x00, 0x00, 0x00, 0x00, 0x00, 0x00,
  0x00, 0x00, 0x00, 0x00, 0x00, 0x00, 0x00, 0x00, 0x00, 0x00, 0x00, 0x00,
  0x00, 0x00, 0x00, 0x00, 0x00, 0x00, 0x00, 0x00, 0x00, 0x00, 0x00, 0x00,
  0x00, 0x00, 0x00, 0x00, 0x00, 0x00, 0x00, 0x00, 0x00, 0x00, 0x00, 0x00,
  0x00, 0x00, 0x00, 0x00, 0x00, 0x00, 0x00, 0x00, 0x00, 0x00, 0x00, 0x00,
  0x00, 0x00, 0x00, 0x00, 0x00, 0x00, 0x00, 0x00, 0x00, 0x00, 0x00, 0x00,
  0x00, 0x00, 0x00, 0x00, 0x00, 0x00, 0x00, 0x00, 0x00, 0x00, 0x00, 0x00,
  0x00, 0x00, 0x00, 0x00, 0x00, 0x00, 0x00, 0x00, 0x00, 0x00, 0x00, 0x00,
  0x00, 0x00, 0x00, 0x00, 0x00, 0x00, 0x00, 0x00, 0x00, 0x00, 0x00, 0x00,
  0x00, 0x00, 0x00, 0x00, 0x00, 0x00, 0x00, 0x00, 0x00, 0x00, 0x00, 0x00,
  0x00, 0x00, 0x00, 0x00, 0x00, 0x00, 0x00, 0x00, 0x00, 0x00, 0x00, 0x00,
  0x00, 0x00, 0x00, 0x00, 0x00, 0x00, 0x00, 0x00, 0x00, 0x00, 0x00, 0x00,
  0x00, 0x00, 0x00, 0x00, 0x00, 0x00, 0x00, 0x00, 0x00, 0x00, 0x00, 0x00,
  0x00, 0x00, 0x00, 0x00, 0x00, 0x00, 0x00, 0x00, 0x00, 0x00, 0x00, 0x00,
  0x00, 0x00, 0x00, 0x00, 0x00, 0x00, 0x00, 0x00, 0x00, 0x00, 0x00, 0x00,
  0x00, 0x00, 0x00, 0x00, 0x00, 0x00, 0x00, 0x00, 0x00, 0x00, 0x00, 0x00,
  0x00, 0x00, 0x00, 0x00, 0x00, 0x00, 0x00, 0x00, 0x00, 0x00, 0x00, 0x00,
  0x00, 0x00, 0x00, 0x00, 0x00, 0x00, 0x00, 0x00, 0x00, 0x00, 0x00, 0x00,
  0x00, 0x00, 0x00, 0x00, 0x00, 0x00, 0x00, 0x00, 0x00, 0x00, 0x00, 0x00,
  0x00, 0x00, 0x00, 0x00, 0x00, 0x00, 0x00, 0x00, 0x00, 0x00, 0x00, 0x00,
  0x00, 0x00, 0x00, 0x00, 0x00, 0x00, 0x00, 0x00, 0x00, 0x00, 0x00, 0x00,
  0x00, 0x00, 0x00, 0x00, 0x00, 0x00, 0x00, 0x00, 0x00, 0x00, 0x00, 0x00,
  0x00, 0x00, 0x00, 0x00, 0x00, 0x00, 0x00, 0x00, 0x00, 0x00, 0x00, 0x00,
  0x00, 0x00, 0x00, 0x00, 0x00, 0x00, 0x00, 0x00, 0x00, 0x00, 0x00, 0x00,
  0x00, 0x00, 0x00, 0x00, 0x00, 0x00, 0x00, 0x00, 0x00, 0x00, 0x00, 0x00,
  0x00, 0x00, 0x00, 0x00, 0x00, 0x00, 0x00, 0x00, 0x00, 0x00, 0x00, 0x00,
  0x00, 0x00, 0x00, 0x00, 0x00, 0x00, 0x00, 0x00, 0x00, 0x00, 0x00, 0x00,
  0x00, 0x00, 0x00, 0x00, 0x00, 0x00, 0x00, 0x00, 0x80, 0x00, 0x00, 0x00,
  0xf6, 0x93, 0xc3, 0x3a, 0x47, 0xcf, 0x87, 0x3a, 0x86, 0xbd, 0xeb, 0x3a,
  0x90, 0xb0, 0x9d, 0x3a, 0xab, 0x50, 0x65, 0x3a, 0x28, 0x3d, 0xc7, 0x3a,
  0xd6, 0x25, 0xaa, 0x3a, 0x77, 0x86, 0x89, 0x3a, 0x94, 0xb3, 0x86, 0x3a,
  0x70, 0x4e, 0xad, 0x3a, 0xb8, 0x54, 0xbe, 0x3a, 0xec, 0xd8, 0xd3, 0x3a,
  0xcd, 0x49, 0xb5, 0x3a, 0x4e, 0x2b, 0x01, 0x3b, 0xf6, 0xa0, 0xbb, 0x3a,
  0x88, 0xb4, 0xac, 0x3a, 0xb9, 0x3f, 0xc4, 0x3a, 0x9c, 0x61, 0xb5, 0x3a,
  0xa6, 0x75, 0x9c, 0x3a, 0x62, 0x9b, 0xb3, 0x3a, 0x0e, 0x7f, 0xb5, 0x3a,
  0x78, 0x87, 0xa6, 0x3a, 0xeb, 0x3d, 0x85, 0x3a, 0x1a, 0x83, 0x9a, 0x3a,
  0x85, 0xe7, 0x8c, 0x3a, 0x8c, 0xaf, 0xc5, 0x3a, 0x97, 0x4a, 0x02, 0x3b,
  0xd4, 0xf0, 0x88, 0x3a, 0xbc, 0x6b, 0xc8, 0x3a, 0x45, 0x4f, 0x93, 0x3a,
  0x98, 0x01, 0x9b, 0x3a, 0x78, 0x55, 0xdd, 0x3a, 0x69, 0x70, 0xa2, 0x3a,
  0x83, 0x21, 0x9b, 0x3a, 0x06, 0xbc, 0xa2, 0x3a, 0xc9, 0xe5, 0x92, 0x3a,
  0x44, 0xbf, 0x90, 0x3a, 0x3f, 0xbe, 0xda, 0x3a, 0xea, 0x04, 0x62, 0x3a,
  0x99, 0xe6, 0xa6, 0x3a, 0x10, 0xd1, 0xe3, 0x3a, 0x02, 0x35, 0xc4, 0x3a,
  0xed, 0x10, 0x82, 0x3a, 0x7c, 0xe1, 0x46, 0x3a, 0xec, 0xc7, 0xa2, 0x3a,
  0x72, 0xf4, 0xe7, 0x3a, 0x61, 0x82, 0x8a, 0x3a, 0xec, 0x47, 0xb0, 0x3a,
  0x93, 0xac, 0xc1, 0x3a, 0x5c, 0x07, 0xbc, 0x3a, 0x79, 0x24, 0xb6, 0x3a,
  0xe4, 0xa8, 0xbc, 0x3a, 0x59, 0x36, 0xa5, 0x3a, 0x4b, 0x1f, 0xf4, 0x3a,
  0xb6, 0xc7, 0xb2, 0x3a, 0x13, 0x4c, 0xa8, 0x3a, 0x5e, 0x6e, 0x94, 0x3a,
  0xdd, 0xf3, 0xb0, 0x3a, 0xe3, 0x88, 0xcd, 0x3a, 0xb0, 0x2d, 0xda, 0x3a,
  0x2e, 0xbb, 0x76, 0x3a, 0x0c, 0xb2, 0x10, 0x3a, 0x4a, 0x19, 0x99, 0x3a,
  0xd3, 0xe6, 0x33, 0x3a, 0x3b, 0xcd, 0xe6, 0x3a, 0x35, 0x7c, 0x79, 0x3a,
  0x2c, 0x39, 0x8f, 0x3a, 0x11, 0x2c, 0x79, 0x3a, 0x30, 0x54, 0xd1, 0x3a,
  0xb9, 0xc0, 0xd3, 0x3a, 0x56, 0xd4, 0xb8, 0x3a, 0xa3, 0x2e, 0xd0, 0x3a,
  0xe3, 0x30, 0x8d, 0x3a, 0x9e, 0x14, 0xad, 0x3a, 0x81, 0x0e, 0x22, 0x3a,
  0x18, 0xf9, 0xd8, 0x3a, 0xcf, 0xb9, 0xaf, 0x3a, 0x13, 0xf6, 0xcc, 0x3a,
  0x65, 0x92, 0x9d, 0x3a, 0x00, 0xef, 0x95, 0x3a, 0xa6, 0x63, 0xfe, 0x3a,
  0x53, 0x6e, 0xdf, 0x3a, 0x47, 0x4f, 0xa6, 0x3a, 0xfd, 0x45, 0x99, 0x3a,
  0xde, 0x5a, 0xb8, 0x3a, 0x99, 0xec, 0xf4, 0x3a, 0x0d, 0xc5, 0xa3, 0x3a,
  0xf9, 0xd8, 0x8d, 0x3a, 0x9e, 0x57, 0x39, 0x3a, 0x95, 0xcd, 0x93, 0x3a,
  0x8d, 0x8a, 0x02, 0x3b, 0x0c, 0x0a, 0xb4, 0x3a, 0x45, 0xed, 0xd5, 0x3a,
  0xd0, 0xc7, 0xda, 0x3a, 0x45, 0x81, 0xda, 0x3a, 0xb2, 0x50, 0x40, 0x3a,
  0x77, 0x9a, 0xd2, 0x3a, 0x7c, 0x8c, 0xa7, 0x3a, 0x47, 0x2f, 0xbf, 0x3a,
  0x4d, 0xb0, 0xbd, 0x3a, 0xf9, 0xd7, 0xdf, 0x3a, 0x13, 0x59, 0x75, 0x39,
  0x42, 0x73, 0x93, 0x3a, 0x48, 0x47, 0xc1, 0x3a, 0xb6, 0xd0, 0xd2, 0x3a,
  0x69, 0x8a, 0xe3, 0x3a, 0xa7, 0x00, 0x7e, 0x3a, 0x01, 0x02, 0x65, 0x3a,
  0x4c, 0xc1, 0x31, 0x3a, 0x35, 0x86, 0xd3, 0x3a, 0xfe, 0xc8, 0x84, 0x3a,
  0x71, 0xbd, 0xd1, 0x3a, 0x85, 0xb6, 0xc6, 0x3a, 0xf4, 0x40, 0xf4, 0x3a,
  0x8d, 0xb6, 0xe6, 0x3a, 0xf5, 0xa0, 0xb3, 0x3a, 0x62, 0x07, 0xa9, 0x3a,
  0x65, 0x70, 0x87, 0x3a, 0x21, 0x9f, 0xc8, 0x3a, 0x34, 0x76, 0x6b, 0x3a,
  0xad, 0x52, 0xd8, 0x39, 0x49, 0x55, 0x4f, 0x3a, 0x3e, 0x00, 0x6f, 0x3a,
  0x74, 0x74, 0x86, 0x3a, 0x97, 0xd5, 0xd0, 0x3a, 0x74, 0xb6, 0xa3, 0x3a,
  0x2a, 0x9a, 0xf0, 0x3a, 0xc2, 0x48, 0xce, 0x3a, 0x12, 0x00, 0x00, 0x00,
  0x74, 0x66, 0x6c, 0x2e, 0x70, 0x73, 0x65, 0x75, 0x64, 0x6f, 0x5f, 0x71,
  0x63, 0x6f, 0x6e, 0x73, 0x74, 0x36, 0x00, 0x00, 0x02, 0x00, 0x00, 0x00,
  0x80, 0x00, 0x00, 0x00, 0x03, 0x00, 0x00, 0x00, 0xbe, 0xe2, 0xff, 0xff,
  0x00, 0x00, 0x00, 0x01, 0x14, 0x00, 0x00, 0x00, 0x30, 0x00, 0x00, 0x00,
  0x35, 0x00, 0x00, 0x00, 0x00, 0x00, 0x00, 0x09, 0x3c, 0x00, 0x00, 0x00,
  0x3c, 0xe2, 0xff, 0xff, 0x08, 0x00, 0x00, 0x00, 0x10, 0x00, 0x00, 0x00,
  0x01, 0x00, 0x00, 0x00, 0x8a, 0xff, 0xff, 0xff, 0xff, 0xff, 0xff, 0xff,
  0x01, 0x00, 0x00, 0x00, 0x72, 0x61, 0x88, 0x3b, 0x12, 0x00, 0x00, 0x00,
  0x74, 0x66, 0x6c, 0x2e, 0x70, 0x73, 0x65, 0x75, 0x64, 0x6f, 0x5f, 0x71,
  0x63, 0x6f, 0x6e, 0x73, 0x74, 0x35, 0x00, 0x00, 0x01, 0x00, 0x00, 0x00,
  0x80, 0x00, 0x00, 0x00, 0x1a, 0xe3, 0xff, 0xff, 0x00, 0x00, 0x00, 0x01,
  0x14, 0x00, 0x00, 0x00, 0x14, 0x00, 0x00, 0x00, 0x05, 0x00, 0x00, 0x00,
  0x00, 0x00, 0x00, 0x02, 0x1c, 0x00, 0x00, 0x00, 0x04, 0xe3, 0xff, 0xff,
  0x0f, 0x00, 0x00, 0x00, 0x61, 0x72, 0x69, 0x74, 0x68, 0x2e, 0x63, 0x6f,
  0x6e, 0x73, 0x74, 0x61, 0x6e, 0x74, 0x38, 0x00, 0x00, 0x00, 0x00, 0x00,
  0x6a, 0xea, 0xff, 0xff, 0x00, 0x00, 0x00, 0x01, 0x14, 0x00, 0x00, 0x00,
  0x20, 0x00, 0x00, 0x00, 0x20, 0x00, 0x00, 0x00, 0x33, 0x00, 0x00, 0x00,
  0x40, 0x00, 0x00, 0x00, 0x03, 0x00, 0x00, 0x00, 0x03, 0x00, 0x00, 0x00,
  0xff, 0xff, 0xff, 0xff, 0x03, 0x00, 0x00, 0x00, 0x4c, 0xe3, 0xff, 0xff,
  0x23, 0x00, 0x00, 0x00, 0x73, 0x65, 0x71, 0x75, 0x65, 0x6e, 0x74, 0x69,
  0x61, 0x6c, 0x5f, 0x31, 0x2f, 0x6c, 0x73, 0x74, 0x6d, 0x5f, 0x31, 0x2f,
  0x77, 0x68, 0x69, 0x6c, 0x65, 0x5f, 0x62, 0x6f, 0x64, 0x79, 0x5f, 0x61,
  0x72, 0x67, 0x35, 0x00, 0x03, 0x00, 0x00, 0x00, 0x03, 0x00, 0x00, 0x00,
  0x01, 0x00, 0x00, 0x00, 0x03, 0x00, 0x00, 0x00, 0xd2, 0xea, 0xff, 0xff,
  0x00, 0x00, 0x00, 0x01, 0x14, 0x00, 0x00, 0x00, 0x1c, 0x00, 0x00, 0x00,
  0x1c, 0x00, 0x00, 0x00, 0x32, 0x00, 0x00, 0x00, 0x3c, 0x00, 0x00, 0x00,
  0x02, 0x00, 0x00, 0x00, 0xff, 0xff, 0xff, 0xff, 0x20, 0x00, 0x00, 0x00,
  0xb0, 0xe3, 0xff, 0xff, 0x23, 0x00, 0x00, 0x00, 0x73, 0x65, 0x71, 0x75,
  0x65, 0x6e, 0x74, 0x69, 0x61, 0x6c, 0x5f, 0x31, 0x2f, 0x6c, 0x73, 0x74,
  0x6d, 0x5f, 0x31, 0x2f, 0x77, 0x68, 0x69, 0x6c, 0x65, 0x5f, 0x62, 0x6f,
  0x64, 0x79, 0x5f, 0x61, 0x72, 0x67, 0x34, 0x00, 0x02, 0x00, 0x00, 0x00,
  0x01, 0x00, 0x00, 0x00, 0x20, 0x00, 0x00, 0x00, 0x32, 0xeb, 0xff, 0xff,
  0x00, 0x00, 0x00, 0x01, 0x14, 0x00, 0x00, 0x00, 0x1c, 0x00, 0x00, 0x00,
  0x1c, 0x00, 0x00, 0x00, 0x31, 0x00, 0x00, 0x00, 0x3c, 0x00, 0x00, 0x00,
  0x02, 0x00, 0x00, 0x00, 0xff, 0xff, 0xff, 0xff, 0x20, 0x00, 0x00, 0x00,
  0x10, 0xe4, 0xff, 0xff, 0x23, 0x00, 0x00, 0x00, 0x73, 0x65, 0x71, 0x75,
  0x65, 0x6e, 0x74, 0x69, 0x61, 0x6c, 0x5f, 0x31, 0x2f, 0x6c, 0x73, 0x74,
  0x6d, 0x5f, 0x31, 0x2f, 0x77, 0x68, 0x69, 0x6c, 0x65, 0x5f, 0x62, 0x6f,
  0x64, 0x79, 0x5f, 0x61, 0x72, 0x67, 0x33, 0x00, 0x02, 0x00, 0x00, 0x00,
  0x01, 0x00, 0x00, 0x00, 0x20, 0x00, 0x00, 0x00, 0x48, 0xea, 0xff, 0xff,
  0x1c, 0x00, 0x00, 0x00, 0x00, 0x00, 0x00, 0x01, 0x34, 0x00, 0x00, 0x00,
  0x34, 0x00, 0x00, 0x00, 0x30, 0x00, 0x00, 0x00, 0x00, 0x00, 0x00, 0x0e,
  0x50, 0x00, 0x00, 0x00, 0x01, 0x00, 0x00, 0x00, 0x04, 0x00, 0x00, 0x00,
  0x2e, 0xea, 0xff, 0xff, 0x00, 0x00, 0x00, 0x01, 0x04, 0x00, 0x00, 0x00,
  0x02, 0x00, 0x00, 0x00, 0x00, 0x00, 0x00, 0x00, 0x20, 0x00, 0x00, 0x00,
  0x88, 0xe4, 0xff, 0xff, 0x23, 0x00, 0x00, 0x00, 0x73, 0x65, 0x71, 0x75,
  0x65, 0x6e, 0x74, 0x69, 0x61, 0x6c, 0x5f, 0x31, 0x2f, 0x6c, 0x73, 0x74,
  0x6d, 0x5f, 0x31, 0x2f, 0x77, 0x68, 0x69, 0x6c, 0x65, 0x5f, 0x62, 0x6f,
  0x64, 0x79, 0x5f, 0x61, 0x72, 0x67, 0x32, 0x00, 0x00, 0x00, 0x00, 0x00,
  0xea, 0xe4, 0xff, 0xff, 0x00, 0x00, 0x00, 0x01, 0x14, 0x00, 0x00, 0x00,
  0x14, 0x00, 0x00, 0x00, 0x2f, 0x00, 0x00, 0x00, 0x00, 0x00, 0x00, 0x02,
  0x30, 0x00, 0x00, 0x00, 0xd4, 0xe4, 0xff, 0xff, 0x23, 0x00, 0x00, 0x00,
  0x73, 0x65, 0x71, 0x75, 0x65, 0x6e, 0x74, 0x69, 0x61, 0x6c, 0x5f, 0x31,
  0x2f, 0x6c, 0x73, 0x74, 0x6d, 0x5f, 0x31, 0x2f, 0x77, 0x68, 0x69, 0x6c,
  0x65, 0x5f, 0x62, 0x6f, 0x64, 0x79, 0x5f, 0x61, 0x72, 0x67, 0x31, 0x00,
  0x00, 0x00, 0x00, 0x00, 0x36, 0xe5, 0xff, 0xff, 0x00, 0x00, 0x00, 0x01,
  0x14, 0x00, 0x00, 0x00, 0x14, 0x00, 0x00, 0x00, 0x2e, 0x00, 0x00, 0x00,
  0x00, 0x00, 0x00, 0x02, 0x30, 0x00, 0x00, 0x00, 0x20, 0xe5, 0xff, 0xff,
  0x23, 0x00, 0x00, 0x00, 0x73, 0x65, 0x71, 0x75, 0x65, 0x6e, 0x74, 0x69,
  0x61, 0x6c, 0x5f, 0x31, 0x2f, 0x6c, 0x73, 0x74, 0x6d, 0x5f, 0x31, 0x2f,
  0x77, 0x68, 0x69, 0x6c, 0x65, 0x5f, 0x62, 0x6f, 0x64, 0x79, 0x5f, 0x61,
  0x72, 0x67, 0x30, 0x00, 0x00, 0x00, 0x00, 0x00, 0xa6, 0xfb, 0xff, 0xff,
  0x14, 0x00, 0x00, 0x00, 0x34, 0x00, 0x00, 0x00, 0xac, 0x00, 0x00, 0x00,
  0xb0, 0x00, 0x00, 0x00, 0xc8, 0x00, 0x00, 0x00, 0x1e, 0x00, 0x00, 0x00,
  0x73, 0x65, 0x71, 0x75, 0x65, 0x6e, 0x74, 0x69, 0x61, 0x6c, 0x5f, 0x31,
  0x2f, 0x6c, 0x73, 0x74, 0x6d, 0x5f, 0x31, 0x2f, 0x77, 0x68, 0x69, 0x6c,
  0x65, 0x5f, 0x63, 0x6f, 0x6e, 0x64, 0x00, 0x00, 0x03, 0x00, 0x00, 0x00,
  0x54, 0x00, 0x00, 0x00, 0x2c, 0x00, 0x00, 0x00, 0x04, 0x00, 0x00, 0x00,
  0xea, 0xf8, 0xff, 0xff, 0x0c, 0x00, 0x00, 0x00, 0x10, 0x00, 0x00, 0x00,
  0x0e, 0x00, 0x00, 0x00, 0x01, 0x00, 0x00, 0x00, 0x09, 0x00, 0x00, 0x00,
  0x02, 0x00, 0x00, 0x00, 0x08, 0x00, 0x00, 0x00, 0x07, 0x00, 0x00, 0x00,
  0x0e, 0xf9, 0xff, 0xff, 0x0c, 0x00, 0x00, 0x00, 0x10, 0x00, 0x00, 0x00,
  0x0d, 0x00, 0x00, 0x00, 0x01, 0x00, 0x00, 0x00, 0x08, 0x00, 0x00, 0x00,
  0x02, 0x00, 0x00, 0x00, 0x00, 0x00, 0x00, 0x00, 0x06, 0x00, 0x00, 0x00,
  0x32, 0xf9, 0xff, 0xff, 0x0c, 0x00, 0x00, 0x00, 0x10, 0x00, 0x00, 0x00,
  0x0d, 0x00, 0x00, 0x00, 0x01, 0x00, 0x00, 0x00, 0x07, 0x00, 0x00, 0x00,
  0x02, 0x00, 0x00, 0x00, 0x01, 0x00, 0x00, 0x00, 0x06, 0x00, 0x00, 0x00,
  0x01, 0x00, 0x00, 0x00, 0x09, 0x00, 0x00, 0x00, 0x06, 0x00, 0x00, 0x00,
  0x00, 0x00, 0x00, 0x00, 0x01, 0x00, 0x00, 0x00, 0x02, 0x00, 0x00, 0x00,
  0x03, 0x00, 0x00, 0x00, 0x04, 0x00, 0x00, 0x00, 0x05, 0x00, 0x00, 0x00,
  0x0a, 0x00, 0x00, 0x00, 0x2c, 0x03, 0x00, 0x00, 0xdc, 0x02, 0x00, 0x00,
  0x68, 0x02, 0x00, 0x00, 0x04, 0x02, 0x00, 0x00, 0xa0, 0x01, 0x00, 0x00,
  0x34, 0x01, 0x00, 0x00, 0xf4, 0x00, 0x00, 0x00, 0xa8, 0x00, 0x00, 0x00,
  0x58, 0x00, 0x00, 0x00, 0x04, 0x00, 0x00, 0x00, 0x8a, 0xe6, 0xff, 0xff,
  0x00, 0x00, 0x00, 0x01, 0x14, 0x00, 0x00, 0x00, 0x14, 0x00, 0x00, 0x00,
  0x2d, 0x00, 0x00, 0x00, 0x00, 0x00, 0x00, 0x06, 0x34, 0x00, 0x00, 0x00,
  0x74, 0xe6, 0xff, 0xff, 0x24, 0x00, 0x00, 0x00, 0x73, 0x65, 0x71, 0x75,
  0x65, 0x6e, 0x74, 0x69, 0x61, 0x6c, 0x5f, 0x31, 0x2f, 0x6c, 0x73, 0x74,
  0x6d, 0x5f, 0x31, 0x2f, 0x77, 0x68, 0x69, 0x6c, 0x65, 0x2f, 0x4c, 0x6f,
  0x67, 0x69, 0x63, 0x61, 0x6c, 0x41, 0x6e, 0x64, 0x00, 0x00, 0x00, 0x00,
  0x00, 0x00, 0x00, 0x00, 0xda, 0xe6, 0xff, 0xff, 0x00, 0x00, 0x00, 0x01,
  0x14, 0x00, 0x00, 0x00, 0x14, 0x00, 0x00, 0x00, 0x2c, 0x00, 0x00, 0x00,
  0x00, 0x00, 0x00, 0x06, 0x30, 0x00, 0x00, 0x00, 0xc4, 0xe6, 0xff, 0xff,
  0x20, 0x00, 0x00, 0x00, 0x73, 0x65, 0x71, 0x75, 0x65, 0x6e, 0x74, 0x69,
  0x61, 0x6c, 0x5f, 0x31, 0x2f, 0x6c, 0x73, 0x74, 0x6d, 0x5f, 0x31, 0x2f,
  0x77, 0x68, 0x69, 0x6c, 0x65, 0x2f, 0x4c, 0x65, 0x73, 0x73, 0x5f, 0x31,
  0x00, 0x00, 0x00, 0x00, 0x00, 0x00, 0x00, 0x00, 0x26, 0xe7, 0xff, 0xff,
  0x00, 0x00, 0x00, 0x01, 0x14, 0x00, 0x00, 0x00, 0x14, 0x00, 0x00, 0x00,
  0x2b, 0x00, 0x00, 0x00, 0x00, 0x00, 0x00, 0x06, 0x2c, 0x00, 0x00, 0x00,
  0x10, 0xe7, 0xff, 0xff, 0x1e, 0x00, 0x00, 0x00, 0x73, 0x65, 0x71, 0x75,
  0x65, 0x6e, 0x74, 0x69, 0x61, 0x6c, 0x5f, 0x31, 0x2f, 0x6c, 0x73, 0x74,
  0x6d, 0x5f, 0x31, 0x2f, 0x77, 0x68, 0x69, 0x6c, 0x65, 0x2f, 0x4c, 0x65,
  0x73, 0x73, 0x00, 0x00, 0x00, 0x00, 0x00, 0x00, 0x6e, 0xe7, 0xff, 0xff,
  0x00, 0x00, 0x00, 0x01, 0x14, 0x00, 0x00, 0x00, 0x14, 0x00, 0x00, 0x00,
  0x03, 0x00, 0x00, 0x00, 0x00, 0x00, 0x00, 0x02, 0x20, 0x00, 0x00, 0x00,
  0x58, 0xe7, 0xff, 0xff, 0x10, 0x00, 0x00, 0x00, 0x61, 0x72, 0x69, 0x74,
  0x68, 0x2e, 0x63, 0x6f, 0x6e, 0x73, 0x74, 0x61, 0x6e, 0x74, 0x31, 0x33,
  0x00, 0x00, 0x00, 0x00, 0x00, 0x00, 0x00, 0x00, 0xc2, 0xee, 0xff, 0xff,
  0x00, 0x00, 0x00, 0x01, 0x14, 0x00, 0x00, 0x00, 0x20, 0x00, 0x00, 0x00,
  0x20, 0x00, 0x00, 0x00, 0x29, 0x00, 0x00, 0x00, 0x40, 0x00, 0x00, 0x00,
  0x03, 0x00, 0x00, 0x00, 0x03, 0x00, 0x00, 0x00, 0xff, 0xff, 0xff, 0xff,
  0x03, 0x00, 0x00, 0x00, 0xa4, 0xe7, 0xff, 0xff, 0x23, 0x00, 0x00, 0x00,
  0x73, 0x65, 0x71, 0x75, 0x65, 0x6e, 0x74, 0x69, 0x61, 0x6c, 0x5f, 0x31,
  0x2f, 0x6c, 0x73, 0x74, 0x6d, 0x5f, 0x31, 0x2f, 0x77, 0x68, 0x69, 0x6c,
  0x65, 0x5f, 0x63, 0x6f, 0x6e, 0x64, 0x5f, 0x61, 0x72, 0x67, 0x35, 0x00,
  0x03, 0x00, 0x00, 0x00, 0x03, 0x00, 0x00, 0x00, 0x01, 0x00, 0x00, 0x00,
  0x03, 0x00, 0x00, 0x00, 0x2a, 0xef, 0xff, 0xff, 0x00, 0x00, 0x00, 0x01,
  0x14, 0x00, 0x00, 0x00, 0x1c, 0x00, 0x00, 0x00, 0x1c, 0x00, 0x00, 0x00,
  0x28, 0x00, 0x00, 0x00, 0x3c, 0x00, 0x00, 0x00, 0x02, 0x00, 0x00, 0x00,
  0xff, 0xff, 0xff, 0xff, 0x20, 0x00, 0x00, 0x00, 0x08, 0xe8, 0xff, 0xff,
  0x23, 0x00, 0x00, 0x00, 0x73, 0x65, 0x71, 0x75, 0x65, 0x6e, 0x74, 0x69,
  0x61, 0x6c, 0x5f, 0x31, 0x2f, 0x6c, 0x73, 0x74, 0x6d, 0x5f, 0x31, 0x2f,
  0x77, 0x68, 0x69, 0x6c, 0x65, 0x5f, 0x63, 0x6f, 0x6e, 0x64, 0x5f, 0x61,
  0x72, 0x67, 0x34, 0x00, 0x02, 0x00, 0x00, 0x00, 0x01, 0x00, 0x00, 0x00,
  0x20, 0x00, 0x00, 0x00, 0x8a, 0xef, 0xff, 0xff, 0x00, 0x00, 0x00, 0x01,
  0x14, 0x00, 0x00, 0x00, 0x1c, 0x00, 0x00, 0x00, 0x1c, 0x00, 0x00, 0x00,
  0x27, 0x00, 0x00, 0x00, 0x3c, 0x00, 0x00, 0x00, 0x02, 0x00, 0x00, 0x00,
  0xff, 0xff, 0xff, 0xff, 0x20, 0x00, 0x00, 0x00, 0x68, 0xe8, 0xff, 0xff,
  0x23, 0x00, 0x00, 0x00, 0x73, 0x65, 0x71, 0x75, 0x65, 0x6e, 0x74, 0x69,
  0x61, 0x6c, 0x5f, 0x31, 0x2f, 0x6c, 0x73, 0x74, 0x6d, 0x5f, 0x31, 0x2f,
  0x77, 0x68, 0x69, 0x6c, 0x65, 0x5f, 0x63, 0x6f, 0x6e, 0x64, 0x5f, 0x61,
  0x72, 0x67, 0x33, 0x00, 0x02, 0x00, 0x00, 0x00, 0x01, 0x00, 0x00, 0x00,
  0x20, 0x00, 0x00, 0x00, 0xa0, 0xee, 0xff, 0xff, 0x1c, 0x00, 0x00, 0x00,
  0x00, 0x00, 0x00, 0x01, 0x34, 0x00, 0x00, 0x00, 0x34, 0x00, 0x00, 0x00,
  0x26, 0x00, 0x00, 0x00, 0x00, 0x00, 0x00, 0x0e, 0x50, 0x00, 0x00, 0x00,
  0x01, 0x00, 0x00, 0x00, 0x04, 0x00, 0x00, 0x00, 0x86, 0xee, 0xff, 0xff,
  0x00, 0x00, 0x00, 0x01, 0x04, 0x00, 0x00, 0x00, 0x02, 0x00, 0x00, 0x00,
  0x00, 0x00, 0x00, 0x00, 0x20, 0x00, 0x00, 0x00, 0xe0, 0xe8, 0xff, 0xff,
  0x23, 0x00, 0x00, 0x00, 0x73, 0x65, 0x71, 0x75, 0x65, 0x6e, 0x74, 0x69,
  0x61, 0x6c, 0x5f, 0x31, 0x2f, 0x6c, 0x73, 0x74, 0x6d, 0x5f, 0x31, 0x2f,
  0x77, 0x68, 0x69, 0x6c, 0x65, 0x5f, 0x63, 0x6f, 0x6e, 0x64, 0x5f, 0x61,
  0x72, 0x67, 0x32, 0x00, 0x00, 0x00, 0x00, 0x00, 0x42, 0xe9, 0xff, 0xff,
  0x00, 0x00, 0x00, 0x01, 0x14, 0x00, 0x00, 0x00, 0x14, 0x00, 0x00, 0x00,
  0x25, 0x00, 0x00, 0x00, 0x00, 0x00, 0x00, 0x02, 0x30, 0x00, 0x00, 0x00,
  0x2c, 0xe9, 0xff, 0xff, 0x23, 0x00, 0x00, 0x00, 0x73, 0x65, 0x71, 0x75,
  0x65, 0x6e, 0x74, 0x69, 0x61, 0x6c, 0x5f, 0x31, 0x2f, 0x6c, 0x73, 0x74,
  0x6d, 0x5f, 0x31, 0x2f, 0x77, 0x68, 0x69, 0x6c, 0x65, 0x5f, 0x63, 0x6f,
  0x6e, 0x64, 0x5f, 0x61, 0x72, 0x67, 0x31, 0x00, 0x00, 0x00, 0x00, 0x00,
  0x8e, 0xe9, 0xff, 0xff, 0x00, 0x00, 0x00, 0x01, 0x14, 0x00, 0x00, 0x00,
  0x14, 0x00, 0x00, 0x00, 0x24, 0x00, 0x00, 0x00, 0x00, 0x00, 0x00, 0x02,
  0x30, 0x00, 0x00, 0x00, 0x78, 0xe9, 0xff, 0xff, 0x23, 0x00, 0x00, 0x00,
  0x73, 0x65, 0x71, 0x75, 0x65, 0x6e, 0x74, 0x69, 0x61, 0x6c, 0x5f, 0x31,
  0x2f, 0x6c, 0x73, 0x74, 0x6d, 0x5f, 0x31, 0x2f, 0x77, 0x68, 0x69, 0x6c,
  0x65, 0x5f, 0x63, 0x6f, 0x6e, 0x64, 0x5f, 0x61, 0x72, 0x67, 0x30, 0x00,
  0x00, 0x00, 0x00, 0x00, 0x00, 0x00, 0x0e, 0x00, 0x18, 0x00, 0x14, 0x00,
  0x10, 0x00, 0x0c, 0x00, 0x08, 0x00, 0x04, 0x00, 0x0e, 0x00, 0x00, 0x00,
  0x14, 0x00, 0x00, 0x00, 0x1c, 0x00, 0x00, 0x00, 0x58, 0x04, 0x00, 0x00,
  0x5c, 0x04, 0x00, 0x00, 0x60, 0x04, 0x00, 0x00, 0x04, 0x00, 0x00, 0x00,
  0x6d, 0x61, 0x69, 0x6e, 0x00, 0x00, 0x00, 0x00, 0x10, 0x00, 0x00, 0x00,
  0x08, 0x04, 0x00, 0x00, 0x68, 0x03, 0x00, 0x00, 0x08, 0x03, 0x00, 0x00,
  0xd0, 0x02, 0x00, 0x00, 0xa0, 0x02, 0x00, 0x00, 0x60, 0x02, 0x00, 0x00,
  0x38, 0x02, 0x00, 0x00, 0x14, 0x02, 0x00, 0x00, 0xac, 0x01, 0x00, 0x00,
  0x20, 0x01, 0x00, 0x00, 0xfc, 0x00, 0x00, 0x00, 0xd4, 0x00, 0x00, 0x00,
  0xac, 0x00, 0x00, 0x00, 0x70, 0x00, 0x00, 0x00, 0x38, 0x00, 0x00, 0x00,
  0x04, 0x00, 0x00, 0x00, 0x3e, 0xfd, 0xff, 0xff, 0x14, 0x00, 0x00, 0x00,
  0x00, 0x00, 0x00, 0x09, 0x14, 0x00, 0x00, 0x00, 0x18, 0x00, 0x00, 0x00,
  0x0c, 0x00, 0x00, 0x00, 0xca, 0xfd, 0xff, 0xff, 0x00, 0x00, 0x80, 0x3f,
  0x01, 0x00, 0x00, 0x00, 0x22, 0x00, 0x00, 0x00, 0x01, 0x00, 0x00, 0x00,
  0x21, 0x00, 0x00, 0x00, 0x6e, 0xfd, 0xff, 0xff, 0x14, 0x00, 0x00, 0x00,
  0x00, 0x00, 0x00, 0x08, 0x10, 0x00, 0x00, 0x00, 0x14, 0x00, 0x00, 0x00,
  0x0b, 0x00, 0x00, 0x00, 0x68, 0xea, 0xff, 0xff, 0x01, 0x00, 0x00, 0x00,
  0x21, 0x00, 0x00, 0x00, 0x03, 0x00, 0x00, 0x00, 0x20, 0x00, 0x00, 0x00,
  0x0a, 0x00, 0x00, 0x00, 0x09, 0x00, 0x00, 0x00, 0xa2, 0xfd, 0xff, 0xff,
  0x14, 0x00, 0x00, 0x00, 0x00, 0x00, 0x00, 0x08, 0x14, 0x00, 0x00, 0x00,
  0x18, 0x00, 0x00, 0x00, 0x0b, 0x00, 0x00, 0x00, 0x9e, 0xfc, 0xff, 0xff,
  0x00, 0x00, 0x00, 0x01, 0x01, 0x00, 0x00, 0x00, 0x20, 0x00, 0x00, 0x00,
  0x03, 0x00, 0x00, 0x00, 0x1f, 0x00, 0x00, 0x00, 0x0c, 0x00, 0x00, 0x00,
  0x0b, 0x00, 0x00, 0x00, 0x0a, 0xfe, 0xff, 0xff, 0x0c, 0x00, 0x00, 0x00,
  0x10, 0x00, 0x00, 0x00, 0x0a, 0x00, 0x00, 0x00, 0x01, 0x00, 0x00, 0x00,
  0x1f, 0x00, 0x00, 0x00, 0x02, 0x00, 0x00, 0x00, 0x1e, 0x00, 0x00, 0x00,
  0x08, 0x00, 0x00, 0x00, 0x2e, 0xfe, 0xff, 0xff, 0x0c, 0x00, 0x00, 0x00,
  0x10, 0x00, 0x00, 0x00, 0x03, 0x00, 0x00, 0x00, 0x01, 0x00, 0x00, 0x00,
  0x1e, 0x00, 0x00, 0x00, 0x02, 0x00, 0x00, 0x00, 0x1d, 0x00, 0x00, 0x00,
  0x05, 0x00, 0x00, 0x00, 0x52, 0xfe, 0xff, 0xff, 0x0c, 0x00, 0x00, 0x00,
  0x10, 0x00, 0x00, 0x00, 0x09, 0x00, 0x00, 0x00, 0x01, 0x00, 0x00, 0x00,
  0x1d, 0x00, 0x00, 0x00, 0x01, 0x00, 0x00, 0x00, 0x1c, 0x00, 0x00, 0x00,
  0xe8, 0xfd, 0xff, 0xff, 0x10, 0x00, 0x00, 0x00, 0x6c, 0x00, 0x00, 0x00,
  0x70, 0x00, 0x00, 0x00, 0x08, 0x00, 0x00, 0x00, 0x5b, 0x00, 0x00, 0x00,
  0x0f, 0x54, 0x65, 0x6e, 0x73, 0x6f, 0x72, 0x4c, 0x69, 0x73, 0x74, 0x53,
  0x74, 0x61, 0x63, 0x6b, 0x00, 0x40, 0x12, 0x0f, 0x54, 0x65, 0x6e, 0x73,
  0x6f, 0x72, 0x4c, 0x69, 0x73, 0x74, 0x53, 0x74, 0x61, 0x63, 0x6b, 0x1a,
  0x00, 0x1a, 0x00, 0x2a, 0x12, 0x0a, 0x0c, 0x6e, 0x75, 0x6d, 0x5f, 0x65,
  0x6c, 0x65, 0x6d, 0x65, 0x6e, 0x74, 0x73, 0x12, 0x02, 0x18, 0x03, 0x2a,
  0x13, 0x0a, 0x0d, 0x65, 0x6c, 0x65, 0x6d, 0x65, 0x6e, 0x74, 0x5f, 0x64,
  0x74, 0x79, 0x70, 0x65, 0x12, 0x02, 0x30, 0x01, 0x32, 0x00, 0x00, 0x02,
  0x53, 0x43, 0x14, 0x14, 0x04, 0x28, 0x01, 0x00, 0x01, 0x00, 0x00, 0x00,
  0x1c, 0x00, 0x00, 0x00, 0x02, 0x00, 0x00, 0x00, 0x18, 0x00, 0x00, 0x00,
  0x01, 0x00, 0x00, 0x00, 0xca, 0xfe, 0xff, 0xff, 0x1c, 0x00, 0x00, 0x00,
  0x00, 0x00, 0x00, 0x5d, 0x20, 0x00, 0x00, 0x00, 0x38, 0x00, 0x00, 0x00,
  0x07, 0x00, 0x00, 0x00, 0x08, 0x00, 0x0c, 0x00, 0x08, 0x00, 0x04, 0x00,
  0x08, 0x00, 0x00, 0x00, 0x02, 0x00, 0x00, 0x00, 0x01, 0x00, 0x00, 0x00,
  0x06, 0x00, 0x00, 0x00, 0x16, 0x00, 0x00, 0x00, 0x17, 0x00, 0x00, 0x00,
  0x18, 0x00, 0x00, 0x00, 0x19, 0x00, 0x00, 0x00, 0x1a, 0x00, 0x00, 0x00,
  0x1b, 0x00, 0x00, 0x00, 0x06, 0x00, 0x00, 0x00, 0x07, 0x00, 0x00, 0x00,
  0x07, 0x00, 0x00, 0x00, 0x0f, 0x00, 0x00, 0x00, 0x15, 0x00, 0x00, 0x00,
  0x15, 0x00, 0x00, 0x00, 0x12, 0x00, 0x00, 0x00, 0x5e, 0xff, 0xff, 0xff,
  0x0c, 0x00, 0x00, 0x00, 0x10, 0x00, 0x00, 0x00, 0x04, 0x00, 0x00, 0x00,
  0x01, 0x00, 0x00, 0x00, 0x15, 0x00, 0x00, 0x00, 0x01, 0x00, 0x00, 0x00,
  0x14, 0x00, 0x00, 0x00, 0x7e, 0xff, 0xff, 0xff, 0x0c, 0x00, 0x00, 0x00,
  0x10, 0x00, 0x00, 0x00, 0x06, 0x00, 0x00, 0x00, 0x01, 0x00, 0x00, 0x00,
  0x14, 0x00, 0x00, 0x00, 0x02, 0x00, 0x00, 0x00, 0x13, 0x00, 0x00, 0x00,
  0x0d, 0x00, 0x00, 0x00, 0x72, 0xff, 0xff, 0xff, 0x1c, 0x00, 0x00, 0x00,
  0x00, 0x00, 0x00, 0x3b, 0x1c, 0x00, 0x00, 0x00, 0x20, 0x00, 0x00, 0x00,
  0x05, 0x00, 0x00, 0x00, 0x00, 0x00, 0x06, 0x00, 0x08, 0x00, 0x04, 0x00,
  0x06, 0x00, 0x00, 0x00, 0x02, 0x00, 0x00, 0x00, 0x01, 0x00, 0x00, 0x00,
  0x13, 0x00, 0x00, 0x00, 0x02, 0x00, 0x00, 0x00, 0x10, 0x00, 0x00, 0x00,
  0x06, 0x00, 0x00, 0x00, 0xde, 0xff, 0xff, 0xff, 0x0c, 0x00, 0x00, 0x00,
  0x10, 0x00, 0x00, 0x00, 0x04, 0x00, 0x00, 0x00, 0x01, 0x00, 0x00, 0x00,
  0x12, 0x00, 0x00, 0x00, 0x01, 0x00, 0x00, 0x00, 0x11, 0x00, 0x00, 0x00,
  0x00, 0x00, 0x0a, 0x00, 0x10, 0x00, 0x0c, 0x00, 0x08, 0x00, 0x04, 0x00,
  0x0a, 0x00, 0x00, 0x00, 0x0c, 0x00, 0x00, 0x00, 0x10, 0x00, 0x00, 0x00,
  0x03, 0x00, 0x00, 0x00, 0x01, 0x00, 0x00, 0x00, 0x11, 0x00, 0x00, 0x00,
  0x02, 0x00, 0x00, 0x00, 0x00, 0x00, 0x00, 0x00, 0x05, 0x00, 0x00, 0x00,
  0x00, 0x00, 0x0e, 0x00, 0x1a, 0x00, 0x14, 0x00, 0x10, 0x00, 0x0c, 0x00,
  0x0b, 0x00, 0x04, 0x00, 0x0e, 0x00, 0x00, 0x00, 0x24, 0x00, 0x00, 0x00,
  0x00, 0x00, 0x00, 0x20, 0x24, 0x00, 0x00, 0x00, 0x28, 0x00, 0x00, 0x00,
  0x02, 0x00, 0x00, 0x00, 0x00, 0x00, 0x0e, 0x00, 0x08, 0x00, 0x00, 0x00,
  0x00, 0x00, 0x00, 0x00, 0x00, 0x00, 0x04, 0x00, 0x0e, 0x00, 0x00, 0x00,
  0x01, 0x00, 0x00, 0x00, 0x01, 0x00, 0x00, 0x00, 0x10, 0x00, 0x00, 0x00,
  0x04, 0x00, 0x00, 0x00, 0x0e, 0x00, 0x00, 0x00, 0x03, 0x00, 0x00, 0x00,
  0x04, 0x00, 0x00, 0x00, 0x04, 0x00, 0x00, 0x00, 0x10, 0x00, 0x14, 0x00,
  0x10, 0x00, 0x0c, 0x00, 0x08, 0x00, 0x00, 0x00, 0x00, 0x00, 0x04, 0x00,
  0x10, 0x00, 0x00, 0x00, 0x10, 0x00, 0x00, 0x00, 0x70, 0x00, 0x00, 0x00,
  0x74, 0x00, 0x00, 0x00, 0x01, 0x00, 0x00, 0x00, 0x5d, 0x00, 0x00, 0x00,
  0x11, 0x54, 0x65, 0x6e, 0x73, 0x6f, 0x72, 0x4c, 0x69, 0x73, 0x74, 0x52,
  0x65, 0x73, 0x65, 0x72, 0x76, 0x65, 0x00, 0x40, 0x12, 0x11, 0x54, 0x65,
  0x6e, 0x73, 0x6f, 0x72, 0x4c, 0x69, 0x73, 0x74, 0x52, 0x65, 0x73, 0x65,
  0x72, 0x76, 0x65, 0x1a, 0x00, 0x1a, 0x00, 0x2a, 0x10, 0x0a, 0x0a, 0x73,
  0x68, 0x61, 0x70, 0x65, 0x5f, 0x74, 0x79, 0x70, 0x65, 0x12, 0x02, 0x30,
  0x03, 0x2a, 0x13, 0x0a, 0x0d, 0x65, 0x6c, 0x65, 0x6d, 0x65, 0x6e, 0x74,
  0x5f, 0x64, 0x74, 0x79, 0x70, 0x65, 0x12, 0x02, 0x30, 0x01, 0x32, 0x00,
  0x00, 0x02, 0x55, 0x43, 0x14, 0x14, 0x04, 0x28, 0x01, 0x00, 0x00, 0x00,
  0x01, 0x00, 0x00, 0x00, 0x0f, 0x00, 0x00, 0x00, 0x02, 0x00, 0x00, 0x00,
  0x01, 0x00, 0x00, 0x00, 0x02, 0x00, 0x00, 0x00, 0x00, 0x00, 0x0e, 0x00,
  0x16, 0x00, 0x00, 0x00, 0x10, 0x00, 0x0c, 0x00, 0x0b, 0x00, 0x04, 0x00,
  0x0e, 0x00, 0x00, 0x00, 0x18, 0x00, 0x00, 0x00, 0x00, 0x00, 0x00, 0x37,
  0x18, 0x00, 0x00, 0x00, 0x1c, 0x00, 0x00, 0x00, 0x00, 0x00, 0x06, 0x00,
  0x08, 0x00, 0x07, 0x00, 0x06, 0x00, 0x00, 0x00, 0x00, 0x00, 0x00, 0x02,
  0x01, 0x00, 0x00, 0x00, 0x0e, 0x00, 0x00, 0x00, 0x01, 0x00, 0x00, 0x00,
  0x00, 0x00, 0x00, 0x00, 0x01, 0x00, 0x00, 0x00, 0x22, 0x00, 0x00, 0x00,
  0x01, 0x00, 0x00, 0x00, 0x00, 0x00, 0x00, 0x00, 0x23, 0x00, 0x00, 0x00,
  0x0c, 0x12, 0x00, 0x00, 0xb0, 0x11, 0x00, 0x00, 0x5c, 0x11, 0x00, 0x00,
  0x1c, 0x11, 0x00, 0x00, 0xdc, 0x10, 0x00, 0x00, 0x9c, 0x10, 0x00, 0x00,
  0x60, 0x10, 0x00, 0x00, 0x24, 0x10, 0x00, 0x00, 0xe4, 0x0f, 0x00, 0x00,
  0x78, 0x0f, 0x00, 0x00, 0x04, 0x0f, 0x00, 0x00, 0xf0, 0x0d, 0x00, 0x00,
  0xd4, 0x0c, 0x00, 0x00, 0x78, 0x0c, 0x00, 0x00, 0x2c, 0x0c, 0x00, 0x00,
  0xac, 0x0b, 0x00, 0x00, 0x44, 0x0b, 0x00, 0x00, 0xbc, 0x0a, 0x00, 0x00,
  0x54, 0x0a, 0x00, 0x00, 0xe8, 0x09, 0x00, 0x00, 0x6c, 0x09, 0x00, 0x00,
  0x1c, 0x09, 0x00, 0x00, 0x4c, 0x08, 0x00, 0x00, 0x7c, 0x07, 0x00, 0x00,
  0x88, 0x06, 0x00, 0x00, 0xa4, 0x05, 0x00, 0x00, 0xc0, 0x04, 0x00, 0x00,
  0xd4, 0x03, 0x00, 0x00, 0x54, 0x03, 0x00, 0x00, 0xdc, 0x02, 0x00, 0x00,
  0x50, 0x02, 0x00, 0x00, 0xd0, 0x01, 0x00, 0x00, 0x1c, 0x01, 0x00, 0x00,
  0x80, 0x00, 0x00, 0x00, 0x04, 0x00, 0x00, 0x00, 0x96, 0xee, 0xff, 0xff,
  0x00, 0x00, 0x00, 0x01, 0x18, 0x00, 0x00, 0x00, 0x20, 0x00, 0x00, 0x00,
  0x3c, 0x00, 0x00, 0x00, 0x23, 0x00, 0x00, 0x00, 0x00, 0x00, 0x00, 0x09,
  0x50, 0x00, 0x00, 0x00, 0x02, 0x00, 0x00, 0x00, 0xff, 0xff, 0xff, 0xff,
  0x02, 0x00, 0x00, 0x00, 0x7c, 0xee, 0xff, 0xff, 0x08, 0x00, 0x00, 0x00,
  0x10, 0x00, 0x00, 0x00, 0x01, 0x00, 0x00, 0x00, 0x80, 0xff, 0xff, 0xff,
  0xff, 0xff, 0xff, 0xff, 0x01, 0x00, 0x00, 0x00, 0x00, 0x00, 0x80, 0x3b,
  0x1b, 0x00, 0x00, 0x00, 0x53, 0x74, 0x61, 0x74, 0x65, 0x66, 0x75, 0x6c,
  0x50, 0x61, 0x72, 0x74, 0x69, 0x74, 0x69, 0x6f, 0x6e, 0x65, 0x64, 0x43,
  0x61, 0x6c, 0x6c, 0x5f, 0x31, 0x3a, 0x30, 0x00, 0x02, 0x00, 0x00, 0x00,
  0x01, 0x00, 0x00, 0x00, 0x02, 0x00, 0x00, 0x00, 0x0e, 0xef, 0xff, 0xff,
  0x00, 0x00, 0x00, 0x01, 0x18, 0x00, 0x00, 0x00, 0x20, 0x00, 0x00, 0x00,
  0x3c, 0x00, 0x00, 0x00, 0x22, 0x00, 0x00, 0x00, 0x00, 0x00, 0x00, 0x09,
  0x70, 0x00, 0x00, 0x00, 0x02, 0x00, 0x00, 0x00, 0xff, 0xff, 0xff, 0xff,
  0x02, 0x00, 0x00, 0x00, 0xf4, 0xee, 0xff, 0xff, 0x08, 0x00, 0x00, 0x00,
  0x10, 0x00, 0x00, 0x00, 0x01, 0x00, 0x00, 0x00, 0xf1, 0xff, 0xff, 0xff,
  0xff, 0xff, 0xff, 0xff, 0x01, 0x00, 0x00, 0x00, 0x28, 0x6b, 0x3b, 0x3b,
  0x38, 0x00, 0x00, 0x00, 0x73, 0x65, 0x71, 0x75, 0x65, 0x6e, 0x74, 0x69,
  0x61, 0x6c, 0x5f, 0x31, 0x2f, 0x64, 0x65, 0x6e, 0x73, 0x65, 0x5f, 0x31,
  0x5f, 0x32, 0x2f, 0x4d, 0x61, 0x74, 0x4d, 0x75, 0x6c, 0x3b, 0x73, 0x65,
  0x71, 0x75, 0x65, 0x6e, 0x74, 0x69, 0x61, 0x6c, 0x5f, 0x31, 0x2f, 0x64,
  0x65, 0x6e, 0x73, 0x65, 0x5f, 0x31, 0x5f, 0x32, 0x2f, 0x41, 0x64, 0x64,
  0x00, 0x00, 0x00, 0x00, 0x02, 0x00, 0x00, 0x00, 0x01, 0x00, 0x00, 0x00,
  0x02, 0x00, 0x00, 0x00, 0xa6, 0xef, 0xff, 0xff, 0x00, 0x00, 0x00, 0x01,
  0x18, 0x00, 0x00, 0x00, 0x20, 0x00, 0x00, 0x00, 0x40, 0x00, 0x00, 0x00,
  0x21, 0x00, 0x00, 0x00, 0x00, 0x00, 0x00, 0x09, 0x88, 0x00, 0x00, 0x00,
  0x02, 0x00, 0x00, 0x00, 0xff, 0xff, 0xff, 0xff, 0x10, 0x00, 0x00, 0x00,
  0x8c, 0xef, 0xff, 0xff, 0x08, 0x00, 0x00, 0x00, 0x14, 0x00, 0x00, 0x00,
  0x01, 0x00, 0x00, 0x00, 0x80, 0xff, 0xff, 0xff, 0xff, 0xff, 0xff, 0xff,
  0x00, 0x00, 0x00, 0x00, 0x01, 0x00, 0x00, 0x00, 0xb8, 0x46, 0xd6, 0x3a,
  0x4e, 0x00, 0x00, 0x00, 0x73, 0x65, 0x71, 0x75, 0x65, 0x6e, 0x74, 0x69,
  0x61, 0x6c, 0x5f, 0x31, 0x2f, 0x64, 0x65, 0x6e, 0x73, 0x65, 0x5f, 0x31,
  0x2f, 0x4d, 0x61, 0x74, 0x4d, 0x75, 0x6c, 0x3b, 0x73, 0x65, 0x71, 0x75,
  0x65, 0x6e, 0x74, 0x69, 0x61, 0x6c, 0x5f, 0x31, 0x2f, 0x64, 0x65, 0x6e,
  0x73, 0x65, 0x5f, 0x31, 0x2f, 0x52, 0x65, 0x6c, 0x75, 0x3b, 0x73, 0x65,
  0x71, 0x75, 0x65, 0x6e, 0x74, 0x69, 0x61, 0x6c, 0x5f, 0x31, 0x2f, 0x64,
  0x65, 0x6e, 0x73, 0x65, 0x5f, 0x31, 0x2f, 0x41, 0x64, 0x64, 0x00, 0x00,
  0x02, 0x00, 0x00, 0x00, 0x01, 0x00, 0x00, 0x00, 0x10, 0x00, 0x00, 0x00,
  0x56, 0xf0, 0xff, 0xff, 0x00, 0x00, 0x00, 0x01, 0x18, 0x00, 0x00, 0x00,
  0x20, 0x00, 0x00, 0x00, 0x3c, 0x00, 0x00, 0x00, 0x20, 0x00, 0x00, 0x00,
  0x00, 0x00, 0x00, 0x09, 0x54, 0x00, 0x00, 0x00, 0x02, 0x00, 0x00, 0x00,
  0xff, 0xff, 0xff, 0xff, 0x60, 0x00, 0x00, 0x00, 0x3c, 0xf0, 0xff, 0xff,
  0x08, 0x00, 0x00, 0x00, 0x10, 0x00, 0x00, 0x00, 0x01, 0x00, 0x00, 0x00,
  0x13, 0x00, 0x00, 0x00, 0x00, 0x00, 0x00, 0x00, 0x01, 0x00, 0x00, 0x00,
  0x57, 0x43, 0x23, 0x3b, 0x1e, 0x00, 0x00, 0x00, 0x73, 0x65, 0x71, 0x75,
  0x65, 0x6e, 0x74, 0x69, 0x61, 0x6c, 0x5f, 0x31, 0x2f, 0x66, 0x6c, 0x61,
  0x74, 0x74, 0x65, 0x6e, 0x5f, 0x31, 0x2f, 0x52, 0x65, 0x73, 0x68, 0x61,
  0x70, 0x65, 0x00, 0x00, 0x02, 0x00, 0x00, 0x00, 0x01, 0x00, 0x00, 0x00,
  0x60, 0x00, 0x00, 0x00, 0xd2, 0xf0, 0xff, 0xff, 0x00, 0x00, 0x00, 0x01,
  0x18, 0x00, 0x00, 0x00, 0x24, 0x00, 0x00, 0x00, 0x44, 0x00, 0x00, 0x00,
  0x1f, 0x00, 0x00, 0x00, 0x00, 0x00, 0x00, 0x09, 0x5c, 0x00, 0x00, 0x00,
  0x03, 0x00, 0x00, 0x00, 0xff, 0xff, 0xff, 0xff, 0x03, 0x00, 0x00, 0x00,
  0x20, 0x00, 0x00, 0x00, 0xbc, 0xf0, 0xff, 0xff, 0x08, 0x00, 0x00, 0x00,
  0x14, 0x00, 0x00, 0x00, 0x01, 0x00, 0x00, 0x00, 0x13, 0x00, 0x00, 0x00,
  0x00, 0x00, 0x00, 0x00, 0x00, 0x00, 0x00, 0x00, 0x01, 0x00, 0x00, 0x00,
  0x57, 0x43, 0x23, 0x3b, 0x1f, 0x00, 0x00, 0x00, 0x73, 0x65, 0x71, 0x75,
  0x65, 0x6e, 0x74, 0x69, 0x61, 0x6c, 0x5f, 0x31, 0x2f, 0x6c, 0x73, 0x74,
  0x6d, 0x5f, 0x31, 0x2f, 0x74, 0x72, 0x61, 0x6e, 0x73, 0x70, 0x6f, 0x73,
  0x65, 0x5f, 0x31, 0x00, 0x03, 0x00, 0x00, 0x00, 0x01, 0x00, 0x00, 0x00,
  0x03, 0x00, 0x00, 0x00, 0x20, 0x00, 0x00, 0x00, 0x5a, 0xf1, 0xff, 0xff,
  0x00, 0x00, 0x00, 0x01, 0x18, 0x00, 0x00, 0x00, 0x24, 0x00, 0x00, 0x00,
  0x40, 0x00, 0x00, 0x00, 0x1e, 0x00, 0x00, 0x00, 0x00, 0x00, 0x00, 0x09,
  0x48, 0x00, 0x00, 0x00, 0x03, 0x00, 0x00, 0x00, 0x03, 0x00, 0x00, 0x00,
  0xff, 0xff, 0xff, 0xff, 0x20, 0x00, 0x00, 0x00, 0x44, 0xf1, 0xff, 0xff,
  0x08, 0x00, 0x00, 0x00, 0x10, 0x00, 0x00, 0x00, 0x01, 0x00, 0x00, 0x00,
  0x13, 0x00, 0x00, 0x00, 0x00, 0x00, 0x00, 0x00, 0x01, 0x00, 0x00, 0x00,
  0x57, 0x43, 0x23, 0x3b, 0x0c, 0x00, 0x00, 0x00, 0x74, 0x66, 0x6c, 0x2e,
  0x71, 0x75, 0x61, 0x6e, 0x74, 0x69, 0x7a, 0x65, 0x00, 0x00, 0x00, 0x00,
  0x03, 0x00, 0x00, 0x00, 0x03, 0x00, 0x00, 0x00, 0x01, 0x00, 0x00, 0x00,
  0x20, 0x00, 0x00, 0x00, 0x3e, 0xf9, 0xff, 0xff, 0x00, 0x00, 0x00, 0x01,
  0x14, 0x00, 0x00, 0x00, 0x20, 0x00, 0x00, 0x00, 0x20, 0x00, 0x00, 0x00,
  0x1d, 0x00, 0x00, 0x00, 0x54, 0x00, 0x00, 0x00, 0x03, 0x00, 0x00, 0x00,
  0x03, 0x00, 0x00, 0x00, 0xff, 0xff, 0xff, 0xff, 0x20, 0x00, 0x00, 0x00,
  0x20, 0xf2, 0xff, 0xff, 0x36, 0x00, 0x00, 0x00, 0x73, 0x65, 0x71, 0x75,
  0x65, 0x6e, 0x74, 0x69, 0x61, 0x6c, 0x5f, 0x31, 0x2f, 0x6c, 0x73, 0x74,
  0x6d, 0x5f, 0x31, 0x2f, 0x54, 0x65, 0x6e, 0x73, 0x6f, 0x72, 0x41, 0x72,
  0x72, 0x61, 0x79, 0x56, 0x32, 0x53, 0x74, 0x61, 0x63, 0x6b, 0x2f, 0x54,
  0x65, 0x6e, 0x73, 0x6f, 0x72, 0x4c, 0x69, 0x73, 0x74, 0x53, 0x74, 0x61,
  0x63, 0x6b, 0x00, 0x00, 0x03, 0x00, 0x00, 0x00, 0x03, 0x00, 0x00, 0x00,
  0x01, 0x00, 0x00, 0x00, 0x20, 0x00, 0x00, 0x00, 0xba, 0xf9, 0xff, 0xff,
  0x00, 0x00, 0x00, 0x01, 0x14, 0x00, 0x00, 0x00, 0x20, 0x00, 0x00, 0x00,
  0x20, 0x00, 0x00, 0x00, 0x1c, 0x00, 0x00, 0x00, 0xc0, 0x00, 0x00, 0x00,
  0x03, 0x00, 0x00, 0x00, 0x03, 0x00, 0x00, 0x00, 0xff, 0xff, 0xff, 0xff,
  0x03, 0x00, 0x00, 0x00, 0x9c, 0xf2, 0xff, 0xff, 0xa1, 0x00, 0x00, 0x00,
  0x73, 0x65, 0x71, 0x75, 0x65, 0x6e, 0x74, 0x69, 0x61, 0x6c, 0x5f, 0x31,
  0x2f, 0x6c, 0x73, 0x74, 0x6d, 0x5f, 0x31, 0x2f, 0x77, 0x68, 0x69, 0x6c,
  0x65, 0x3b, 0x73, 0x65, 0x71, 0x75, 0x65, 0x6e, 0x74, 0x69, 0x61, 0x6c,
  0x5f, 0x31, 0x2f, 0x6c, 0x73, 0x74, 0x6d, 0x5f, 0x31, 0x2f, 0x77, 0x68,
  0x69, 0x6c, 0x65, 0x31, 0x3b, 0x73, 0x65, 0x71, 0x75, 0x65, 0x6e, 0x74,
  0x69, 0x61, 0x6c, 0x5f, 0x31, 0x2f, 0x6c, 0x73, 0x74, 0x6d, 0x5f, 0x31,
  0x2f, 0x77, 0x68, 0x69, 0x6c, 0x65, 0x32, 0x3b, 0x73, 0x65, 0x71, 0x75,
  0x65, 0x6e, 0x74, 0x69, 0x61, 0x6c, 0x5f, 0x31, 0x2f, 0x6c, 0x73, 0x74,
  0x6d, 0x5f, 0x31, 0x2f, 0x77, 0x68, 0x69, 0x6c, 0x65, 0x33, 0x3b, 0x73,
  0x65, 0x71, 0x75, 0x65, 0x6e, 0x74, 0x69, 0x61, 0x6c, 0x5f, 0x31, 0x2f,
  0x6c, 0x73, 0x74, 0x6d, 0x5f, 0x31, 0x2f, 0x77, 0x68, 0x69, 0x6c, 0x65,
  0x34, 0x3b, 0x73, 0x65, 0x71, 0x75, 0x65, 0x6e, 0x74, 0x69, 0x61, 0x6c,
  0x5f, 0x31, 0x2f, 0x6c, 0x73, 0x74, 0x6d, 0x5f, 0x31, 0x2f, 0x77, 0x68,
  0x69, 0x6c, 0x65, 0x35, 0x35, 0x00, 0x00, 0x00, 0x03, 0x00, 0x00, 0x00,
  0x03, 0x00, 0x00, 0x00, 0x01, 0x00, 0x00, 0x00, 0x03, 0x00, 0x00, 0x00,
  0xa2, 0xfa, 0xff, 0xff, 0x00, 0x00, 0x00, 0x01, 0x14, 0x00, 0x00, 0x00,
  0x1c, 0x00, 0x00, 0x00, 0x1c, 0x00, 0x00, 0x00, 0x1b, 0x00, 0x00, 0x00,
  0xbc, 0x00, 0x00, 0x00, 0x02, 0x00, 0x00, 0x00, 0xff, 0xff, 0xff, 0xff,
  0x20, 0x00, 0x00, 0x00, 0x80, 0xf3, 0xff, 0xff, 0xa1, 0x00, 0x00, 0x00,
  0x73, 0x65, 0x71, 0x75, 0x65, 0x6e, 0x74, 0x69, 0x61, 0x6c, 0x5f, 0x31,
  0x2f, 0x6c, 0x73, 0x74, 0x6d, 0x5f, 0x31, 0x2f, 0x77, 0x68, 0x69, 0x6c,
  0x65, 0x3b, 0x73, 0x65, 0x71, 0x75, 0x65, 0x6e, 0x74, 0x69, 0x61, 0x6c,
  0x5f, 0x31, 0x2f, 0x6c, 0x73, 0x74, 0x6d, 0x5f, 0x31, 0x2f, 0x77, 0x68,
  0x69, 0x6c, 0x65, 0x31, 0x3b, 0x73, 0x65, 0x71, 0x75, 0x65, 0x6e, 0x74,
  0x69, 0x61, 0x6c, 0x5f, 0x31, 0x2f, 0x6c, 0x73, 0x74, 0x6d, 0x5f, 0x31,
  0x2f, 0x77, 0x68, 0x69, 0x6c, 0x65, 0x32, 0x3b, 0x73, 0x65, 0x71, 0x75,
  0x65, 0x6e, 0x74, 0x69, 0x61, 0x6c, 0x5f, 0x31, 0x2f, 0x6c, 0x73, 0x74,
  0x6d, 0x5f, 0x31, 0x2f, 0x77, 0x68, 0x69, 0x6c, 0x65, 0x33, 0x3b, 0x73,
  0x65, 0x71, 0x75, 0x65, 0x6e, 0x74, 0x69, 0x61, 0x6c, 0x5f, 0x31, 0x2f,
  0x6c, 0x73, 0x74, 0x6d, 0x5f, 0x31, 0x2f, 0x77, 0x68, 0x69, 0x6c, 0x65,
  0x34, 0x3b, 0x73, 0x65, 0x71, 0x75, 0x65, 0x6e, 0x74, 0x69, 0x61, 0x6c,
  0x5f, 0x31, 0x2f, 0x6c, 0x73, 0x74, 0x6d, 0x5f, 0x31, 0x2f, 0x77, 0x68,
  0x69, 0x6c, 0x65, 0x35, 0x34, 0x00, 0x00, 0x00, 0x02, 0x00, 0x00, 0x00,
  0x01, 0x00, 0x00, 0x00, 0x20, 0x00, 0x00, 0x00, 0x82, 0xfb, 0xff, 0xff,
  0x00, 0x00, 0x00, 0x01, 0x14, 0x00, 0x00, 0x00, 0x1c, 0x00, 0x00, 0x00,
  0x1c, 0x00, 0x00, 0x00, 0x1a, 0x00, 0x00, 0x00, 0xbc, 0x00, 0x00, 0x00,
  0x02, 0x00, 0x00, 0x00, 0xff, 0xff, 0xff, 0xff, 0x20, 0x00, 0x00, 0x00,
  0x60, 0xf4, 0xff, 0xff, 0xa1, 0x00, 0x00, 0x00, 0x73, 0x65, 0x71, 0x75,
  0x65, 0x6e, 0x74, 0x69, 0x61, 0x6c, 0x5f, 0x31, 0x2f, 0x6c, 0x73, 0x74,
  0x6d, 0x5f, 0x31, 0x2f, 0x77, 0x68, 0x69, 0x6c, 0x65, 0x3b, 0x73, 0x65,
  0x71, 0x75, 0x65, 0x6e, 0x74, 0x69, 0x61, 0x6c, 0x5f, 0x31, 0x2f, 0x6c,
  0x73, 0x74, 0x6d, 0x5f, 0x31, 0x2f, 0x77, 0x68, 0x69, 0x6c, 0x65, 0x31,
  0x3b, 0x73, 0x65, 0x71, 0x75, 0x65, 0x6e, 0x74, 0x69, 0x61, 0x6c, 0x5f,
  0x31, 0x2f, 0x6c, 0x73, 0x74, 0x6d, 0x5f, 0x31, 0x2f, 0x77, 0x68, 0x69,
  0x6c, 0x65, 0x32, 0x3b, 0x73, 0x65, 0x71, 0x75, 0x65, 0x6e, 0x74, 0x69,
  0x61, 0x6c, 0x5f, 0x31, 0x2f, 0x6c, 0x73, 0x74, 0x6d, 0x5f, 0x31, 0x2f,
  0x77, 0x68, 0x69, 0x6c, 0x65, 0x33, 0x3b, 0x73, 0x65, 0x71, 0x75, 0x65,
  0x6e, 0x74, 0x69, 0x61, 0x6c, 0x5f, 0x31, 0x2f, 0x6c, 0x73, 0x74, 0x6d,
  0x5f, 0x31, 0x2f, 0x77, 0x68, 0x69, 0x6c, 0x65, 0x34, 0x3b, 0x73, 0x65,
  0x71, 0x75, 0x65, 0x6e, 0x74, 0x69, 0x61, 0x6c, 0x5f, 0x31, 0x2f, 0x6c,
  0x73, 0x74, 0x6d, 0x5f, 0x31, 0x2f, 0x77, 0x68, 0x69, 0x6c, 0x65, 0x35,
  0x33, 0x00, 0x00, 0x00, 0x02, 0x00, 0x00, 0x00, 0x01, 0x00, 0x00, 0x00,
  0x20, 0x00, 0x00, 0x00, 0x18, 0xfb, 0xff, 0xff, 0x1c, 0x00, 0x00, 0x00,
  0x00, 0x00, 0x00, 0x01, 0x34, 0x00, 0x00, 0x00, 0x34, 0x00, 0x00, 0x00,
  0x19, 0x00, 0x00, 0x00, 0x00, 0x00, 0x00, 0x0e, 0xd0, 0x00, 0x00, 0x00,
  0x01, 0x00, 0x00, 0x00, 0x04, 0x00, 0x00, 0x00, 0xfe, 0xfa, 0xff, 0xff,
  0x00, 0x00, 0x00, 0x01, 0x04, 0x00, 0x00, 0x00, 0x02, 0x00, 0x00, 0x00,
  0x00, 0x00, 0x00, 0x00, 0x20, 0x00, 0x00, 0x00, 0x58, 0xf5, 0xff, 0xff,
  0xa1, 0x00, 0x00, 0x00, 0x73, 0x65, 0x71, 0x75, 0x65, 0x6e, 0x74, 0x69,
  0x61, 0x6c, 0x5f, 0x31, 0x2f, 0x6c, 0x73, 0x74, 0x6d, 0x5f, 0x31, 0x2f,
  0x77, 0x68, 0x69, 0x6c, 0x65, 0x3b, 0x73, 0x65, 0x71, 0x75, 0x65, 0x6e,
  0x74, 0x69, 0x61, 0x6c, 0x5f, 0x31, 0x2f, 0x6c, 0x73, 0x74, 0x6d, 0x5f,
  0x31, 0x2f, 0x77, 0x68, 0x69, 0x6c, 0x65, 0x31, 0x3b, 0x73, 0x65, 0x71,
  0x75, 0x65, 0x6e, 0x74, 0x69, 0x61, 0x6c, 0x5f, 0x31, 0x2f, 0x6c, 0x73,
  0x74, 0x6d, 0x5f, 0x31, 0x2f, 0x77, 0x68, 0x69, 0x6c, 0x65, 0x32, 0x3b,
  0x73, 0x65, 0x71, 0x75, 0x65, 0x6e, 0x74, 0x69, 0x61, 0x6c, 0x5f, 0x31,
  0x2f, 0x6c, 0x73, 0x74, 0x6d, 0x5f, 0x31, 0x2f, 0x77, 0x68, 0x69, 0x6c,
  0x65, 0x33, 0x3b, 0x73, 0x65, 0x71, 0x75, 0x65, 0x6e, 0x74, 0x69, 0x61,
  0x6c, 0x5f, 0x31, 0x2f, 0x6c, 0x73, 0x74, 0x6d, 0x5f, 0x31, 0x2f, 0x77,
  0x68, 0x69, 0x6c, 0x65, 0x34, 0x3b, 0x73, 0x65, 0x71, 0x75, 0x65, 0x6e,
  0x74, 0x69, 0x61, 0x6c, 0x5f, 0x31, 0x2f, 0x6c, 0x73, 0x74, 0x6d, 0x5f,
  0x31, 0x2f, 0x77, 0x68, 0x69, 0x6c, 0x65, 0x35, 0x32, 0x00, 0x00, 0x00,
  0x00, 0x00, 0x00, 0x00, 0x3a, 0xf6, 0xff, 0xff, 0x00, 0x00, 0x00, 0x01,
  0x14, 0x00, 0x00, 0x00, 0x14, 0x00, 0x00, 0x00, 0x18, 0x00, 0x00, 0x00,
  0x00, 0x00, 0x00, 0x02, 0xb0, 0x00, 0x00, 0x00, 0x24, 0xf6, 0xff, 0xff,
  0xa1, 0x00, 0x00, 0x00, 0x73, 0x65, 0x71, 0x75, 0x65, 0x6e, 0x74, 0x69,
  0x61, 0x6c, 0x5f, 0x31, 0x2f, 0x6c, 0x73, 0x74, 0x6d, 0x5f, 0x31, 0x2f,
  0x77, 0x68, 0x69, 0x6c, 0x65, 0x3b, 0x73, 0x65, 0x71, 0x75, 0x65, 0x6e,
  0x74, 0x69, 0x61, 0x6c, 0x5f, 0x31, 0x2f, 0x6c, 0x73, 0x74, 0x6d, 0x5f,
  0x31, 0x2f, 0x77, 0x68, 0x69, 0x6c, 0x65, 0x31, 0x3b, 0x73, 0x65, 0x71,
  0x75, 0x65, 0x6e, 0x74, 0x69, 0x61, 0x6c, 0x5f, 0x31, 0x2f, 0x6c, 0x73,
  0x74, 0x6d, 0x5f, 0x31, 0x2f, 0x77, 0x68, 0x69, 0x6c, 0x65, 0x32, 0x3b,
  0x73, 0x65, 0x71, 0x75, 0x65, 0x6e, 0x74, 0x69, 0x61, 0x6c, 0x5f, 0x31,
  0x2f, 0x6c, 0x73, 0x74, 0x6d, 0x5f, 0x31, 0x2f, 0x77, 0x68, 0x69, 0x6c,
  0x65, 0x33, 0x3b, 0x73, 0x65, 0x71, 0x75, 0x65, 0x6e, 0x74, 0x69, 0x61,
  0x6c, 0x5f, 0x31, 0x2f, 0x6c, 0x73, 0x74, 0x6d, 0x5f, 0x31, 0x2f, 0x77,
  0x68, 0x69, 0x6c, 0x65, 0x34, 0x3b, 0x73, 0x65, 0x71, 0x75, 0x65, 0x6e,
  0x74, 0x69, 0x61, 0x6c, 0x5f, 0x31, 0x2f, 0x6c, 0x73, 0x74, 0x6d, 0x5f,
  0x31, 0x2f, 0x77, 0x68, 0x69, 0x6c, 0x65, 0x35, 0x31, 0x00, 0x00, 0x00,
  0x00, 0x00, 0x00, 0x00, 0x06, 0xf7, 0xff, 0xff, 0x00, 0x00, 0x00, 0x01,
  0x14, 0x00, 0x00, 0x00, 0x14, 0x00, 0x00, 0x00, 0x17, 0x00, 0x00, 0x00,
  0x00, 0x00, 0x00, 0x02, 0xb0, 0x00, 0x00, 0x00, 0xf0, 0xf6, 0xff, 0xff,
  0xa0, 0x00, 0x00, 0x00, 0x73, 0x65, 0x71, 0x75, 0x65, 0x6e, 0x74, 0x69,
  0x61, 0x6c, 0x5f, 0x31, 0x2f, 0x6c, 0x73, 0x74, 0x6d, 0x5f, 0x31, 0x2f,
  0x77, 0x68, 0x69, 0x6c, 0x65, 0x3b, 0x73, 0x65, 0x71, 0x75, 0x65, 0x6e,
  0x74, 0x69, 0x61, 0x6c, 0x5f, 0x31, 0x2f, 0x6c, 0x73, 0x74, 0x6d, 0x5f,
  0x31, 0x2f, 0x77, 0x68, 0x69, 0x6c, 0x65, 0x31, 0x3b, 0x73, 0x65, 0x71,
  0x75, 0x65, 0x6e, 0x74, 0x69, 0x61, 0x6c, 0x5f, 0x31, 0x2f, 0x6c, 0x73,
  0x74, 0x6d, 0x5f, 0x31, 0x2f, 0x77, 0x68, 0x69, 0x6c, 0x65, 0x32, 0x3b,
  0x73, 0x65, 0x71, 0x75, 0x65, 0x6e, 0x74, 0x69, 0x61, 0x6c, 0x5f, 0x31,
  0x2f, 0x6c, 0x73, 0x74, 0x6d, 0x5f, 0x31, 0x2f, 0x77, 0x68, 0x69, 0x6c,
  0x65, 0x33, 0x3b, 0x73, 0x65, 0x71, 0x75, 0x65, 0x6e, 0x74, 0x69, 0x61,
  0x6c, 0x5f, 0x31, 0x2f, 0x6c, 0x73, 0x74, 0x6d, 0x5f, 0x31, 0x2f, 0x77,
  0x68, 0x69, 0x6c, 0x65, 0x34, 0x3b, 0x73, 0x65, 0x71, 0x75, 0x65, 0x6e,
  0x74, 0x69, 0x61, 0x6c, 0x5f, 0x31, 0x2f, 0x6c, 0x73, 0x74, 0x6d, 0x5f,
  0x31, 0x2f, 0x77, 0x68, 0x69, 0x6c, 0x65, 0x35, 0x00, 0x00, 0x00, 0x00,
  0x00, 0x00, 0x00, 0x00, 0xea, 0xfe, 0xff, 0xff, 0x00, 0x00, 0x00, 0x01,
  0x14, 0x00, 0x00, 0x00, 0x1c, 0x00, 0x00, 0x00, 0x1c, 0x00, 0x00, 0x00,
  0x16, 0x00, 0x00, 0x00, 0x28, 0x00, 0x00, 0x00, 0x02, 0x00, 0x00, 0x00,
  0xff, 0xff, 0xff, 0xff, 0x20, 0x00, 0x00, 0x00, 0xc8, 0xf7, 0xff, 0xff,
  0x0e, 0x00, 0x00, 0x00, 0x74, 0x66, 0x6c, 0x2e, 0x64, 0x65, 0x71, 0x75,
  0x61, 0x6e, 0x74, 0x69, 0x7a, 0x65, 0x00, 0x00, 0x02, 0x00, 0x00, 0x00,
  0x01, 0x00, 0x00, 0x00, 0x20, 0x00, 0x00, 0x00, 0xc6, 0xf7, 0xff, 0xff,
  0x00, 0x00, 0x00, 0x01, 0x18, 0x00, 0x00, 0x00, 0x20, 0x00, 0x00, 0x00,
  0x3c, 0x00, 0x00, 0x00, 0x15, 0x00, 0x00, 0x00, 0x00, 0x00, 0x00, 0x09,
  0x50, 0x00, 0x00, 0x00, 0x02, 0x00, 0x00, 0x00, 0xff, 0xff, 0xff, 0xff,
  0x20, 0x00, 0x00, 0x00, 0xac, 0xf7, 0xff, 0xff, 0x08, 0x00, 0x00, 0x00,
  0x10, 0x00, 0x00, 0x00, 0x01, 0x00, 0x00, 0x00, 0x00, 0x00, 0x00, 0x00,
  0x00, 0x00, 0x00, 0x00, 0x01, 0x00, 0x00, 0x00, 0x7b, 0xbe, 0x06, 0x32,
  0x19, 0x00, 0x00, 0x00, 0x73, 0x65, 0x71, 0x75, 0x65, 0x6e, 0x74, 0x69,
  0x61, 0x6c, 0x5f, 0x31, 0x2f, 0x6c, 0x73, 0x74, 0x6d, 0x5f, 0x31, 0x2f,
  0x7a, 0x65, 0x72, 0x6f, 0x73, 0x00, 0x00, 0x00, 0x02, 0x00, 0x00, 0x00,
  0x01, 0x00, 0x00, 0x00, 0x20, 0x00, 0x00, 0x00, 0x96, 0xf8, 0xff, 0xff,
  0x00, 0x00, 0x00, 0x01, 0x14, 0x00, 0x00, 0x00, 0x14, 0x00, 0x00, 0x00,
  0x14, 0x00, 0x00, 0x00, 0x00, 0x00, 0x00, 0x02, 0x30, 0x00, 0x00, 0x00,
  0x80, 0xf8, 0xff, 0xff, 0x20, 0x00, 0x00, 0x00, 0x73, 0x65, 0x71, 0x75,
  0x65, 0x6e, 0x74, 0x69, 0x61, 0x6c, 0x5f, 0x31, 0x2f, 0x6c, 0x73, 0x74,
  0x6d, 0x5f, 0x31, 0x2f, 0x7a, 0x65, 0x72, 0x6f, 0x73, 0x2f, 0x70, 0x61,
  0x63, 0x6b, 0x65, 0x64, 0x00, 0x00, 0x00, 0x00, 0x01, 0x00, 0x00, 0x00,
  0x02, 0x00, 0x00, 0x00, 0x00, 0x00, 0x16, 0x00, 0x1c, 0x00, 0x18, 0x00,
  0x00, 0x00, 0x14, 0x00, 0x10, 0x00, 0x0c, 0x00, 0x00, 0x00, 0x00, 0x00,
  0x08, 0x00, 0x07, 0x00, 0x16, 0x00, 0x00, 0x00, 0x00, 0x00, 0x00, 0x01,
  0x14, 0x00, 0x00, 0x00, 0x20, 0x00, 0x00, 0x00, 0x20, 0x00, 0x00, 0x00,
  0x13, 0x00, 0x00, 0x00, 0x3c, 0x00, 0x00, 0x00, 0x03, 0x00, 0x00, 0x00,
  0x03, 0x00, 0x00, 0x00, 0xff, 0xff, 0xff, 0xff, 0x03, 0x00, 0x00, 0x00,
  0xf8, 0xf8, 0xff, 0xff, 0x1e, 0x00, 0x00, 0x00, 0x73, 0x65, 0x71, 0x75,
  0x65, 0x6e, 0x74, 0x69, 0x61, 0x6c, 0x5f, 0x31, 0x2f, 0x6c, 0x73, 0x74,
  0x6d, 0x5f, 0x31, 0x2f, 0x74, 0x72, 0x61, 0x6e, 0x73, 0x70, 0x6f, 0x73,
  0x65, 0x31, 0x00, 0x00, 0x03, 0x00, 0x00, 0x00, 0x03, 0x00, 0x00, 0x00,
  0x01, 0x00, 0x00, 0x00, 0x03, 0x00, 0x00, 0x00, 0x0a, 0xf9, 0xff, 0xff,
  0x00, 0x00, 0x00, 0x01, 0x18, 0x00, 0x00, 0x00, 0x24, 0x00, 0x00, 0x00,
  0x40, 0x00, 0x00, 0x00, 0x12, 0x00, 0x00, 0x00, 0x00, 0x00, 0x00, 0x09,
  0x58, 0x00, 0x00, 0x00, 0x03, 0x00, 0x00, 0x00, 0x03, 0x00, 0x00, 0x00,
  0xff, 0xff, 0xff, 0xff, 0x03, 0x00, 0x00, 0x00, 0xf4, 0xf8, 0xff, 0xff,
  0x08, 0x00, 0x00, 0x00, 0x10, 0x00, 0x00, 0x00, 0x01, 0x00, 0x00, 0x00,
  0x0f, 0x00, 0x00, 0x00, 0x00, 0x00, 0x00, 0x00, 0x01, 0x00, 0x00, 0x00,
  0x12, 0x97, 0x02, 0x3d, 0x1d, 0x00, 0x00, 0x00, 0x73, 0x65, 0x71, 0x75,
  0x65, 0x6e, 0x74, 0x69, 0x61, 0x6c, 0x5f, 0x31, 0x2f, 0x6c, 0x73, 0x74,
  0x6d, 0x5f, 0x31, 0x2f, 0x74, 0x72, 0x61, 0x6e, 0x73, 0x70, 0x6f, 0x73,
  0x65, 0x00, 0x00, 0x00, 0x03, 0x00, 0x00, 0x00, 0x03, 0x00, 0x00, 0x00,
  0x01, 0x00, 0x00, 0x00, 0x03, 0x00, 0x00, 0x00, 0xe6, 0xf9, 0xff, 0xff,
  0x00, 0x00, 0x00, 0x01, 0x14, 0x00, 0x00, 0x00, 0x14, 0x00, 0x00, 0x00,
  0x11, 0x00, 0x00, 0x00, 0x00, 0x00, 0x00, 0x02, 0x30, 0x00, 0x00, 0x00,
  0xd0, 0xf9, 0xff, 0xff, 0x21, 0x00, 0x00, 0x00, 0x73, 0x65, 0x71, 0x75,
  0x65, 0x6e, 0x74, 0x69, 0x61, 0x6c, 0x5f, 0x31, 0x2f, 0x6c, 0x73, 0x74,
  0x6d, 0x5f, 0x31, 0x2f, 0x73, 0x74, 0x72, 0x69, 0x64, 0x65, 0x64, 0x5f,
  0x73, 0x6c, 0x69, 0x63, 0x65, 0x00, 0x00, 0x00, 0x00, 0x00, 0x00, 0x00,
  0x18, 0x00, 0x20, 0x00, 0x1c, 0x00, 0x1b, 0x00, 0x14, 0x00, 0x10, 0x00,
  0x0c, 0x00, 0x00, 0x00, 0x00, 0x00, 0x00, 0x00, 0x0b, 0x00, 0x04, 0x00,
  0x18, 0x00, 0x00, 0x00, 0x1c, 0x00, 0x00, 0x00, 0x00, 0x00, 0x00, 0x01,
  0x40, 0x00, 0x00, 0x00, 0x40, 0x00, 0x00, 0x00, 0x10, 0x00, 0x00, 0x00,
  0x00, 0x00, 0x00, 0x0e, 0x5c, 0x00, 0x00, 0x00, 0x01, 0x00, 0x00, 0x00,
  0x10, 0x00, 0x00, 0x00, 0x00, 0x00, 0x0a, 0x00, 0x0c, 0x00, 0x08, 0x00,
  0x00, 0x00, 0x07, 0x00, 0x0a, 0x00, 0x00, 0x00, 0x00, 0x00, 0x00, 0x01,
  0x04, 0x00, 0x00, 0x00, 0x02, 0x00, 0x00, 0x00, 0x00, 0x00, 0x00, 0x00,
  0x20, 0x00, 0x00, 0x00, 0x64, 0xfa, 0xff, 0xff, 0x23, 0x00, 0x00, 0x00,
  0x73, 0x65, 0x71, 0x75, 0x65, 0x6e, 0x74, 0x69, 0x61, 0x6c, 0x5f, 0x31,
  0x2f, 0x6c, 0x73, 0x74, 0x6d, 0x5f, 0x31, 0x2f, 0x54, 0x65, 0x6e, 0x73,
  0x6f, 0x72, 0x41, 0x72, 0x72, 0x61, 0x79, 0x56, 0x32, 0x5f, 0x31, 0x00,
  0x00, 0x00, 0x00, 0x00, 0xc6, 0xfa, 0xff, 0xff, 0x00, 0x00, 0x00, 0x01,
  0x14, 0x00, 0x00, 0x00, 0x14, 0x00, 0x00, 0x00, 0x0f, 0x00, 0x00, 0x00,
  0x00, 0x00, 0x00, 0x02, 0x28, 0x00, 0x00, 0x00, 0xb0, 0xfa, 0xff, 0xff,
  0x19, 0x00, 0x00, 0x00, 0x73, 0x65, 0x71, 0x75, 0x65, 0x6e, 0x74, 0x69,
  0x61, 0x6c, 0x5f, 0x31, 0x2f, 0x6c, 0x73, 0x74, 0x6d, 0x5f, 0x31, 0x2f,
  0x53, 0x68, 0x61, 0x70, 0x65, 0x00, 0x00, 0x00, 0x01, 0x00, 0x00, 0x00,
  0x03, 0x00, 0x00, 0x00, 0x0e, 0xfb, 0xff, 0xff, 0x00, 0x00, 0x00, 0x01,
  0x14, 0x00, 0x00, 0x00, 0x30, 0x00, 0x00, 0x00, 0x0e, 0x00, 0x00, 0x00,
  0x00, 0x00, 0x00, 0x09, 0x3c, 0x00, 0x00, 0x00, 0x8c, 0xfa, 0xff, 0xff,
  0x08, 0x00, 0x00, 0x00, 0x10, 0x00, 0x00, 0x00, 0x01, 0x00, 0x00, 0x00,
  0x00, 0x00, 0x00, 0x00, 0x00, 0x00, 0x00, 0x00, 0x01, 0x00, 0x00, 0x00,
  0x7b, 0xbe, 0x06, 0x32, 0x12, 0x00, 0x00, 0x00, 0x74, 0x66, 0x6c, 0x2e,
  0x70, 0x73, 0x65, 0x75, 0x64, 0x6f, 0x5f, 0x71, 0x63, 0x6f, 0x6e, 0x73,
  0x74, 0x34, 0x00, 0x00, 0x00, 0x00, 0x00, 0x00, 0x66, 0xfb, 0xff, 0xff,
  0x00, 0x00, 0x00, 0x01, 0x14, 0x00, 0x00, 0x00, 0xe8, 0x00, 0x00, 0x00,
  0x0d, 0x00, 0x00, 0x00, 0x00, 0x00, 0x00, 0x09, 0xf4, 0x00, 0x00, 0x00,
  0xe4, 0xfa, 0xff, 0xff, 0x08, 0x00, 0x00, 0x00, 0x8c, 0x00, 0x00, 0x00,
  0x10, 0x00, 0x00, 0x00, 0x00, 0x00, 0x00, 0x00, 0x00, 0x00, 0x00, 0x00,
  0x00, 0x00, 0x00, 0x00, 0x00, 0x00, 0x00, 0x00, 0x00, 0x00, 0x00, 0x00,
  0x00, 0x00, 0x00, 0x00, 0x00, 0x00, 0x00, 0x00, 0x00, 0x00, 0x00, 0x00,
  0x00, 0x00, 0x00, 0x00, 0x00, 0x00, 0x00, 0x00, 0x00, 0x00, 0x00, 0x00,
  0x00, 0x00, 0x00, 0x00, 0x00, 0x00, 0x00, 0x00, 0x00, 0x00, 0x00, 0x00,
  0x00, 0x00, 0x00, 0x00, 0x00, 0x00, 0x00, 0x00, 0x00, 0x00, 0x00, 0x00,
  0x00, 0x00, 0x00, 0x00, 0x00, 0x00, 0x00, 0x00, 0x00, 0x00, 0x00, 0x00,
  0x00, 0x00, 0x00, 0x00, 0x00, 0x00, 0x00, 0x00, 0x00, 0x00, 0x00, 0x00,
  0x00, 0x00, 0x00, 0x00, 0x00, 0x00, 0x00, 0x00, 0x00, 0x00, 0x00, 0x00,
  0x00, 0x00, 0x00, 0x00, 0x00, 0x00, 0x00, 0x00, 0x00, 0x00, 0x00, 0x00,
  0x00, 0x00, 0x00, 0x00, 0x00, 0x00, 0x00, 0x00, 0x00, 0x00, 0x00, 0x00,
  0x00, 0x00, 0x00, 0x00, 0x10, 0x00, 0x00, 0x00, 0x09, 0x71, 0xfc, 0x3a,
  0x77, 0x4f, 0x04, 0x3b, 0xb3, 0xe1, 0x03, 0x3b, 0xb6, 0x5c, 0xfc, 0x3a,
  0xb4, 0xb4, 0x02, 0x3b, 0x78, 0xd4, 0x03, 0x3b, 0x91, 0x36, 0xfc, 0x3a,
  0xea, 0xb3, 0xff, 0x3a, 0xf1, 0x02, 0xf5, 0x3a, 0x6f, 0x09, 0x00, 0x3b,
  0x3b, 0x93, 0xf6, 0x3a, 0xe0, 0xb6, 0xed, 0x3a, 0x11, 0x1e, 0xfb, 0x3a,
  0x8e, 0xb9, 0xfa, 0x3a, 0x23, 0xc3, 0xec, 0x3a, 0xf2, 0x00, 0x01, 0x3b,
  0x12, 0x00, 0x00, 0x00, 0x74, 0x66, 0x6c, 0x2e, 0x70, 0x73, 0x65, 0x75,
  0x64, 0x6f, 0x5f, 0x71, 0x63, 0x6f, 0x6e, 0x73, 0x74, 0x33, 0x00, 0x00,
  0x02, 0x00, 0x00, 0x00, 0x10, 0x00, 0x00, 0x00, 0x60, 0x00, 0x00, 0x00,
  0x7e, 0xfc, 0xff, 0xff, 0x00, 0x00, 0x00, 0x01, 0x14, 0x00, 0x00, 0x00,
  0xe4, 0x00, 0x00, 0x00, 0x0c, 0x00, 0x00, 0x00, 0x00, 0x00, 0x00, 0x02,
  0xf0, 0x00, 0x00, 0x00, 0xfc, 0xfb, 0xff, 0xff, 0x08, 0x00, 0x00, 0x00,
  0x88, 0x00, 0x00, 0x00, 0x10, 0x00, 0x00, 0x00, 0x00, 0x00, 0x00, 0x00,
  0x00, 0x00, 0x00, 0x00, 0x00, 0x00, 0x00, 0x00, 0x00, 0x00, 0x00, 0x00,
  0x00, 0x00, 0x00, 0x00, 0x00, 0x00, 0x00, 0x00, 0x00, 0x00, 0x00, 0x00,
  0x00, 0x00, 0x00, 0x00, 0x00, 0x00, 0x00, 0x00, 0x00, 0x00, 0x00, 0x00,
  0x00, 0x00, 0x00, 0x00, 0x00, 0x00, 0x00, 0x00, 0x00, 0x00, 0x00, 0x00,
  0x00, 0x00, 0x00, 0x00, 0x00, 0x00, 0x00, 0x00, 0x00, 0x00, 0x00, 0x00,
  0x00, 0x00, 0x00, 0x00, 0x00, 0x00, 0x00, 0x00, 0x00, 0x00, 0x00, 0x00,
  0x00, 0x00, 0x00, 0x00, 0x00, 0x00, 0x00, 0x00, 0x00, 0x00, 0x00, 0x00,
  0x00, 0x00, 0x00, 0x00, 0x00, 0x00, 0x00, 0x00, 0x00, 0x00, 0x00, 0x00,
  0x00, 0x00, 0x00, 0x00, 0x00, 0x00, 0x00, 0x00, 0x00, 0x00, 0x00, 0x00,
  0x00, 0x00, 0x00, 0x00, 0x00, 0x00, 0x00, 0x00, 0x00, 0x00, 0x00, 0x00,
  0x00, 0x00, 0x00, 0x00, 0x10, 0x00, 0x00, 0x00, 0x60, 0xfe, 0xa0, 0x36,
  0xcd, 0xc2, 0xa8, 0x36, 0xcc, 0x36, 0xa8, 0x36, 0x6a, 0xf1, 0xa0, 0x36,
  0xe1, 0xb6, 0xa6, 0x36, 0xec, 0x25, 0xa8, 0x36, 0x16, 0xd9, 0xa0, 0x36,
  0xd1, 0x12, 0xa3, 0x36, 0x52, 0x41, 0x9c, 0x36, 0x5f, 0x4f, 0xa3, 0x36,
  0x9b, 0x40, 0x9d, 0x36, 0xf8, 0x99, 0x97, 0x36, 0x33, 0x26, 0xa0, 0x36,
  0x19, 0xe6, 0x9f, 0x36, 0x87, 0xfe, 0x96, 0x36, 0x12, 0x8b, 0xa4, 0x36,
  0x12, 0x00, 0x00, 0x00, 0x74, 0x66, 0x6c, 0x2e, 0x70, 0x73, 0x65, 0x75,
  0x64, 0x6f, 0x5f, 0x71, 0x63, 0x6f, 0x6e, 0x73, 0x74, 0x32, 0x00, 0x00,
  0x01, 0x00, 0x00, 0x00, 0x10, 0x00, 0x00, 0x00, 0x8e, 0xfd, 0xff, 0xff,
  0x00, 0x00, 0x00, 0x01, 0x14, 0x00, 0x00, 0x00, 0x40, 0x00, 0x00, 0x00,
  0x0b, 0x00, 0x00, 0x00, 0x00, 0x00, 0x00, 0x09, 0x4c, 0x00, 0x00, 0x00,
  0x0c, 0xfd, 0xff, 0xff, 0x08, 0x00, 0x00, 0x00, 0x1c, 0x00, 0x00, 0x00,
  0x02, 0x00, 0x00, 0x00, 0x00, 0x00, 0x00, 0x00, 0x00, 0x00, 0x00, 0x00,
  0x00, 0x00, 0x00, 0x00, 0x00, 0x00, 0x00, 0x00, 0x00, 0x00, 0x00, 0x00,
  0x02, 0x00, 0x00, 0x00, 0xc4, 0x97, 0x98, 0x3b, 0x34, 0x5a, 0x92, 0x3b,
  0x12, 0x00, 0x00, 0x00, 0x74, 0x66, 0x6c, 0x2e, 0x70, 0x73, 0x65, 0x75,
  0x64, 0x6f, 0x5f, 0x71, 0x63, 0x6f, 0x6e, 0x73, 0x74, 0x31, 0x00, 0x00,
  0x02, 0x00, 0x00, 0x00, 0x02, 0x00, 0x00, 0x00, 0x10, 0x00, 0x00, 0x00,
  0xfe, 0xfd, 0xff, 0xff, 0x00, 0x00, 0x00, 0x01, 0x14, 0x00, 0x00, 0x00,
  0x3c, 0x00, 0x00, 0x00, 0x0a, 0x00, 0x00, 0x00, 0x00, 0x00, 0x00, 0x02,
  0x48, 0x00, 0x00, 0x00, 0x7c, 0xfd, 0xff, 0xff, 0x08, 0x00, 0x00, 0x00,
  0x18, 0x00, 0x00, 0x00, 0x02, 0x00, 0x00, 0x00, 0x00, 0x00, 0x00, 0x00,
  0x00, 0x00, 0x00, 0x00, 0x00, 0x00, 0x00, 0x00, 0x00, 0x00, 0x00, 0x00,
  0x02, 0x00, 0x00, 0x00, 0x0a, 0x72, 0xff, 0x36, 0xab, 0xff, 0xf4, 0x36,
  0x11, 0x00, 0x00, 0x00, 0x74, 0x66, 0x6c, 0x2e, 0x70, 0x73, 0x65, 0x75,
  0x64, 0x6f, 0x5f, 0x71, 0x63, 0x6f, 0x6e, 0x73, 0x74, 0x00, 0x00, 0x00,
  0x01, 0x00, 0x00, 0x00, 0x02, 0x00, 0x00, 0x00, 0x66, 0xfe, 0xff, 0xff,
  0x00, 0x00, 0x00, 0x01, 0x14, 0x00, 0x00, 0x00, 0x14, 0x00, 0x00, 0x00,
  0x09, 0x00, 0x00, 0x00, 0x00, 0x00, 0x00, 0x02, 0x1c, 0x00, 0x00, 0x00,
  0x50, 0xfe, 0xff, 0xff, 0x0f, 0x00, 0x00, 0x00, 0x61, 0x72, 0x69, 0x74,
  0x68, 0x2e, 0x63, 0x6f, 0x6e, 0x73, 0x74, 0x61, 0x6e, 0x74, 0x37, 0x00,
  0x01, 0x00, 0x00, 0x00, 0x02, 0x00, 0x00, 0x00, 0xa2, 0xfe, 0xff, 0xff,
  0x00, 0x00, 0x00, 0x01, 0x14, 0x00, 0x00, 0x00, 0x14, 0x00, 0x00, 0x00,
  0x04, 0x00, 0x00, 0x00, 0x00, 0x00, 0x00, 0x02, 0x1c, 0x00, 0x00, 0x00,
  0x8c, 0xfe, 0xff, 0xff, 0x0f, 0x00, 0x00, 0x00, 0x61, 0x72, 0x69, 0x74,
  0x68, 0x2e, 0x63, 0x6f, 0x6e, 0x73, 0x74, 0x61, 0x6e, 0x74, 0x36, 0x00,
  0x00, 0x00, 0x00, 0x00, 0xda, 0xfe, 0xff, 0xff, 0x00, 0x00, 0x00, 0x01,
  0x14, 0x00, 0x00, 0x00, 0x14, 0x00, 0x00, 0x00, 0x07, 0x00, 0x00, 0x00,
  0x00, 0x00, 0x00, 0x02, 0x1c, 0x00, 0x00, 0x00, 0xc4, 0xfe, 0xff, 0xff,
  0x0f, 0x00, 0x00, 0x00, 0x61, 0x72, 0x69, 0x74, 0x68, 0x2e, 0x63, 0x6f,
  0x6e, 0x73, 0x74, 0x61, 0x6e, 0x74, 0x35, 0x00, 0x00, 0x00, 0x00, 0x00,
  0x12, 0xff, 0xff, 0xff, 0x00, 0x00, 0x00, 0x01, 0x14, 0x00, 0x00, 0x00,
  0x14, 0x00, 0x00, 0x00, 0x06, 0x00, 0x00, 0x00, 0x00, 0x00, 0x00, 0x02,
  0x1c, 0x00, 0x00, 0x00, 0xfc, 0xfe, 0xff, 0xff, 0x0f, 0x00, 0x00, 0x00,
  0x61, 0x72, 0x69, 0x74, 0x68, 0x2e, 0x63, 0x6f, 0x6e, 0x73, 0x74, 0x61,
  0x6e, 0x74, 0x34, 0x00, 0x01, 0x00, 0x00, 0x00, 0x03, 0x00, 0x00, 0x00,
  0x4e, 0xff, 0xff, 0xff, 0x00, 0x00, 0x00, 0x01, 0x14, 0x00, 0x00, 0x00,
  0x14, 0x00, 0x00, 0x00, 0x05, 0x00, 0x00, 0x00, 0x00, 0x00, 0x00, 0x02,
  0x1c, 0x00, 0x00, 0x00, 0x38, 0xff, 0xff, 0xff, 0x0f, 0x00, 0x00, 0x00,
  0x61, 0x72, 0x69, 0x74, 0x68, 0x2e, 0x63, 0x6f, 0x6e, 0x73, 0x74, 0x61,
  0x6e, 0x74, 0x33, 0x00, 0x01, 0x00, 0x00, 0x00, 0x01, 0x00, 0x00, 0x00,
  0x8a, 0xff, 0xff, 0xff, 0x00, 0x00, 0x00, 0x01, 0x14, 0x00, 0x00, 0x00,
  0x14, 0x00, 0x00, 0x00, 0x04, 0x00, 0x00, 0x00, 0x00, 0x00, 0x00, 0x02,
  0x1c, 0x00, 0x00, 0x00, 0x74, 0xff, 0xff, 0xff, 0x0f, 0x00, 0x00, 0x00,
  0x61, 0x72, 0x69, 0x74, 0x68, 0x2e, 0x63, 0x6f, 0x6e, 0x73, 0x74, 0x61,
  0x6e, 0x74, 0x32, 0x00, 0x01, 0x00, 0x00, 0x00, 0x01, 0x00, 0x00, 0x00,
  0xc6, 0xff, 0xff, 0xff, 0x00, 0x00, 0x00, 0x01, 0x14, 0x00, 0x00, 0x00,
  0x14, 0x00, 0x00, 0x00, 0x03, 0x00, 0x00, 0x00, 0x00, 0x00, 0x00, 0x02,
  0x1c, 0x00, 0x00, 0x00, 0xb0, 0xff, 0xff, 0xff, 0x0f, 0x00, 0x00, 0x00,
  0x61, 0x72, 0x69, 0x74, 0x68, 0x2e, 0x63, 0x6f, 0x6e, 0x73, 0x74, 0x61,
  0x6e, 0x74, 0x31, 0x00, 0x00, 0x00, 0x00, 0x00, 0x00, 0x00, 0x16, 0x00,
  0x1c, 0x00, 0x18, 0x00, 0x17, 0x00, 0x10, 0x00, 0x0c, 0x00, 0x08, 0x00,
  0x00, 0x00, 0x00, 0x00, 0x00, 0x00, 0x07, 0x00, 0x16, 0x00, 0x00, 0x00,
  0x00, 0x00, 0x00, 0x01, 0x18, 0x00, 0x00, 0x00, 0x18, 0x00, 0x00, 0x00,
  0x02, 0x00, 0x00, 0x00, 0x00, 0x00, 0x00, 0x02, 0x20, 0x00, 0x00, 0x00,
  0x04, 0x00, 0x04, 0x00, 0x04, 0x00, 0x00, 0x00, 0x0e, 0x00, 0x00, 0x00,
  0x61, 0x72, 0x69, 0x74, 0x68, 0x2e, 0x63, 0x6f, 0x6e, 0x73, 0x74, 0x61,
  0x6e, 0x74, 0x00, 0x00, 0x01, 0x00, 0x00, 0x00, 0x02, 0x00, 0x00, 0x00,
  0x00, 0x00, 0x16, 0x00, 0x20, 0x00, 0x1c, 0x00, 0x1b, 0x00, 0x14, 0x00,
  0x10, 0x00, 0x0c, 0x00, 0x00, 0x00, 0x00, 0x00, 0x08, 0x00, 0x07, 0x00,
  0x16, 0x00, 0x00, 0x00, 0x00, 0x00, 0x00, 0x01, 0x18, 0x00, 0x00, 0x00,
  0x30, 0x00, 0x00, 0x00, 0x4c, 0x00, 0x00, 0x00, 0x01, 0x00, 0x00, 0x00,
  0x00, 0x00, 0x00, 0x09, 0x64, 0x00, 0x00, 0x00, 0x03, 0x00, 0x00, 0x00,
  0xff, 0xff, 0xff, 0xff, 0x03, 0x00, 0x00, 0x00, 0x03, 0x00, 0x00, 0x00,
  0x0c, 0x00, 0x0c, 0x00, 0x00, 0x00, 0x00, 0x00, 0x08, 0x00, 0x04, 0x00,
  0x0c, 0x00, 0x00, 0x00, 0x08, 0x00, 0x00, 0x00, 0x10, 0x00, 0x00, 0x00,
  0x01, 0x00, 0x00, 0x00, 0x0f, 0x00, 0x00, 0x00, 0x00, 0x00, 0x00, 0x00,
  0x01, 0x00, 0x00, 0x00, 0x12, 0x97, 0x02, 0x3d, 0x1e, 0x00, 0x00, 0x00,
  0x73, 0x65, 0x72, 0x76, 0x69, 0x6e, 0x67, 0x5f, 0x64, 0x65, 0x66, 0x61,
  0x75, 0x6c, 0x74, 0x5f, 0x6b, 0x65, 0x72, 0x61, 0x73, 0x5f, 0x74, 0x65,
  0x6e, 0x73, 0x6f, 0x72, 0x3a, 0x30, 0x00, 0x00, 0x03, 0x00, 0x00, 0x00,
  0x01, 0x00, 0x00, 0x00, 0x03, 0x00, 0x00, 0x00, 0x03, 0x00, 0x00, 0x00,
  0x16, 0x00, 0x00, 0x00, 0x0c, 0x02, 0x00, 0x00, 0xd0, 0x01, 0x00, 0x00,
  0xb4, 0x01, 0x00, 0x00, 0xa0, 0x01, 0x00, 0x00, 0x80, 0x01, 0x00, 0x00,
  0x70, 0x01, 0x00, 0x00, 0x5c, 0x01, 0x00, 0x00, 0x4c, 0x01, 0x00, 0x00,
  0x20, 0x01, 0x00, 0x00, 0x10, 0x01, 0x00, 0x00, 0x00, 0x01, 0x00, 0x00,
  0xec, 0x00, 0x00, 0x00, 0xd8, 0x00, 0x00, 0x00, 0xc8, 0x00, 0x00, 0x00,
  0xb8, 0x00, 0x00, 0x00, 0xac, 0x00, 0x00, 0x00, 0x90, 0x00, 0x00, 0x00,
  0x70, 0x00, 0x00, 0x00, 0x5c, 0x00, 0x00, 0x00, 0x48, 0x00, 0x00, 0x00,
  0x34, 0x00, 0x00, 0x00, 0x04, 0x00, 0x00, 0x00, 0x90, 0xfe, 0xff, 0xff,
  0x20, 0x00, 0x00, 0x00, 0x08, 0x00, 0x00, 0x00, 0x00, 0x00, 0x00, 0x20,
  0x15, 0x00, 0x00, 0x00, 0x46, 0x6c, 0x65, 0x78, 0x54, 0x65, 0x6e, 0x73,
  0x6f, 0x72, 0x4c, 0x69, 0x73, 0x74, 0x53, 0x65, 0x74, 0x49, 0x74, 0x65,
  0x6d, 0x00, 0x00, 0x00, 0xe4, 0xfe, 0xff, 0xff, 0x1c, 0x00, 0x00, 0x00,
  0x02, 0x00, 0x00, 0x00, 0x00, 0x00, 0x00, 0x1c, 0xf4, 0xfe, 0xff, 0xff,
  0x12, 0x00, 0x00, 0x00, 0x02, 0x00, 0x00, 0x00, 0x00, 0x00, 0x00, 0x12,
  0x04, 0xff, 0xff, 0xff, 0x0e, 0x00, 0x00, 0x00, 0x02, 0x00, 0x00, 0x00,
  0x00, 0x00, 0x00, 0x0e, 0x14, 0xff, 0xff, 0xff, 0x31, 0x00, 0x00, 0x00,
  0x02, 0x00, 0x00, 0x00, 0x00, 0x00, 0x00, 0x31, 0x0c, 0x00, 0x0e, 0x00,
  0x0d, 0x00, 0x00, 0x00, 0x08, 0x00, 0x04, 0x00, 0x0c, 0x00, 0x00, 0x00,
  0x24, 0x00, 0x00, 0x00, 0x02, 0x00, 0x00, 0x00, 0x00, 0x24, 0x0a, 0x00,
  0x08, 0x00, 0x00, 0x00, 0x00, 0x00, 0x04, 0x00, 0x0a, 0x00, 0x00, 0x00,
  0x02, 0x00, 0x00, 0x00, 0xf0, 0xfe, 0xff, 0xff, 0x56, 0x00, 0x00, 0x00,
  0x00, 0x00, 0x00, 0x56, 0xfc, 0xfe, 0xff, 0xff, 0x3a, 0x00, 0x00, 0x00,
  0x00, 0x00, 0x00, 0x3a, 0x68, 0xff, 0xff, 0xff, 0x19, 0x00, 0x00, 0x00,
  0x02, 0x00, 0x00, 0x00, 0x00, 0x00, 0x00, 0x19, 0x78, 0xff, 0xff, 0xff,
  0x09, 0x00, 0x00, 0x00, 0x04, 0x00, 0x00, 0x00, 0x00, 0x00, 0x00, 0x09,
  0x28, 0xff, 0xff, 0xff, 0x16, 0x00, 0x00, 0x00, 0x00, 0x00, 0x00, 0x16,
  0x34, 0xff, 0xff, 0xff, 0x72, 0x00, 0x00, 0x00, 0x00, 0x00, 0x00, 0x72,
  0x78, 0xff, 0xff, 0xff, 0x20, 0x00, 0x00, 0x00, 0x08, 0x00, 0x00, 0x00,
  0x00, 0x00, 0x00, 0x20, 0x13, 0x00, 0x00, 0x00, 0x46, 0x6c, 0x65, 0x78,
  0x54, 0x65, 0x6e, 0x73, 0x6f, 0x72, 0x4c, 0x69, 0x73, 0x74, 0x53, 0x74,
  0x61, 0x63, 0x6b, 0x00, 0x68, 0xff, 0xff, 0xff, 0x77, 0x00, 0x00, 0x00,
  0x00, 0x00, 0x00, 0x77, 0xd4, 0xff, 0xff, 0xff, 0x5e, 0x00, 0x00, 0x00,
  0x03, 0x00, 0x00, 0x00, 0x00, 0x00, 0x00, 0x5e, 0x84, 0xff, 0xff, 0xff,
  0x53, 0x00, 0x00, 0x00, 0x00, 0x00, 0x00, 0x53, 0xf0, 0xff, 0xff, 0xff,
  0x06, 0x00, 0x00, 0x00, 0x02, 0x00, 0x00, 0x00, 0x00, 0x00, 0x00, 0x06,
  0x0c, 0x00, 0x10, 0x00, 0x0f, 0x00, 0x00, 0x00, 0x08, 0x00, 0x04, 0x00,
  0x0c, 0x00, 0x00, 0x00, 0x27, 0x00, 0x00, 0x00, 0x02, 0x00, 0x00, 0x00,
  0x00, 0x00, 0x00, 0x27, 0xbc, 0xff, 0xff, 0xff, 0x2d, 0x00, 0x00, 0x00,
  0x00, 0x00, 0x00, 0x2d, 0x0c, 0x00, 0x10, 0x00, 0x0f, 0x00, 0x08, 0x00,
  0x00, 0x00, 0x04, 0x00, 0x0c, 0x00, 0x00, 0x00, 0x20, 0x00, 0x00, 0x00,
  0x08, 0x00, 0x00, 0x00, 0x00, 0x00, 0x00, 0x20, 0x15, 0x00, 0x00, 0x00,
  0x46, 0x6c, 0x65, 0x78, 0x54, 0x65, 0x6e, 0x73, 0x6f, 0x72, 0x4c, 0x69,
  0x73, 0x74, 0x52, 0x65, 0x73, 0x65, 0x72, 0x76, 0x65, 0x00, 0x00, 0x00,
  0x0c, 0x00, 0x0c, 0x00, 0x0b, 0x00, 0x00, 0x00, 0x00, 0x00, 0x04, 0x00,
  0x0c, 0x00, 0x00, 0x00, 0x4d, 0x00, 0x00, 0x00, 0x00, 0x00, 0x00, 0x4d
};
unsigned int gesture_model_gyro_tflite_len = 24504;
