gesture,ax,ay,az,gx,gy,gz
left,-0.79,7.02,2.51,0.87,0.2,-0.33
left,-0.86,6.17,1.24,0.15,0.09,-0.14
left,-1.07,6.29,0.39,-0.01,0.06,0.02
left,-1.24,6.98,0.85,0.08,0.11,0.1
left,-1.34,7.47,1.35,-0.09,0.13,0.14
left,-1.19,7.21,1.14,-0.43,0.1,0.2
left,-1.07,7.31,0.95,-0.67,0.05,0.31
left,-1.06,8.14,0.76,-0.76,0.04,0.41
left,-1.1,9.31,1.02,-0.88,-0.01,0.46
left,-1.12,10.08,2.4,-1.3,-0.11,0.47
left,-0.85,10.27,3.34,-2.26,-0.27,0.52
left,-0.75,9.98,4.36,-3.5,-0.45,0.64
left,-0.68,9.14,4.68,-4.87,-0.58,0.84
left,-0.47,8.54,4.43,-5.93,-0.61,1.1
left,-0.32,8.54,4.58,-6.78,-0.68,1.46
left,-0.06,9.16,5.79,-7.44,-0.62,1.66
left,-0.09,9.41,5.51,-8.04,-0.68,1.77
left,-0.09,8.71,6.09,-8.36,-0.76,1.78
left,0.14,7.57,7.47,-8.49,-0.74,1.84
left,0.27,6.85,7.97,-8.72,-0.77,1.9
left,0.4,5.53,7.54,-8.73,-0.75,1.89
left,0.68,3.11,5.68,-8.1,-0.76,1.8
left,1.03,1.33,5.45,-6.71,-0.78,1.69
left,1.07,1.01,7.37,-4.99,-0.64,1.46
left,1.29,1.41,9.58,-3.7,-0.46,1.17
left,1.18,1.61,10.87,-2.98,-0.29,0.79
left,1.28,0.46,10.48,-2.64,-0.2,0.45
left,1.68,-1.15,9.84,-2.23,-0.15,0.26
left,1.72,-1.81,9.4,-1.67,-0.11,0.2
left,1.58,-1.93,9.27,-1.04,-0.08,0.12
left,1.48,-1.96,9.33,-0.39,-0.0,0.04
left,1.49,-1.62,9.64,0.15,0.08,-0.04
left,1.59,-1.37,9.99,0.38,0.12,-0.1
left,1.73,-1.55,10.01,0.45,0.13,-0.11
left,1.77,-1.58,9.67,0.49,0.14,-0.06
left,1.68,-1.22,9.57,0.51,0.14,0.0
left,1.52,-0.77,9.37,0.48,0.12,0.03
left,1.45,-0.62,8.92,0.47,0.09,0.01
left,1.38,-0.41,8.94,0.6,0.09,-0.03
left,1.36,-0.25,9.25,0.74,0.11,-0.08
left,1.36,-0.1,9.75,0.86,0.18,-0.13
left,1.54,-0.17,9.39,0.87,0.23,-0.15
left,1.63,-0.34,9.01,0.81,0.13,-0.1
left,1.69,-0.23,9.63,0.78,0.09,-0.03
left,1.66,0.06,10.0,0.67,0.09,0.04
left,1.55,0.41,9.75,0.49,0.06,0.09
left,1.47,0.47,9.73,0.36,0.04,0.1
left,1.51,0.55,9.66,0.29,0.04,0.09
left,1.37,0.7,9.53,0.26,0.03,0.08
left,1.24,0.84,9.5,0.27,0.04,0.04
left,1.35,0.79,9.43,0.25,0.04,0.0
left,1.48,0.65,9.5,0.2,0.02,0.0
left,1.45,0.7,9.66,0.14,0.03,0.02
left,1.39,0.83,9.67,0.05,0.04,0.03
left,1.25,0.86,9.56,-0.04,0.05,0.01
left,1.27,0.77,9.4,-0.06,0.08,-0.01
left,1.41,0.6,9.27,-0.07,0.08,-0.01
left,1.41,0.48,9.24,-0.05,0.05,0.01
left,1.42,0.51,9.3,-0.01,0.04,0.02
left,1.39,0.64,9.35,-0.0,0.03,0.01
left,1.32,0.75,9.62,0.0,0.03,-0.01
left,1.32,0.79,9.76,-0.03,0.04,-0.04
left,1.26,0.68,9.72,-0.06,0.05,-0.07
left,1.38,0.49,9.55,-0.06,0.07,-0.09
left,1.4,0.36,9.45,-0.06,0.06,-0.08
left,1.51,0.26,9.54,-0.05,0.05,-0.06
left,1.49,0.18,9.48,-0.05,0.05,-0.03
left,1.44,0.25,9.57,-0.05,0.05,-0.0
left,1.39,0.33,9.51,-0.07,0.05,0.01
left,1.29,0.42,9.42,-0.06,0.05,0.0
left,1.33,0.4,9.42,-0.03,0.05,-0.01
left,1.36,0.3,9.49,-0.01,0.04,-0.02
left,1.39,0.28,9.57,-0.03,0.04,-0.01
left,1.37,0.29,9.5,-0.06,0.04,0.01
left,1.33,0.28,9.32,-0.07,0.04,0.03
left,1.36,0.33,9.34,-0.04,0.03,0.04
left,1.31,0.48,9.47,-0.02,0.03,0.04
left,1.3,0.61,9.45,-0.04,0.03,0.04
left,1.28,0.57,9.39,-0.06,0.02,0.02
left,1.35,0.51,9.38,-0.07,0.02,0.02
left,1.31,0.52,9.42,-0.05,0.03,0.01
left,1.31,0.5,9.39,-0.04,0.04,0.01
left,1.27,0.55,9.38,-0.04,0.03,0.01
left,1.29,0.52,9.35,-0.04,0.03,-0.0
left,1.33,0.46,9.39,-0.04,0.03,-0.01
left,1.36,0.39,9.43,-0.03,0.03,-0.0
left,1.38,0.37,9.44,-0.03,0.03,0.0
left,1.33,0.37,9.45,-0.03,0.03,0.01
left,1.39,0.32,9.41,-0.03,0.03,0.02
left,1.36,0.33,9.52,-0.03,0.03,0.03
left,1.38,0.39,9.6,-0.05,0.03,0.04
left,1.35,0.45,9.48,-0.06,0.03,0.04
left,1.35,0.42,9.48,-0.05,0.02,0.04
left,1.38,0.37,9.51,-0.04,0.03,0.04
left,1.36,0.41,9.51,-0.05,0.03,0.05
left,1.3,0.52,9.53,-0.06,0.04,0.04
left,1.31,0.55,9.45,-0.08,0.04,0.03
left,1.29,0.47,9.4,-0.08,0.03,0.02
left,1.35,0.42,9.4,-0.05,0.04,0.02
left,1.37,0.4,9.43,-0.03,0.04,0.02
left,1.36,0.43,9.46,-0.03,0.04,0.03
left,1.34,0.41,9.45,-0.04,0.04,0.03
left,1.32,0.46,9.48,-0.04,0.03,0.02
left,1.31,0.47,9.47,-0.05,0.04,0.02
left,1.34,0.34,9.36,-0.05,0.03,0.01
left,1.33,0.31,9.44,-0.02,0.03,0.02
left,1.33,0.38,9.51,-0.02,0.03,0.03
left,1.31,0.45,9.47,-0.02,0.03,0.03
left,1.34,0.42,9.41,-0.03,0.03,0.02
left,1.38,0.31,9.45,-0.03,0.02,0.03
left,1.4,0.34,9.49,-0.02,0.03,0.04
left,1.33,0.39,9.42,-0.02,0.03,0.04
left,1.33,0.43,9.42,-0.02,0.02,0.03
left,1.34,0.41,9.38,-0.01,0.01,0.03
left,1.35,0.41,9.49,-0.01,0.01,0.03
left,1.34,0.34,9.51,-0.01,0.01,0.03
left,1.33,0.39,9.46,-0.01,0.02,0.04
left,1.33,0.45,9.39,-0.0,0.03,0.03
left,1.36,0.43,9.31,-0.0,0.02,0.03
left,1.37,0.44,9.4,0.01,0.02,0.03
left,1.36,0.41,9.46,0.02,0.02,0.03
left,1.31,0.51,9.54,0.01,0.02,0.04
left,1.32,0.54,9.56,-0.01,0.03,0.03
left,1.35,0.46,9.48,-0.03,0.02,0.03
left,1.32,0.5,9.5,-0.03,0.03,0.02
left,1.36,0.47,9.41,-0.04,0.04,0.02
left,1.37,0.41,9.37,-0.04,0.03,0.02
left,1.36,0.42,9.39,-0.03,0.02,0.02
left,1.4,0.43,9.49,-0.02,0.02,0.02
left,1.34,0.35,9.4,-0.03,0.02,0.02
left,1.39,0.34,9.47,-0.02,0.02,0.03
left,1.35,0.45,9.46,-0.02,0.02,0.03
left,1.34,0.52,9.45,-0.02,0.02,0.03
left,1.32,0.53,9.53,-0.02,0.03,0.02
left,1.36,0.5,9.44,-0.03,0.03,0.01
left,1.41,0.38,9.34,-0.03,0.03,0.01
left,1.39,0.35,9.41,-0.02,0.02,0.03
left,1.39,0.46,9.5,-0.02,0.02,0.03
left,1.34,0.46,9.51,-0.02,0.03,0.03
left,1.36,0.47,9.45,-0.02,0.03,0.02
left,1.33,0.45,9.46,-0.02,0.03,0.02
left,1.38,0.37,9.42,-0.02,0.02,0.02
left,1.38,0.42,9.48,-0.02,0.03,0.02
left,1.36,0.47,9.47,-0.01,0.03,0.03
left,1.35,0.51,9.45,-0.01,0.03,0.02
left,1.36,0.48,9.44,-0.02,0.04,0.01
left,1.39,0.47,9.37,-0.02,0.04,0.01
left,1.39,0.46,9.45,-0.02,0.03,0.01
left,1.36,0.45,9.42,-0.02,0.03,0.02
left,1.31,0.52,9.49,-0.02,0.03,0.02
left,1.35,0.51,9.51,-0.03,0.04,0.01
left,1.37,0.43,9.44,-0.04,0.04,0.0
left,1.39,0.34,9.35,-0.03,0.03,0.01
left,1.4,0.36,9.42,-0.02,0.03,0.02
left,1.35,0.47,9.47,-0.02,0.03,0.03
left,1.39,0.49,9.42,-0.03,0.03,0.02
left,1.33,0.47,9.41,-0.02,0.03,0.02
left,1.35,0.48,9.41,-0.02,0.03,0.01
left,1.35,0.46,9.45,-0.03,0.03,0.01
left,1.34,0.42,9.43,-0.03,0.02,0.01
left,1.35,0.47,9.5,-0.03,0.03,0.01
left,1.35,0.45,9.38,-0.03,0.03,0.01
left,1.41,0.45,9.37,-0.01,0.03,0.01
left,1.39,0.47,9.47,-0.01,0.03,0.01
left,1.38,0.5,9.46,-0.02,0.03,0.01
left,1.36,0.51,9.49,-0.03,0.03,0.01
left,1.3,0.53,9.45,-0.03,0.03,0.01
left,1.34,0.49,9.39,-0.03,0.03,-0.0
left,1.35,0.4,9.42,-0.03,0.03,-0.0
left,1.42,0.36,9.41,-0.03,0.03,0.0
left,1.39,0.42,9.46,-0.02,0.03,0.01
left,1.36,0.49,9.43,-0.02,0.03,0.02
left,1.34,0.48,9.4,-0.02,0.03,0.01
left,1.33,0.44,9.41,-0.01,0.03,0.01
left,1.38,0.45,9.46,-0.01,0.03,0.01
left,1.4,0.5,9.48,-0.02,0.03,0.02
left,1.4,0.58,9.45,-0.03,0.03,0.02
left,1.41,0.53,9.48,-0.05,0.02,0.01
left,1.38,0.49,9.5,-0.05,0.02,0.02
left,1.33,0.53,9.52,-0.05,0.03,0.03
left,1.3,0.6,9.51,-0.06,0.04,0.02
left,1.34,0.58,9.4,-0.08,0.04,0.01
left,1.35,0.49,9.39,-0.08,0.04,-0.0
left,1.43,0.39,9.42,-0.09,0.04,-0.0
left,1.39,0.29,9.38,-0.08,0.03,0.01
left,1.33,0.34,9.44,-0.07,0.03,0.02
left,1.3,0.41,9.47,-0.07,0.03,0.02
left,1.29,0.42,9.4,-0.06,0.03,0.01
left,1.33,0.41,9.44,-0.05,0.04,0.0
left,1.38,0.36,9.43,-0.06,0.03,0.0
left,1.39,0.36,9.42,-0.08,0.02,0.0
left,1.31,0.35,9.38,-0.05,0.02,0.01
left,1.33,0.37,9.49,-0.03,0.03,0.01
left,1.35,0.41,9.49,-0.03,0.03,0.01
left,1.4,0.44,9.47,-0.04,0.03,0.01
left,1.36,0.49,9.44,-0.04,0.03,0.01
left,1.34,0.47,9.54,-0.05,0.03,0.0
left,1.32,0.4,9.42,-0.05,0.03,-0.0
left,1.29,0.33,9.39,-0.04,0.03,-0.0
left,1.35,0.29,9.39,-0.03,0.03,-0.0
left,1.36,0.27,9.42,-0.02,0.02,0.01
left,1.38,0.32,9.43,-0.01,0.03,0.02
left,1.39,0.35,9.45,-0.02,0.03,0.01
left,1.38,0.33,9.45,-0.03,0.02,0.02
left,1.37,0.39,9.45,-0.02,0.02,0.03
left,1.32,0.49,9.56,-0.02,0.02,0.02
left,1.36,0.49,9.56,-0.04,0.02,0.02
left,1.37,0.41,9.46,-0.05,0.02,0.02
left,1.36,0.4,9.42,-0.04,0.02,0.02
left,1.32,0.41,9.36,-0.02,0.02,0.01
left,1.36,0.29,9.36,0.0,0.01,0.01
left,1.4,0.22,9.38,0.03,0.01,0.01
left,1.37,0.26,9.36,0.09,0.0,-0.0
left,1.43,0.41,9.36,0.14,-0.0,-0.01
left,1.34,0.43,9.67,0.15,0.0,-0.01
left,1.44,0.47,9.58,0.15,0.01,0.0
left,1.38,0.65,9.36,0.16,0.01,0.0
left,1.38,0.85,9.28,0.2,0.0,-0.01
left,1.28,0.95,9.2,0.25,-0.01,-0.04
left,1.37,0.82,9.41,0.31,-0.02,-0.08
left,1.41,0.68,9.52,0.33,-0.02,-0.1
left,1.41,0.59,9.5,0.34,-0.01,-0.09
left,1.47,0.57,9.59,0.33,-0.01,-0.08
left,1.5,0.63,9.62,0.29,-0.01,-0.05
left,1.51,0.77,9.6,0.25,-0.01,-0.03
left,1.44,0.94,9.54,0.23,0.0,-0.02
left,1.38,1.14,9.57,0.22,0.01,-0.03
left,1.41,1.16,9.67,0.18,0.02,-0.04
left,1.44,1.07,9.62,0.13,0.03,-0.04
left,1.43,1.12,9.63,0.09,0.04,-0.02
left,1.4,1.11,9.64,0.02,0.05,-0.01
left,1.42,1.02,9.58,-0.05,0.05,-0.0
left,1.39,0.99,9.41,-0.09,0.05,-0.0
left,1.4,0.97,9.37,-0.09,0.05,-0.01
left,1.4,0.94,9.31,-0.06,0.05,-0.01
left,1.42,0.87,9.23,-0.02,0.05,-0.02
left,1.46,0.84,9.39,0.02,0.05,-0.01
left,1.41,0.86,9.53,0.0,0.05,0.01
left,1.38,0.85,9.53,-0.04,0.05,0.02
left,1.33,0.83,9.35,-0.07,0.06,0.02
left,1.33,0.81,9.19,-0.07,0.06,0.02
left,1.37,0.79,9.17,-0.03,0.05,0.03
left,1.39,0.81,9.24,-0.02,0.05,0.03
left,1.36,0.84,9.21,-0.03,0.04,0.04
left,1.3,0.92,9.26,-0.05,0.04,0.05
left,1.28,0.96,9.2,-0.05,0.03,0.04
left,1.27,0.96,9.23,-0.04,0.03,0.03
left,1.31,0.95,9.27,-0.02,0.03,0.02
left,1.37,0.87,9.34,0.0,0.03,0.02
left,1.44,0.89,9.48,-0.0,0.03,0.02
left,1.5,0.91,9.54,-0.01,0.04,0.04
left,1.44,1.01,9.49,-0.01,0.05,0.04
left,1.4,1.13,9.42,0.01,0.04,0.04
left,1.33,1.2,9.45,0.03,0.04,0.02
left,1.38,1.15,9.4,0.03,0.03,0.01
left,1.35,1.12,9.41,0.05,0.02,-0.0
left,1.36,1.12,9.4,0.08,0.03,-0.02
left,1.33,1.11,9.33,0.11,0.03,-0.04
left,1.36,0.96,9.29,0.14,0.02,-0.06
left,1.37,0.89,9.3,0.2,0.02,-0.06
left,1.37,0.96,9.47,0.24,0.02,-0.06
left,1.41,1.07,9.73,0.24,0.03,-0.06
left,1.46,1.1,9.91,0.18,0.05,-0.05
left,1.43,1.02,9.82,0.11,0.05,-0.04
left,1.37,1.01,9.47,0.13,0.05,-0.02
left,1.32,1.2,9.36,0.22,0.05,-0.04
left,1.37,1.3,9.34,0.33,0.04,-0.07
left,1.42,1.27,9.35,0.43,0.03,-0.1
left,1.48,1.23,9.46,0.53,0.02,-0.12
left,1.48,1.21,9.6,0.62,0.01,-0.11
left,1.37,1.48,9.73,0.7,0.02,-0.1
left,1.33,1.7,9.58,0.76,0.01,-0.13
left,1.21,1.84,9.3,0.92,0.01,-0.18
left,1.32,1.98,9.0,1.23,0.01,-0.26
left,1.3,2.32,8.83,1.64,0.0,-0.34
left,1.5,2.61,9.4,2.09,0.03,-0.44
left,1.53,2.95,9.93,2.37,0.06,-0.49
left,1.51,3.28,10.1,2.53,0.11,-0.52
left,1.3,3.57,9.45,2.7,0.15,-0.57
left,1.19,3.87,8.63,3.05,0.16,-0.64
left,1.19,4.33,8.26,3.62,0.19,-0.73
left,1.3,5.09,8.54,4.12,0.21,-0.8
left,1.1,5.92,7.94,4.46,0.23,-0.87
left,0.7,6.3,5.73,5.09,0.24,-0.99
left,0.53,7.21,5.34,6.21,0.3,-1.12
left,0.42,8.72,6.57,6.81,0.32,-1.19
left,0.15,9.54,5.54,6.71,0.21,-1.24
left,0.07,9.39,4.53,6.79,0.14,-1.31
left,0.22,9.08,3.73,6.87,0.08,-1.29
left,0.14,9.37,3.83,7.1,0.11,-1.23
left,0.15,10.49,5.67,6.83,0.17,-1.13
left,0.25,11.15,7.5,5.47,0.22,-1.0
left,0.11,9.99,6.49,3.53,0.26,-0.84
left,0.22,7.71,3.07,2.15,0.29,-0.59
left,-0.12,6.79,0.01,1.92,0.36,-0.31
left,-0.42,8.33,-0.63,2.1,0.32,-0.12
left,-0.75,9.69,0.1,2.13,0.31,-0.12
left,-0.78,9.43,0.62,1.9,0.28,-0.19
left,-1.04,8.61,0.59,1.52,0.31,-0.22
left,-0.95,7.63,-0.38,1.21,0.31,-0.17
left,-0.77,7.65,-0.46,0.98,0.3,-0.04
left,-0.69,8.32,-0.44,0.8,0.33,0.06
left,-0.76,8.99,-0.97,0.56,0.32,0.07
left,-0.68,8.52,-1.64,0.44,0.25,0.05
left,-0.47,8.48,-1.14,0.4,0.2,0.07
left,-0.4,8.76,-1.11,0.28,0.18,0.1
left,-0.32,8.94,-1.22,0.24,0.18,0.12
left,-0.32,9.31,-1.14,0.17,0.16,0.14
left,-0.31,9.36,-1.25,0.12,0.14,0.14
left,-0.34,9.52,-1.03,0.05,0.09,0.16
left,-0.64,9.89,-1.21,0.05,0.06,0.14
left,-0.72,10.15,-1.21,0.12,0.02,0.09
left,-0.71,10.2,-0.62,0.13,-0.02,0.03
left,-0.63,9.95,-0.31,0.0,-0.02,-0.0
left,-0.33,9.53,-0.65,-0.05,-0.01,0.03
left,-0.4,9.91,-0.86,-0.02,-0.02,0.05
left,-0.4,10.24,-0.39,-0.02,-0.05,0.04
left,-0.39,10.18,0.08,-0.14,-0.02,0.02
left,-0.43,9.69,-0.48,-0.21,0.02,0.02
left,-0.4,9.75,-0.79,-0.1,0.04,0.03
left,-0.56,10.31,-0.43,-0.07,0.05,0.01
left,-0.51,10.08,-0.58,-0.14,0.04,-0.04
left,-0.38,9.54,-0.76,-0.13,0.04,-0.03
left,-0.42,9.55,-0.76,-0.13,0.04,0.0
left,-0.55,9.57,-1.09,-0.11,0.03,0.02
left,-0.57,9.63,-0.85,-0.04,0.03,0.01
left,-0.56,9.75,-0.65,-0.06,0.03,0.0
left,-0.5,9.37,-0.94,-0.1,0.02,0.0
left,-0.44,9.3,-0.84,-0.07,0.03,0.04
left,-0.53,9.55,-0.73,-0.07,0.05,0.05
left,-0.53,9.55,-0.97,-0.07,0.06,0.06
left,-0.57,9.68,-0.93,-0.04,0.05,0.05
left,-0.57,9.88,-0.82,-0.06,0.03,0.04
left,-0.49,9.87,-0.73,-0.14,0.01,0.02
left,-0.51,9.75,-0.82,-0.22,-0.02,0.01
left,-0.46,9.64,-0.87,-0.21,-0.02,0.01
left,-0.41,9.67,-0.44,-0.24,-0.02,0.02
left,-0.48,9.86,-0.31,-0.37,-0.01,0.03
left,-0.51,9.81,-0.71,-0.47,-0.02,0.03
left,-0.55,9.75,-0.87,-0.45,-0.04,0.03
left,-0.56,9.88,-0.66,-0.35,-0.03,0.02
left,-0.62,10.01,-0.34,-0.33,-0.01,-0.0
left,-0.51,9.72,-0.43,-0.4,0.01,-0.01
left,-0.53,9.44,-0.89,-0.37,-0.0,0.0
left,-0.51,9.64,-0.69,-0.26,-0.02,0.02
left,-0.51,9.81,-0.28,-0.25,-0.03,0.01
left,-0.51,9.8,-0.09,-0.3,-0.01,0.0
left,-0.48,9.65,-0.35,-0.35,-0.02,-0.01
left,-0.51,9.41,-0.81,-0.27,-0.04,-0.01
left,-0.58,9.67,-0.66,-0.09,-0.05,-0.0
left,-0.6,9.88,-0.37,0.03,-0.05,-0.02
left,-0.54,9.75,0.07,0.0,-0.05,-0.02
left,-0.54,9.47,0.06,-0.06,-0.04,0.0
left,-0.52,9.44,-0.12,-0.05,-0.03,0.03
left,-0.52,9.67,-0.21,-0.02,-0.03,0.02
left,-0.56,9.79,-0.06,0.03,-0.03,0.0
left,-0.45,9.68,0.16,0.01,-0.03,-0.01
left,-0.47,9.48,0.25,-0.07,-0.02,0.01
left,-0.48,9.41,-0.02,-0.12,-0.0,0.04
left,-0.5,9.5,-0.18,-0.08,0.02,0.05
left,-0.45,9.63,0.08,-0.09,0.01,0.06
left,-0.46,9.68,0.22,-0.15,0.02,0.07
left,-0.51,9.7,0.13,-0.22,0.02,0.07
left,-0.49,9.77,-0.06,-0.28,0.02,0.07
left,-0.49,9.91,-0.06,-0.3,0.01,0.06
left,-0.48,10.04,0.09,-0.35,0.01,0.04
left,-0.51,9.96,0.22,-0.46,-0.01,0.02
left,-0.54,9.87,0.51,-0.64,-0.01,0.02
left,-0.51,9.76,0.69,-0.94,-0.02,0.04
left,-0.55,9.53,0.35,-1.27,-0.04,0.06
left,-0.54,9.36,0.01,-1.44,-0.07,0.09
left,-0.46,9.37,0.15,-1.54,-0.12,0.11
left,-0.41,9.39,1.17,-1.76,-0.16,0.14
left,-0.34,9.04,1.73,-2.2,-0.14,0.22
left,-0.29,8.3,0.63,-2.55,-0.14,0.35
left,-0.56,8.19,-0.55,-2.43,-0.23,0.42
left,-0.5,8.94,0.29,-2.03,-0.32,0.41
left,-0.31,9.9,3.38,-2.02,-0.31,0.37
left,0.05,10.07,5.97,-2.74,-0.25,0.38
left,0.34,8.89,5.48,-3.82,-0.16,0.46
left,0.08,6.89,1.7,-4.09,-0.14,0.64
left,-0.24,7.27,0.17,-3.1,-0.15,0.74
left,-0.49,9.42,1.96,-2.0,-0.2,0.58
left,-0.04,10.41,6.53,-1.79,-0.2,0.33
left,0.62,9.2,9.08,-2.75,-0.11,0.24
left,1.19,6.72,8.44,-4.12,-0.06,0.51
left,0.88,6.04,6.66,-5.12,-0.04,0.94
left,0.29,6.84,5.37,-5.48,-0.1,1.18
left,0.21,7.44,4.67,-5.37,-0.18,1.13
left,0.49,7.51,5.76,-4.9,-0.23,0.97
left,0.74,7.43,7.14,-4.59,-0.22,0.77
left,1.29,6.21,8.77,-4.55,-0.21,0.67
left,1.27,5.08,9.37,-4.84,-0.19,0.75
left,1.13,4.45,9.05,-5.03,-0.17,0.87
left,0.85,4.36,8.98,-5.02,-0.17,0.91
left,0.84,4.25,8.78,-4.84,-0.15,0.82
left,0.98,3.5,7.92,-4.41,-0.15,0.64
left,1.09,2.37,7.42,-3.58,-0.14,0.43
left,1.25,1.63,7.55,-2.54,-0.11,0.27
left,1.42,1.37,8.52,-1.67,-0.09,0.13
left,1.65,0.98,9.84,-1.13,-0.07,0.06
left,1.67,0.88,10.7,-0.99,-0.03,0.07
left,1.79,0.58,10.95,-1.15,-0.02,0.12
left,1.73,0.19,10.47,-1.32,-0.02,0.21
left,1.52,0.46,10.07,-1.38,-0.0,0.27
left,1.35,0.51,9.03,-1.28,-0.02,0.24
left,1.29,0.22,8.32,-0.87,-0.03,0.16
left,1.19,0.46,8.36,-0.26,0.01,0.06
left,1.3,0.54,9.07,0.14,-0.01,-0.07
left,1.53,0.32,9.76,0.31,0.01,-0.12
left,1.66,0.14,10.25,0.26,0.04,-0.09
left,1.77,0.02,9.94,0.02,0.02,-0.01
left,1.61,0.03,9.52,-0.13,-0.01,0.08
left,1.47,0.46,9.44,-0.16,-0.03,0.11
left,1.36,0.75,9.31,-0.14,-0.04,0.07
left,1.38,0.63,9.17,-0.03,-0.03,0.01
left,1.45,0.6,9.45,0.05,-0.03,-0.03
left,1.62,0.4,10.01,0.02,-0.02,-0.04
left,1.72,0.08,10.12,-0.1,0.0,0.02
left,1.65,0.07,9.75,-0.18,0.01,0.09
left,1.44,0.38,9.63,-0.2,0.01,0.11
left,1.45,0.43,9.46,-0.17,0.02,0.1
left,1.45,0.42,9.26,-0.05,0.03,0.07
left,1.52,0.5,9.5,0.06,0.03,0.04
left,1.57,0.56,9.83,0.07,0.03,0.01
left,1.63,0.43,9.85,0.0,0.03,0.0
left,1.58,0.27,9.68,-0.03,0.03,0.01
left,1.51,0.35,9.71,-0.03,0.03,0.03
left,1.47,0.36,9.68,-0.05,0.04,0.04
left,1.44,0.31,9.59,-0.07,0.05,0.04
left,1.42,0.38,9.27,-0.08,0.05,0.02
left,1.46,0.34,9.33,-0.07,0.05,0.01
left,1.55,0.26,9.33,-0.07,0.04,0.01
left,1.51,0.27,9.21,-0.03,0.03,0.02
left,1.48,0.34,9.49,-0.0,0.02,0.03
left,1.47,0.39,9.67,-0.01,0.03,0.02
left,1.47,0.31,9.66,-0.04,0.04,0.01
left,1.49,0.24,9.46,-0.05,0.05,0.01
left,1.45,0.22,9.39,-0.02,0.05,0.02
left,1.54,0.28,9.5,0.01,0.05,0.01
left,1.52,0.35,9.68,0.01,0.06,0.01
left,1.52,0.32,9.75,-0.03,0.07,0.01
left,1.49,0.23,9.59,-0.06,0.07,0.04
left,1.39,0.32,9.3,-0.07,0.05,0.03
left,1.36,0.44,9.25,-0.02,0.05,0.01
left,1.4,0.43,9.23,0.02,0.05,-0.01
left,1.54,0.36,9.45,0.03,0.04,-0.02
left,1.5,0.34,9.53,0.04,0.05,-0.02
left,1.46,0.39,9.49,0.05,0.06,-0.01
left,1.37,0.51,9.4,0.05,0.06,-0.02
left,1.33,0.54,9.42,0.05,0.05,-0.03
left,1.44,0.35,9.4,0.04,0.04,-0.04
left,1.48,0.23,9.31,0.06,0.04,-0.03
left,1.5,0.31,9.45,0.09,0.04,-0.02
left,1.5,0.34,9.54,0.1,0.03,-0.02
left,1.53,0.39,9.64,0.08,0.03,-0.01
left,1.56,0.34,9.56,0.05,0.02,0.01
left,1.53,0.34,9.64,0.01,0.02,0.03
left,1.53,0.3,9.46,-0.01,0.03,0.04
left,1.4,0.37,9.4,-0.01,0.02,0.06
left,1.4,0.46,9.5,-0.01,0.02,0.06
left,1.35,0.63,9.49,-0.03,0.03,0.05
left,1.36,0.57,9.4,-0.04,0.03,0.03
left,1.38,0.49,9.14,-0.02,0.03,0.02
left,1.42,0.57,9.39,-0.0,0.02,0.01
left,1.55,0.41,9.44,-0.02,0.02,0.01
left,1.58,0.25,9.49,-0.03,0.02,0.04
left,1.52,0.37,9.52,-0.04,0.02,0.06
left,1.42,0.53,9.53,-0.04,0.03,0.07
left,1.37,0.72,9.52,-0.04,0.03,0.05
left,1.35,0.63,9.45,-0.03,0.04,0.01
left,1.44,0.45,9.43,-0.03,0.04,-0.01
left,1.54,0.27,9.45,-0.01,0.03,0.0
left,1.55,0.28,9.56,-0.02,0.03,0.02
left,1.5,0.3,9.51,-0.05,0.03,0.03
left,1.42,0.32,9.42,-0.05,0.03,0.04
left,1.38,0.45,9.3,-0.04,0.03,0.04
left,1.36,0.51,9.36,-0.02,0.03,0.03
left,1.39,0.49,9.37,-0.01,0.03,0.01
left,1.43,0.41,9.39,-0.02,0.02,0.0
left,1.47,0.32,9.44,-0.03,0.02,0.0
left,1.54,0.19,9.42,-0.03,0.02,0.02
left,1.51,0.22,9.46,-0.01,0.02,0.04
left,1.49,0.44,9.55,-0.01,0.02,0.06
left,1.47,0.64,9.51,-0.02,0.02,0.05
left,1.46,0.61,9.48,-0.03,0.02,0.02
left,1.48,0.55,9.46,-0.03,0.02,0.02
left,1.4,0.51,9.37,-0.0,0.02,0.01
left,1.42,0.58,9.43,0.01,0.02,0.02
left,1.41,0.58,9.38,0.0,0.02,0.01
left,1.5,0.48,9.48,-0.02,0.01,0.0
left,1.57,0.38,9.52,-0.03,0.01,0.01
left,1.49,0.49,9.54,-0.03,0.02,0.02
left,1.44,0.51,9.37,-0.04,0.02,0.02
left,1.51,0.46,9.36,-0.02,0.02,0.02
left,1.57,0.49,9.56,-0.01,0.01,0.02
left,1.57,0.48,9.66,-0.04,0.02,0.02
left,1.53,0.54,9.69,-0.05,0.02,0.03
left,1.43,0.54,9.45,-0.05,0.03,0.02
left,1.36,0.61,9.43,-0.01,0.04,0.01
left,1.35,0.51,9.34,0.01,0.04,0.0
left,1.42,0.37,9.27,0.04,0.03,-0.01
left,1.52,0.26,9.26,0.07,0.02,-0.02
left,1.6,0.07,9.33,0.11,0.02,-0.01
left,1.67,0.13,9.44,0.13,0.02,0.02
left,1.58,0.33,9.57,0.15,0.02,0.02
left,1.46,0.57,9.37,0.21,0.02,0.0
left,1.36,0.7,9.17,0.45,0.03,-0.07
left,1.39,0.8,9.39,0.8,0.05,-0.14
left,1.48,1.01,9.86,1.17,0.09,-0.22
left,1.65,1.05,10.38,1.4,0.13,-0.26
left,1.9,1.05,10.64,1.55,0.17,-0.28
left,2.07,1.21,10.67,1.69,0.2,-0.27
left,2.09,1.63,10.88,1.92,0.24,-0.27
left,1.77,2.52,10.39,2.27,0.32,-0.31
left,1.71,2.74,10.74,2.58,0.36,-0.42
left,1.31,3.22,10.17,2.89,0.39,-0.51
left,1.19,3.56,10.04,3.25,0.43,-0.61
left,1.19,3.62,10.04,3.31,0.43,-0.64
left,1.24,3.35,9.26,3.26,0.42,-0.62
left,1.03,3.28,7.47,3.38,0.43,-0.57
left,0.82,3.68,5.78,3.92,0.39,-0.54
left,0.53,4.77,4.71,4.69,0.32,-0.58
left,0.32,6.11,4.84,5.48,0.25,-0.67
left,0.33,7.16,5.7,5.84,0.18,-0.76
left,0.45,7.64,6.24,5.81,0.12,-0.82
left,0.71,7.81,6.63,5.53,0.08,-0.78
left,0.44,8.32,5.57,5.12,0.05,-0.75
left,0.31,8.39,4.06,4.99,-0.02,-0.76
left,0.03,8.7,1.79,5.19,-0.1,-0.81
left,0.09,9.23,1.53,5.89,-0.2,-0.89
left,0.5,10.67,5.31,6.05,-0.19,-0.9
left,0.85,11.09,8.96,4.9,-0.02,-0.8
left,0.96,9.43,8.38,2.99,0.18,-0.57
left,0.62,7.76,4.64,1.5,0.31,-0.19
left,-0.26,8.14,0.76,1.07,0.35,0.1
left,-1.06,10.23,-0.48,1.31,0.29,0.1
left,-1.25,11.22,0.23,1.52,0.23,-0.11
left,-1.15,10.54,0.87,1.51,0.22,-0.33
left,-0.52,9.09,1.04,1.33,0.24,-0.37
left,-0.4,8.34,0.34,1.17,0.27,-0.27
left,-0.6,8.73,-0.62,1.11,0.29,-0.19
left,-0.89,9.22,-0.79,1.05,0.24,-0.2
left,-0.86,8.96,-0.72,0.86,0.17,-0.24
left,-0.76,8.24,-0.76,0.66,0.12,-0.24
left,-0.51,7.87,-0.44,0.49,0.09,-0.16
left,-0.49,7.75,-0.42,0.26,0.09,-0.05
left,-0.67,8.02,-1.11,0.29,0.11,0.04
left,-0.69,9.04,-0.77,0.4,0.1,0.07
left,-0.77,9.7,-0.12,0.28,0.07,0.04
left,-0.64,9.45,-0.44,0.07,0.04,0.03
left,-0.6,9.25,-0.78,0.07,0.01,0.05
left,-0.54,9.82,-0.53,0.18,0.02,0.06
left,-0.49,10.34,0.12,0.18,0.01,0.05
left,-0.49,9.98,0.03,0.06,0.0,0.03
left,-0.44,9.84,-0.01,0.05,-0.0,0.04
left,-0.49,10.08,0.27,-0.01,-0.01,0.04
left,-0.44,10.15,-0.12,-0.02,-0.0,0.02
left,-0.49,10.18,-0.16,0.06,-0.0,-0.0
left,-0.45,10.26,0.55,0.05,0.01,-0.03
left,-0.5,9.89,0.51,-0.13,0.03,-0.03
left,-0.45,9.14,-0.2,-0.19,0.03,-0.0
left,-0.4,9.45,-0.31,-0.04,0.05,0.04
left,-0.52,9.99,0.23,-0.04,0.06,0.02
left,-0.42,9.72,0.08,-0.11,0.07,-0.0
left,-0.49,9.62,-0.11,-0.13,0.08,0.0
left,-0.56,9.96,-0.08,-0.17,0.07,0.0
left,-0.52,9.83,-0.5,-0.21,0.06,-0.02
left,-0.55,9.67,-0.8,-0.09,0.05,-0.01
left,-0.61,10.03,-0.39,0.02,0.06,-0.03
left,-0.6,10.03,-0.15,-0.01,0.06,-0.05
left,-0.54,9.73,-0.18,-0.06,0.06,-0.05
left,-0.6,9.52,-0.38,-0.09,0.06,-0.03
left,-0.63,9.44,-0.64,-0.08,0.05,-0.01
left,-0.57,9.57,-0.44,-0.02,0.04,-0.0
left,-0.59,9.59,-0.47,-0.02,0.04,-0.0
left,-0.57,9.61,-0.39,0.01,0.03,0.01
left,-0.58,9.75,-0.0,-0.06,0.03,0.02
left,-0.64,9.62,-0.18,-0.2,0.03,0.01
left,-0.63,9.41,-0.53,-0.19,0.02,0.02
left,-0.59,9.57,-0.34,-0.14,0.01,0.02
left,-0.62,9.69,-0.11,-0.15,0.01,0.01
left,-0.62,9.47,-0.43,-0.14,0.02,0.01
left,-0.61,9.55,-0.29,-0.07,0.01,0.02
left,-0.55,9.6,0.01,-0.08,0.02,0.03
left,-0.51,9.5,-0.13,-0.11,0.03,0.05
left,-0.58,9.65,-0.28,-0.05,0.04,0.06
left,-0.66,10.13,0.11,-0.08,0.03,0.03
left,-0.61,9.9,-0.01,-0.18,0.01,-0.01
left,-0.58,9.61,-0.26,-0.16,0.0,-0.0
left,-0.56,9.82,0.1,-0.12,0.01,-0.0
left,-0.58,9.79,0.14,-0.19,0.01,-0.0
left,-0.58,9.59,-0.27,-0.17,0.01,0.01
left,-0.58,9.68,-0.2,-0.1,0.01,0.01
left,-0.57,9.78,-0.03,-0.08,0.0,0.0
left,-0.64,9.71,-0.16,-0.11,-0.01,-0.01
left,-0.64,9.63,-0.21,-0.05,-0.01,-0.01
left,-0.61,9.65,0.23,-0.06,-0.0,-0.01
left,-0.53,9.37,0.15,-0.12,0.01,0.01
left,-0.56,9.38,-0.07,-0.11,0.02,0.04
left,-0.59,9.66,0.08,-0.07,0.03,0.05
left,-0.6,9.74,0.16,-0.12,0.03,0.05
left,-0.69,9.64,-0.28,-0.13,0.02,0.04
left,-0.66,9.74,-0.23,-0.04,0.0,0.02
left,-0.58,9.93,0.29,-0.03,0.0,0.0
left,-0.49,9.65,0.22,-0.08,0.02,0.0
left,-0.51,9.51,0.03,-0.07,0.02,0.03
left,-0.61,9.76,0.18,-0.06,0.02,0.04
left,-0.64,9.82,0.29,-0.12,0.01,0.04
left,-0.62,9.67,-0.03,-0.14,0.01,0.03
left,-0.6,9.76,0.01,-0.08,0.01,0.02
left,-0.57,9.77,0.22,-0.08,0.02,0.01
left,-0.53,9.61,0.09,-0.09,0.02,0.01
left,-0.53,9.71,0.18,-0.07,0.02,0.02
left,-0.57,9.84,0.36,-0.11,0.02,0.02
left,-0.54,9.58,0.31,-0.16,0.02,0.03
left,-0.56,9.5,0.02,-0.12,0.03,0.04
left,-0.6,9.77,0.13,-0.05,0.03,0.04
left,-0.55,9.89,0.42,-0.06,0.02,0.02
left,-0.57,9.76,0.49,-0.13,0.03,0.01
left,-0.59,9.6,0.15,-0.19,0.03,0.01
left,-0.63,9.52,-0.05,-0.16,0.02,0.02
left,-0.62,9.76,0.19,-0.12,0.02,0.01
left,-0.6,9.8,0.3,-0.14,0.01,-0.01
left,-0.58,9.71,0.32,-0.17,0.01,-0.01
left,-0.6,9.71,0.57,-0.26,0.02,-0.01
left,-0.61,9.63,0.77,-0.44,0.02,0.01
left,-0.57,9.58,0.93,-0.73,0.03,0.03
left,-0.57,9.51,1.23,-1.09,0.03,0.08
left,-0.54,9.48,1.74,-1.63,0.03,0.13
left,-0.57,9.39,1.7,-2.29,-0.0,0.2
left,-0.79,9.23,1.13,-2.87,-0.07,0.26
left,-1.0,8.71,0.58,-3.26,-0.12,0.27
left,-0.83,7.98,0.93,-3.48,-0.15,0.35
left,-0.46,7.56,1.38,-3.62,-0.11,0.48
left,-0.15,7.37,2.09,-3.83,-0.12,0.68
left,0.49,7.62,3.75,-4.2,-0.12,0.93
left,0.41,8.46,4.8,-4.88,-0.1,1.18
left,0.13,9.14,4.31,-5.41,-0.12,1.31
left,-0.26,9.56,2.99,-5.35,-0.15,1.21
left,-0.15,9.36,3.35,-4.78,-0.25,0.98
left,0.07,8.74,4.9,-4.24,-0.32,0.74
left,0.44,7.7,6.68,-3.91,-0.35,0.6
left,0.83,6.81,8.45,-3.84,-0.32,0.6
left,1.1,6.11,9.43,-4.08,-0.26,0.7
left,1.15,5.6,9.47,-4.34,-0.2,0.83
left,1.12,5.32,8.94,-4.42,-0.17,0.91
left,1.01,5.19,8.31,-4.25,-0.16,0.88
left,1.25,4.47,7.92,-3.76,-0.18,0.78
left,1.41,4.35,9.27,-3.24,-0.16,0.67
left,1.9,3.95,11.97,-3.2,-0.1,0.62
left,2.1,3.29,13.21,-4.0,-0.01,0.74
left,1.82,2.32,11.38,-4.84,0.02,0.95
left,1.08,1.86,8.96,-5.09,0.0,1.07
left,0.62,1.55,7.0,-4.58,-0.02,1.0
left,0.55,1.14,6.59,-3.58,-0.02,0.79
left,0.66,0.79,7.2,-2.64,-0.04,0.54
left,0.94,0.44,8.36,-1.96,-0.01,0.34
left,1.25,0.17,10.06,-1.69,0.04,0.22
left,1.64,-0.47,11.09,-1.93,0.12,0.23
left,1.5,-1.01,10.45,-2.37,0.15,0.33
left,1.13,-1.16,8.88,-2.53,0.16,0.35
left,0.91,-1.3,7.1,-2.14,0.11,0.29
left,0.8,-0.9,6.96,-1.42,0.04,0.11
left,1.17,-1.38,7.48,-0.71,-0.03,-0.05
left,1.43,-1.58,8.57,-0.08,-0.04,-0.13
left,1.58,-1.51,9.76,0.23,-0.02,-0.17
left,1.67,-1.77,10.18,0.2,-0.01,-0.14
left,1.57,-1.79,10.08,0.04,-0.01,-0.07
left,1.39,-1.69,9.63,-0.1,-0.04,-0.03
left,1.37,-1.5,9.23,-0.09,-0.04,-0.02
left,1.3,-1.19,9.09,0.05,-0.04,-0.06
left,1.36,-1.19,9.29,0.2,-0.04,-0.11
left,1.45,-1.08,9.78,0.28,-0.03,-0.15
left,1.45,-1.11,9.9,0.2,-0.01,-0.17
left,1.47,-1.24,9.66,0.1,-0.0,-0.16
left,1.57,-1.45,9.49,0.08,0.0,-0.14
left,1.51,-1.4,9.27,0.15,0.01,-0.12
left,1.36,-1.18,9.16,0.25,0.01,-0.13
left,1.34,-1.19,9.34,0.35,0.0,-0.16
left,1.4,-1.12,9.7,0.37,0.0,-0.18
left,1.56,-1.43,9.9,0.26,0.0,-0.17
left,1.59,-1.66,9.82,0.13,0.01,-0.11
left,1.43,-1.52,9.46,0.0,0.01,-0.05
left,1.4,-1.64,8.97,-0.02,-0.0,-0.03
left,1.38,-1.61,8.71,0.1,-0.0,-0.03
left,1.39,-1.42,8.84,0.24,-0.01,-0.05
left,1.54,-1.55,9.11,0.36,-0.01,-0.06
left,1.62,-1.47,9.77,0.38,-0.0,-0.03
left,1.63,-1.19,10.06,0.26,0.0,0.02
left,1.56,-1.18,9.96,0.1,0.0,0.07
left,1.5,-0.99,9.64,0.04,0.02,0.09
left,1.41,-0.77,9.32,0.06,0.02,0.09
left,1.46,-0.75,9.24,0.14,0.02,0.05
left,1.54,-0.7,9.34,0.2,0.01,0.03
left,1.65,-0.81,9.69,0.2,0.01,0.01
left,1.74,-0.95,9.7,0.14,0.01,0.03
left,1.62,-0.93,9.73,0.1,0.01,0.07
left,1.49,-0.77,9.56,0.06,0.01,0.09
left,1.39,-0.74,9.37,0.06,0.01,0.08
left,1.41,-0.76,9.33,0.05,0.01,0.07
left,1.51,-0.85,9.31,0.04,-0.01,0.06
left,1.53,-0.88,9.34,0.03,-0.02,0.07
left,1.56,-0.8,9.38,0.04,-0.01,0.06
left,1.56,-0.74,9.55,0.04,-0.0,0.05
left,1.57,-0.71,9.61,-0.0,0.01,0.05
left,1.5,-0.67,9.46,-0.03,0.01,0.05
left,1.51,-0.7,9.31,-0.0,0.01,0.04
left,1.47,-0.63,9.42,0.07,0.01,0.03
left,1.49,-0.6,9.54,0.11,0.02,0.01
left,1.5,-0.68,9.5,0.13,0.01,-0.01
left,1.54,-0.8,9.57,0.11,0.01,-0.01
left,1.58,-0.79,9.53,0.09,0.01,0.0
left,1.56,-0.84,9.45,0.05,0.02,0.01
left,1.61,-0.82,9.33,0.06,0.01,0.03
left,1.51,-0.62,9.38,0.08,0.01,0.02
left,1.56,-0.58,9.34,0.1,0.0,0.01
left,1.53,-0.63,9.36,0.14,0.01,-0.0
left,1.54,-0.62,9.51,0.16,0.01,-0.01
left,1.61,-0.62,9.76,0.1,0.01,-0.01
left,1.67,-0.72,9.69,0.03,0.02,0.01
left,1.67,-0.67,9.57,0.0,0.03,0.03
left,1.55,-0.46,9.38,0.02,0.03,0.04
left,1.46,-0.26,9.29,0.06,0.02,0.02
left,1.45,-0.31,9.33,0.09,0.01,-0.01
left,1.57,-0.49,9.37,0.11,0.01,-0.03
left,1.67,-0.66,9.48,0.13,0.01,-0.03
left,1.71,-0.58,9.56,0.13,0.02,-0.01
left,1.73,-0.44,9.67,0.1,0.02,0.02
left,1.66,-0.1,9.95,0.01,0.03,0.04
left,1.64,-0.02,9.77,-0.11,0.03,0.03
left,1.62,-0.12,9.67,-0.16,0.03,0.03
left,1.51,-0.08,9.41,-0.15,0.04,0.02
left,1.55,-0.2,9.2,-0.1,0.03,-0.01
left,1.57,-0.36,9.37,-0.01,0.02,-0.03
left,1.61,-0.42,9.54,0.05,0.03,-0.04
left,1.59,-0.46,9.65,0.04,0.03,-0.04
left,1.61,-0.5,9.67,0.04,0.04,-0.05
left,1.67,-0.63,9.56,0.09,0.05,-0.06
left,1.68,-0.72,9.28,0.27,0.07,-0.1
left,1.71,-0.76,9.31,0.64,0.1,-0.15
left,1.68,-0.51,9.75,1.04,0.13,-0.21
left,1.66,-0.3,10.27,1.33,0.17,-0.26
left,1.7,-0.27,10.62,1.53,0.22,-0.3
left,1.78,-0.1,10.73,1.71,0.3,-0.31
left,1.66,0.29,10.3,1.93,0.36,-0.34
left,1.6,0.58,10.01,2.31,0.43,-0.41
left,1.56,0.95,9.46,2.74,0.45,-0.47
left,1.35,1.52,9.56,3.26,0.49,-0.54
left,1.16,2.16,8.98,3.76,0.53,-0.65
left,0.97,2.87,8.57,4.5,0.61,-0.78
left,1.08,4.03,9.14,5.23,0.7,-0.94
left,1.0,4.78,8.92,5.72,0.78,-1.07
left,0.86,5.42,8.26,6.1,0.75,-1.16
left,0.68,6.3,8.37,6.4,0.75,-1.22
left,0.53,7.12,8.17,6.61,0.79,-1.26
left,0.22,7.66,7.07,6.68,0.78,-1.3
left,-0.12,8.08,5.81,6.76,0.69,-1.31
left,-0.41,8.41,4.59,6.85,0.55,-1.31
left,-0.68,9.23,4.64,7.01,0.5,-1.33
left,-0.46,9.42,4.98,6.81,0.5,-1.33
left,-0.28,8.64,3.6,6.51,0.46,-1.21
left,-0.35,9.18,4.07,6.14,0.45,-1.01
left,-0.55,9.67,4.76,5.14,0.41,-0.82
left,-0.57,9.46,5.29,3.66,0.4,-0.61
left,-0.75,8.47,3.43,2.14,0.4,-0.4
left,-0.84,7.2,0.43,1.35,0.37,-0.19
left,-1.27,7.75,-1.1,1.35,0.36,-0.06
left,-1.6,9.05,-0.24,1.32,0.3,-0.07
left,-1.66,9.11,0.44,0.94,0.28,-0.15
left,-1.57,7.83,-0.7,0.59,0.26,-0.16
left,-1.57,7.42,-1.34,0.52,0.23,-0.09
left,-1.55,7.7,-1.1,0.43,0.17,-0.0
left,-1.5,7.88,-1.05,0.3,0.14,0.05
left,-1.4,8.19,-0.96,0.23,0.13,0.11
left,-1.37,8.76,-0.6,0.05,0.11,0.14
left,-1.23,8.85,-0.98,-0.17,0.09,0.15
left,-1.08,8.7,-1.89,-0.14,0.05,0.16
left,-0.97,9.4,-1.23,0.07,0.02,0.18
left,-0.96,10.24,-0.25,-0.01,-0.0,0.16
left,-0.92,10.07,-0.11,-0.26,-0.02,0.15
left,-1.08,9.71,-1.14,-0.3,-0.03,0.15
left,-1.26,10.15,-0.87,-0.08,-0.06,0.15
left,-1.37,10.81,0.17,-0.01,-0.06,0.09
left,-1.35,10.4,0.36,-0.12,-0.05,0.03
left,-1.23,9.92,0.17,-0.16,-0.03,0.01
left,-1.16,9.82,-0.19,-0.14,-0.04,0.03
left,-1.1,9.94,-0.24,-0.03,-0.03,0.03
left,-1.11,10.25,0.09,0.04,-0.02,0.01
left,-1.11,10.05,0.21,-0.01,-0.01,-0.03
left,-1.02,9.61,0.2,-0.07,-0.0,-0.04
left,-1.01,9.36,0.04,-0.08,0.0,-0.01
left,-1.14,9.44,0.08,-0.06,0.01,0.01
left,-1.16,9.42,0.23,-0.09,0.03,0.01
left,-1.18,9.23,-0.24,-0.14,0.02,0.02
left,-1.16,9.23,-0.4,-0.06,0.01,0.02
left,-1.16,9.46,-0.03,-0.02,0.01,0.02
left,-1.1,9.52,0.17,-0.07,0.02,0.02
left,-1.1,9.36,0.14,-0.14,0.03,0.03
left,-1.13,9.25,-0.02,-0.17,0.03,0.05
left,-1.16,9.4,-0.11,-0.15,0.03,0.06
left,-1.13,9.59,-0.04,-0.13,0.03,0.06
left,-1.02,9.45,-0.08,-0.14,0.03,0.06
left,-1.07,9.41,-0.15,-0.1,0.04,0.08
left,-1.11,9.72,0.09,-0.1,0.04,0.08
left,-1.14,9.85,0.17,-0.16,0.04,0.07
left,-1.19,9.81,-0.09,-0.19,0.05,0.05
left,-1.14,9.79,-0.22,-0.18,0.03,0.04
left,-1.17,9.72,-0.19,-0.14,0.04,0.03
left,-1.08,9.75,-0.15,-0.12,0.03,0.02
left,-1.14,9.8,0.02,-0.13,0.01,0.02
left,-1.16,9.77,0.01,-0.17,0.01,0.01
left,-1.2,9.61,-0.06,-0.19,-0.0,0.0
left,-1.18,9.46,-0.15,-0.15,-0.0,0.01
left,-1.16,9.59,-0.04,-0.11,-0.0,0.01
left,-1.06,9.56,-0.05,-0.11,-0.01,0.01
left,-1.09,9.47,-0.04,-0.1,-0.02,0.02
left,-1.13,9.6,0.09,-0.1,-0.02,0.03
left,-1.12,9.56,0.06,-0.12,-0.03,0.02
left,-1.1,9.36,0.11,-0.12,-0.02,0.04
left,-1.11,9.5,0.11,-0.11,-0.01,0.05
left,-1.09,9.7,0.4,-0.12,0.01,0.05
left,-1.08,9.63,0.05,-0.14,0.02,0.04
left,-1.07,9.67,0.1,-0.1,0.02,0.04
left,-1.08,9.72,0.3,-0.12,0.01,0.04
left,-1.02,9.62,0.21,-0.14,0.0,0.05
left,-1.1,9.84,0.19,-0.12,0.0,0.05
left,-1.09,9.99,0.33,-0.11,-0.0,0.02
left,-1.07,9.85,0.53,-0.15,-0.01,0.0
left,-1.06,9.62,0.6,-0.2,0.0,0.01
left,-1.07,9.61,0.48,-0.25,0.01,0.03
left,-1.1,9.57,0.19,-0.24,0.0,0.03
left,-1.12,9.68,0.24,-0.2,-0.0,0.01
left,-1.07,9.67,0.52,-0.2,-0.0,0.0
left,-1.09,9.59,0.62,-0.29,0.0,0.0
left,-1.03,9.47,0.75,-0.45,-0.01,0.03
left,-0.96,9.39,1.06,-0.66,-0.01,0.07
left,-0.91,9.4,1.03,-0.92,-0.01,0.11
left,-0.97,9.25,0.83,-1.13,-0.02,0.15
left,-1.07,9.25,0.99,-1.28,-0.02,0.18
left,-1.17,9.21,1.3,-1.51,-0.03,0.21
left,-1.15,9.01,1.74,-1.87,-0.05,0.27
left,-1.02,8.6,2.02,-2.37,-0.08,0.37
left,-1.01,8.46,1.63,-2.82,-0.11,0.5
left,-0.82,8.5,1.37,-3.01,-0.12,0.6
left,-0.63,8.67,1.76,-3.07,-0.15,0.68
left,-0.56,9.3,2.78,-3.23,-0.17,0.73
left,-0.46,9.39,3.7,-3.56,-0.19,0.75
left,-0.19,8.86,4.05,-3.94,-0.21,0.81
left,0.02,8.57,4.37,-4.19,-0.2,0.93
left,-0.29,8.76,4.42,-4.34,-0.21,1.02
left,-0.4,8.94,4.87,-4.34,-0.21,1.01
left,-0.51,8.89,5.06,-4.28,-0.23,0.91
left,-0.34,8.38,5.74,-4.14,-0.23,0.78
left,-0.17,7.83,5.9,-4.09,-0.25,0.65
left,0.17,6.78,6.31,-4.03,-0.31,0.58
left,0.38,6.05,6.92,-3.89,-0.31,0.56
left,0.61,5.52,7.76,-3.84,-0.29,0.58
left,0.77,5.14,8.18,-3.86,-0.26,0.6
left,0.8,4.78,8.59,-3.91,-0.23,0.64
left,0.66,4.38,8.3,-3.92,-0.22,0.63
left,0.73,3.86,8.4,-3.83,-0.21,0.61
left,0.73,3.38,8.06,-3.66,-0.21,0.57
left,0.74,3.15,8.37,-3.43,-0.22,0.49
left,1.0,2.43,8.48,-3.16,-0.21,0.42
left,1.18,1.98,8.9,-2.89,-0.21,0.4
left,1.21,2.19,9.53,-2.79,-0.2,0.36
left,1.01,1.89,9.23,-2.67,-0.16,0.26
left,0.88,1.19,8.77,-2.36,-0.12,0.18
left,0.92,0.79,8.4,-1.87,-0.1,0.09
left,0.97,0.59,8.92,-1.36,-0.08,0.03
left,0.83,0.76,9.23,-0.94,-0.05,-0.05
left,1.16,0.53,9.77,-0.77,-0.06,-0.11
left,1.47,-0.06,10.11,-0.72,-0.07,-0.07
left,1.39,-0.07,10.45,-0.75,-0.06,0.02
left,1.31,-0.02,9.86,-0.75,-0.05,0.07
left,1.17,0.12,9.76,-0.66,-0.07,0.09
left,1.18,0.21,9.89,-0.52,-0.05,0.08
left,1.25,0.47,9.8,-0.39,-0.02,0.03
left,1.4,0.35,9.73,-0.27,-0.04,-0.01
left,1.53,0.16,10.03,-0.16,-0.04,-0.01
left,1.55,0.08,10.11,-0.06,-0.03,0.02
left,1.63,0.05,10.32,-0.09,-0.05,0.07
left,1.62,-0.0,10.48,-0.21,-0.06,0.16
left,1.47,0.06,10.23,-0.33,-0.07,0.23
left,1.32,0.17,9.95,-0.38,-0.07,0.25
left,1.24,0.17,9.74,-0.32,-0.04,0.23
left,1.22,0.28,9.58,-0.18,0.01,0.2
left,1.05,0.41,9.7,-0.06,0.04,0.15
left,1.25,0.33,9.53,0.01,0.07,0.21
left,1.24,0.31,9.69,0.01,0.06,0.1
left,1.34,0.01,9.74,-0.1,0.05,0.06
left,1.37,-0.19,9.55,-0.16,0.04,0.09
left,1.18,0.15,9.38,-0.14,0.03,0.09
left,1.18,0.18,9.32,-0.1,0.03,0.04
left,1.2,0.08,9.27,-0.03,0.04,0.01
left,1.22,0.12,9.38,-0.02,0.04,-0.02
left,1.3,-0.21,9.33,-0.03,0.03,-0.03
left,1.24,-0.2,9.46,-0.0,0.03,-0.02
left,1.27,-0.21,9.55,0.02,0.04,-0.02
left,1.22,-0.28,9.6,0.01,0.05,-0.01
left,1.3,-0.39,9.57,-0.01,0.05,0.01
left,1.31,-0.35,9.46,-0.02,0.05,0.03
left,1.33,-0.24,9.46,-0.03,0.04,0.04
left,1.32,-0.09,9.47,-0.04,0.03,0.05
left,1.3,-0.06,9.47,-0.05,0.02,0.04
left,1.3,0.01,9.54,-0.04,0.01,0.04
left,1.26,-0.03,9.64,-0.02,0.02,0.03
left,1.31,-0.11,9.62,-0.01,0.03,0.03
left,1.33,-0.19,9.67,-0.02,0.03,0.04
left,1.29,-0.08,9.64,-0.06,0.03,0.06
left,1.33,-0.05,9.57,-0.09,0.03,0.06
left,1.26,0.04,9.51,-0.07,0.03,0.06
left,1.21,0.24,9.4,-0.03,0.03,0.04
left,1.24,0.21,9.4,0.01,0.03,0.01
left,1.33,0.01,9.46,0.05,0.03,-0.0
left,1.3,0.03,9.65,0.03,0.04,0.01
left,1.31,-0.06,9.57,0.0,0.04,0.02
left,1.3,0.04,9.56,-0.01,0.05,0.04
left,1.26,0.14,9.53,-0.04,0.04,0.04
left,1.26,0.1,9.54,-0.06,0.04,0.03
left,1.22,0.1,9.43,-0.05,0.03,0.02
left,1.22,0.09,9.48,-0.02,0.03,-0.0
left,1.25,-0.06,9.59,-0.0,0.04,-0.02
left,1.31,-0.22,9.58,-0.01,0.04,-0.01
left,1.28,-0.25,9.48,-0.01,0.05,0.01
left,1.27,-0.14,9.5,0.01,0.05,0.01
left,1.32,-0.09,9.61,0.02,0.05,0.01
left,1.34,-0.11,9.66,0.01,0.05,0.02
left,1.39,-0.0,9.71,-0.03,0.04,0.04
left,1.4,-0.01,9.87,-0.08,0.03,0.06
left,1.28,0.13,9.63,-0.13,0.02,0.09
left,1.06,0.26,9.56,-0.13,-0.0,0.08
left,1.12,0.1,9.46,-0.11,0.01,0.04
left,1.16,0.13,9.39,-0.07,0.02,0.02
left,1.24,0.01,9.38,-0.06,0.02,0.01
left,1.38,-0.23,9.26,-0.05,0.01,0.02
left,1.35,-0.28,9.3,-0.02,0.01,0.03
left,1.24,-0.14,9.39,-0.01,0.01,0.03
left,1.25,-0.28,9.37,0.0,0.01,0.02
left,1.24,-0.27,9.54,0.01,0.02,0.01
left,1.32,-0.37,9.59,0.0,0.03,0.01
left,1.36,-0.3,9.55,-0.0,0.02,0.03
left,1.41,-0.11,9.54,0.0,0.01,0.04
left,1.36,0.13,9.67,0.03,0.01,0.03
left,1.34,0.32,9.76,0.01,0.02,0.01
left,1.34,0.15,9.52,-0.02,0.03,-0.01
left,1.23,0.16,9.47,0.01,0.02,-0.01
left,1.28,0.13,9.52,0.03,0.02,-0.03
left,1.33,-0.01,9.59,0.05,0.03,-0.02
left,1.38,0.03,9.49,0.09,0.04,-0.01
left,1.25,0.23,9.51,0.12,0.05,-0.02
left,1.25,0.2,9.5,0.15,0.05,-0.04
left,1.29,0.12,9.58,0.17,0.04,-0.05
left,1.35,0.03,9.38,0.22,0.04,-0.05
left,1.27,0.02,8.64,0.42,0.02,-0.09
left,1.22,0.05,8.42,0.89,0.01,-0.16
left,1.26,0.38,9.01,1.42,0.01,-0.25
left,1.33,0.59,9.92,1.84,0.04,-0.34
left,1.49,0.79,10.73,2.03,0.09,-0.37
left,1.64,0.95,11.5,1.97,0.12,-0.36
left,1.74,0.94,11.92,1.71,0.16,-0.31
left,1.74,0.77,10.93,1.5,0.2,-0.23
left,1.35,1.17,9.52,1.71,0.23,-0.21
left,1.11,2.01,9.18,2.19,0.26,-0.28
left,1.01,2.7,9.53,2.56,0.29,-0.39
left,1.11,2.89,10.0,2.65,0.31,-0.44
left,1.24,2.9,10.11,2.5,0.34,-0.42
left,1.25,3.21,9.89,2.24,0.36,-0.36
left,1.11,3.47,8.26,2.06,0.35,-0.33
left,0.85,3.93,6.78,2.47,0.33,-0.4
left,0.72,5.12,7.03,3.16,0.3,-0.56
left,0.79,5.79,8.58,3.49,0.29,-0.71
left,0.98,5.45,9.45,3.35,0.32,-0.74
left,0.94,5.18,9.04,3.01,0.35,-0.64
left,0.56,5.46,7.33,2.88,0.34,-0.54
left,0.01,6.32,5.34,3.19,0.29,-0.58
left,-0.34,7.49,4.83,3.96,0.23,-0.77
left,-0.36,8.41,5.3,4.66,0.19,-1.03
left,-0.07,8.52,6.05,5.05,0.18,-1.22
left,0.03,8.39,6.26,5.16,0.21,-1.28
left,-0.05,8.56,5.76,5.17,0.25,-1.28
left,-0.33,8.93,4.68,5.12,0.25,-1.27
left,-0.59,8.92,2.92,5.34,0.2,-1.31
left,-0.66,9.34,3.67,5.76,0.18,-1.34
left,-0.1,9.32,6.88,5.46,0.23,-1.2
left,0.09,8.54,8.53,4.0,0.35,-0.87
left,-0.16,6.9,5.46,2.39,0.48,-0.43
left,-0.95,7.19,1.46,1.75,0.52,-0.07
left,-1.66,9.01,0.23,1.7,0.46,-0.0
left,-1.58,9.62,0.89,1.56,0.39,-0.1
left,-1.39,8.75,1.21,1.19,0.36,-0.15
left,-1.18,7.79,0.78,0.83,0.36,-0.08
left,-1.25,7.66,-0.24,0.54,0.34,0.06
left,-1.39,8.46,-1.18,0.54,0.31,0.13
left,-1.5,9.22,-1.16,0.58,0.24,0.09
left,-1.21,9.12,-0.54,0.53,0.19,0.03
left,-0.91,8.75,0.24,0.34,0.18,0.06
left,-0.87,8.63,0.11,-0.02,0.15,0.15
left,-0.94,8.75,-0.77,-0.12,0.12,0.23
left,-1.15,9.57,-0.78,-0.01,0.09,0.22
left,-1.1,10.06,-0.18,0.01,0.05,0.15
left,-0.97,9.65,0.06,-0.06,0.03,0.11
left,-0.87,9.43,0.34,-0.17,0.02,0.14
left,-1.06,9.41,-0.03,-0.27,0.01,0.19
left,-1.19,9.84,-0.35,-0.1,0.01,0.2
left,-1.13,10.36,0.6,0.02,0.01,0.14
left,-1.04,10.29,1.11,-0.06,0.04,0.12
left,-1.01,10.18,0.93,-0.18,0.06,0.11
left,-1.03,10.14,0.21,-0.2,0.07,0.09
left,-1.0,10.31,-0.11,-0.03,0.06,0.04
left,-0.93,10.32,0.33,0.06,0.03,-0.01
left,-0.8,9.73,0.48,0.07,0.03,-0.03
left,-0.87,9.72,0.84,0.01,0.03,-0.0
left,-0.94,9.62,0.55,-0.09,0.04,0.01
left,-1.03,9.64,0.22,-0.05,0.04,0.0
left,-1.17,9.62,0.17,0.01,0.04,-0.03
left,-1.07,9.43,0.15,0.1,0.05,-0.06
left,-1.01,9.41,0.73,0.04,0.04,-0.05
left,-0.95,9.14,0.55,-0.16,0.05,-0.01
left,-1.01,8.98,-0.17,-0.22,0.04,0.03
left,-0.95,9.15,-0.46,-0.04,0.02,0.04
left,-0.96,9.75,0.36,0.07,0.01,0.03
left,-0.89,9.59,0.79,-0.01,0.02,0.01
left,-1.0,9.24,0.52,-0.12,0.03,0.05
left,-1.13,9.41,0.27,-0.14,0.04,0.08
left,-1.15,9.87,0.39,-0.1,0.04,0.06
left,-1.0,9.94,0.69,-0.11,0.06,0.02
left,-0.92,9.77,0.83,-0.17,0.07,0.02
left,-0.84,9.64,0.66,-0.27,0.08,0.03
left,-0.88,9.58,0.13,-0.28,0.06,0.06
left,-0.81,9.73,-0.07,-0.14,0.02,0.07
left,-0.89,10.09,0.52,-0.08,-0.0,0.07
left,-1.0,9.92,0.52,-0.12,-0.0,0.05
left,-1.07,9.69,0.4,-0.12,-0.01,0.04
left,-1.15,9.75,0.34,-0.08,0.0,0.03
left,-1.06,9.79,0.48,-0.03,0.01,-0.01
left,-0.99,9.54,0.55,-0.04,0.02,-0.02
left,-0.97,9.31,0.36,-0.04,0.02,-0.02
left,-0.98,9.31,0.44,-0.01,0.02,-0.01
left,-0.91,9.39,0.73,-0.05,0.02,0.01
left,-0.95,9.37,0.67,-0.12,0.02,0.03
left,-0.95,9.33,0.36,-0.09,0.03,0.03
left,-0.94,9.54,0.48,-0.05,0.02,0.03
left,-0.87,9.39,0.61,-0.05,0.01,0.03
left,-0.9,9.5,0.81,-0.08,0.02,0.05
left,-0.98,9.68,0.91,-0.17,0.02,0.06
left,-1.0,9.67,0.79,-0.24,0.03,0.06
left,-1.02,9.9,0.78,-0.26,0.03,0.05
left,-0.95,10.07,1.14,-0.34,0.03,0.02
left,-0.86,9.96,1.35,-0.54,0.03,0.02
left,-0.86,10.0,1.64,-0.88,0.02,0.04
left,-0.82,10.11,1.77,-1.41,-0.01,0.09
left,-1.01,9.91,0.6,-1.9,-0.05,0.1
left,-1.26,9.72,-0.99,-1.92,-0.13,0.06
left,-1.31,10.06,-0.79,-1.62,-0.2,-0.04
left,-1.23,10.19,0.83,-1.49,-0.24,-0.16
left,-0.89,9.49,2.48,-1.79,-0.23,-0.17
left,-0.81,8.5,2.69,-2.49,-0.22,-0.03
left,-0.7,7.57,1.27,-3.11,-0.27,0.28
left,-1.28,7.82,0.42,-3.34,-0.32,0.51
left,-1.46,7.94,-0.79,-3.11,-0.35,0.51
left,-1.39,8.49,0.03,-2.25,-0.31,0.34
left,-0.88,9.25,3.16,-1.58,-0.19,0.1
left,-0.05,8.77,6.07,-1.84,-0.12,0.02
left,0.57,7.19,6.86,-2.89,-0.17,0.26
left,0.45,6.27,6.42,-4.11,-0.32,0.71
left,-0.37,6.62,4.83,-4.71,-0.39,1.06
left,-0.87,7.15,3.19,-4.37,-0.48,1.12
left,-1.04,8.09,4.66,-3.52,-0.51,0.94
left,-0.68,8.56,7.37,-2.84,-0.43,0.62
left,-0.11,8.0,9.3,-2.88,-0.33,0.38
left,0.47,6.3,10.13,-3.4,-0.28,0.34
left,0.78,4.69,9.59,-4.12,-0.27,0.52
left,0.81,3.91,8.8,-4.59,-0.28,0.77
left,0.47,3.89,7.82,-4.59,-0.29,0.9
left,0.34,3.97,7.63,-4.22,-0.29,0.86
left,0.51,4.07,9.2,-3.8,-0.26,0.74
left,0.61,3.75,10.15,-3.8,-0.2,0.62
left,0.76,2.65,9.82,-4.01,-0.18,0.58
left,1.13,1.58,9.97,-4.15,-0.18,0.65
left,0.98,1.27,8.76,-4.23,-0.2,0.75
left,0.65,0.72,7.37,-3.69,-0.24,0.71
left,0.49,0.74,7.52,-2.63,-0.2,0.55
left,0.66,1.31,9.56,-1.79,-0.12,0.35
left,1.06,0.99,11.15,-1.63,-0.06,0.22
left,1.27,0.39,11.71,-1.96,-0.0,0.28
left,1.19,0.09,10.63,-2.35,0.02,0.41
left,0.86,0.01,8.84,-2.44,-0.02,0.47
left,0.91,-0.29,8.1,-2.09,-0.07,0.47
left,0.8,0.08,8.24,-1.5,-0.08,0.39
left,0.87,0.14,8.85,-0.9,-0.04,0.23
left,1.0,0.15,10.22,-0.69,-0.02,0.13
left,1.12,0.01,10.94,-0.93,-0.03,0.1
left,1.3,-0.74,10.1,-1.24,-0.04,0.15
left,1.12,-1.17,8.72,-1.19,-0.09,0.21
left,0.84,-0.85,8.58,-0.74,-0.09,0.19
left,0.73,-0.53,8.53,-0.2,-0.06,0.07
left,0.78,-0.61,8.71,0.38,-0.03,-0.08
left,0.92,-0.51,9.74,0.86,0.04,-0.18
left,1.16,-0.47,10.93,0.92,0.1,-0.21
left,1.39,-0.92,11.44,0.49,0.1,-0.14
left,1.41,-1.38,10.71,-0.05,0.07,0.01
left,1.2,-1.32,9.55,-0.29,0.04,0.12
left,0.9,-0.74,8.95,-0.19,0.03,0.11
left,0.83,-0.47,8.87,0.03,0.03,0.02
left,0.91,-0.69,9.07,0.22,0.02,-0.06
left,0.99,-0.83,9.39,0.38,0.05,-0.1
left,1.05,-0.84,9.65,0.41,0.06,-0.1
left,1.11,-0.87,10.11,0.27,0.06,-0.06
left,1.12,-0.92,10.05,0.02,0.06,-0.01
left,1.11,-1.2,9.32,-0.15,0.04,0.05
left,0.93,-0.94,8.95,-0.1,0.03,0.08
left,0.86,-0.61,9.1,0.01,0.01,0.05
left,0.99,-0.59,9.52,0.09,0.01,0.01
left,1.02,-0.7,9.72,0.09,0.02,-0.02
left,1.11,-0.96,9.56,0.08,0.02,-0.02
left,1.09,-1.1,9.47,0.11,0.01,0.01
left,1.02,-0.87,9.73,0.13,0.01,0.04
left,1.02,-0.76,9.71,0.11,0.01,0.05
left,1.0,-0.73,9.68,0.1,0.02,0.04
left,0.97,-0.58,9.7,0.09,0.04,0.04
left,1.01,-0.68,9.52,0.05,0.03,0.03
left,1.07,-0.88,9.4,0.05,0.02,0.04
left,1.02,-0.9,9.38,0.09,0.04,0.07
left,1.05,-0.64,9.36,0.12,0.04,0.07
left,1.0,-0.54,9.31,0.09,0.02,0.05
left,1.03,-0.69,9.46,0.08,0.01,0.04
left,1.04,-0.6,9.43,0.07,0.01,0.05
left,0.96,-0.56,9.42,0.08,0.01,0.05
left,1.04,-0.63,9.61,0.09,0.02,0.05
left,1.06,-0.61,9.83,0.07,0.04,0.07
left,1.12,-0.57,9.93,0.0,0.05,0.1
left,1.1,-0.59,9.81,-0.09,0.06,0.12
left,1.1,-0.65,9.44,-0.16,0.05,0.14
left,1.06,-0.63,9.12,-0.17,0.0,0.16
left,0.93,-0.5,9.19,-0.13,-0.03,0.15
left,0.93,-0.5,9.15,-0.05,-0.02,0.12
left,0.96,-0.49,9.61,0.01,-0.02,0.11
left,0.98,-0.36,9.81,-0.03,0.0,0.1
left,0.95,-0.44,9.46,-0.08,-0.0,0.09
left,0.93,-0.44,9.39,-0.05,0.0,0.08
left,0.96,-0.45,9.26,0.0,0.0,0.05
left,1.02,-0.53,9.32,0.07,0.01,0.03
left,1.14,-0.51,9.48,0.11,0.01,0.02
left,1.15,-0.47,9.58,0.12,-0.0,0.02
left,1.19,-0.52,9.76,0.11,-0.01,0.01
left,1.12,-0.54,9.73,0.12,0.01,0.03
left,0.9,-0.33,9.62,0.14,0.02,0.02
left,0.85,-0.51,9.41,0.15,0.02,-0.0
left,0.92,-0.63,9.4,0.21,0.03,-0.01
left,0.96,-0.62,9.39,0.25,0.03,-0.02
left,1.11,-0.73,9.4,0.29,0.02,-0.03
left,1.25,-0.75,9.44,0.39,0.02,-0.03
left,1.27,-0.54,9.58,0.53,0.04,-0.02
left,1.26,-0.23,9.79,0.65,0.06,-0.02
left,1.17,0.01,9.87,0.74,0.08,-0.04
left,1.16,0.27,10.04,0.83,0.1,-0.07
left,1.35,0.46,10.57,0.84,0.13,-0.1
left,1.54,0.41,10.79,0.84,0.18,-0.11
left,1.42,0.48,10.31,1.02,0.24,-0.13
left,1.16,0.58,9.38,1.57,0.31,-0.22
left,1.02,1.22,9.75,2.38,0.37,-0.33
left,1.11,1.96,10.9,2.82,0.39,-0.43
left,1.17,2.04,11.76,2.72,0.38,-0.46
left,0.96,1.68,11.38,2.36,0.4,-0.39
left,0.95,1.69,10.6,2.09,0.43,-0.29
left,0.79,2.12,8.94,1.96,0.43,-0.23
left,0.41,2.35,6.77,2.48,0.44,-0.3
left,0.31,3.43,6.61,3.49,0.44,-0.44
left,0.2,4.81,8.0,4.19,0.44,-0.64
left,0.51,5.08,9.56,4.33,0.44,-0.76
left,0.57,4.73,9.8,4.03,0.46,-0.76
left,0.51,4.38,9.01,3.71,0.48,-0.64
left,0.04,4.75,7.59,3.6,0.48,-0.56
left,-0.21,5.49,7.38,3.81,0.5,-0.53
left,-0.28,6.16,8.28,3.77,0.53,-0.52
left,-0.19,5.97,8.87,3.38,0.6,-0.45
left,-0.12,5.47,8.35,2.81,0.69,-0.29
left,-0.21,4.91,6.73,2.41,0.79,-0.1
left,-0.59,4.83,4.49,2.45,0.86,0.07
left,-0.56,5.33,3.68,2.67,0.82,0.21
left,-0.67,6.81,3.62,2.85,0.69,0.29
left,-0.91,8.49,4.18,2.85,0.52,0.24
left,-0.96,9.29,5.18,2.46,0.36,0.1
left,-0.56,8.91,4.86,2.05,0.29,-0.03
left,-0.57,7.77,2.87,2.04,0.27,-0.08
left,-0.54,7.6,2.2,2.51,0.25,-0.06
left,-0.73,8.29,2.38,3.0,0.24,-0.01
left,-0.8,9.45,3.41,3.18,0.2,0.01
left,-0.79,10.04,4.46,2.88,0.17,-0.03
left,-0.87,9.79,4.15,2.39,0.18,-0.08
left,-0.93,9.11,2.57,2.11,0.17,-0.1
left,-1.06,8.93,1.47,2.12,0.14,-0.11
left,-0.96,9.11,1.44,2.16,0.07,-0.11
left,-0.95,9.57,2.05,2.02,0.01,-0.12
left,-0.83,9.54,2.5,1.66,-0.01,-0.13
left,-0.75,8.97,2.03,1.25,-0.01,-0.1
left,-0.7,8.49,1.32,0.99,0.01,-0.04
left,-0.71,8.49,0.53,0.91,0.02,0.04
left,-0.74,8.98,0.51,0.94,-0.0,0.1
left,-0.68,9.63,0.99,0.9,0.0,0.09
left,-0.69,10.12,1.36,0.74,0.04,0.04
left,-0.67,10.12,1.08,0.51,0.06,-0.01
left,-0.66,9.75,0.78,0.29,0.06,-0.05
left,-0.53,9.18,0.44,0.14,0.03,-0.02
left,-0.72,9.09,0.24,0.09,0.01,0.06
left,-0.89,9.43,0.21,0.09,-0.01,0.1
left,-0.93,9.61,0.24,0.11,0.0,0.1
left,-0.91,9.76,0.47,0.16,0.04,0.08
left,-0.86,9.8,0.44,0.11,0.06,0.07
left,-0.86,9.56,0.06,0.07,0.05,0.06
left,-0.83,9.55,0.11,0.14,0.06,0.07
left,-0.89,9.81,0.2,0.13,0.06,0.07
left,-0.8,9.85,0.1,0.1,0.03,0.05
left,-0.81,9.91,0.37,0.05,-0.01,0.03
left,-0.7,9.66,0.31,0.0,-0.02,0.01
left,-0.69,9.45,0.42,-0.02,-0.02,0.04
left,-0.75,9.56,0.42,-0.03,0.0,0.07
left,-0.82,9.73,0.28,-0.03,0.01,0.07
left,-0.79,9.81,0.32,0.0,0.0,0.05
left,-0.66,9.71,0.35,0.03,-0.01,0.04
left,-0.72,9.86,0.69,0.04,0.0,0.03
left,-0.68,9.83,0.67,-0.0,0.02,0.02
left,-0.68,9.71,0.45,-0.03,0.02,0.03
left,-0.75,9.8,0.51,-0.04,0.01,0.03
left,-0.73,9.81,0.46,-0.05,0.02,0.02
left,-0.73,9.66,0.43,-0.04,0.02,0.02
left,-0.73,9.73,0.58,-0.04,0.02,0.03
left,-0.66,9.63,0.5,-0.06,0.03,0.03
left,-0.71,9.66,0.3,-0.04,0.03,0.04
left,-0.78,9.83,0.36,-0.03,0.02,0.03
left,-0.76,9.74,0.42,-0.06,0.02,0.01
left,-0.67,9.47,0.11,-0.03,0.01,0.0
left,-0.73,9.64,0.29,0.06,0.01,0.0
left,-0.74,9.91,0.7,0.03,0.01,-0.01
left,-0.73,9.64,0.48,-0.05,0.01,-0.02
left,-0.68,9.41,0.31,-0.07,0.0,0.01
left,-0.73,9.54,0.29,-0.03,0.0,0.03
left,-0.69,9.65,0.38,0.0,-0.0,0.03
left,-0.7,9.76,0.69,-0.01,0.0,0.02
left,-0.66,9.62,0.74,-0.06,0.02,0.02
left,-0.73,9.63,0.48,-0.11,0.04,0.03
left,-0.85,9.64,0.15,-0.09,0.04,0.03
left,-0.8,9.68,0.12,-0.02,0.04,0.01
left,-0.74,9.65,0.37,-0.0,0.01,-0.01
right,-0.68,9.62,0.56,-0.03,0.02,-0.01
right,-0.64,9.53,0.57,-0.06,0.02,0.01
right,-0.74,9.51,0.29,-0.08,0.03,0.03
right,-0.76,9.59,0.06,-0.04,0.02,0.04
right,-0.75,9.72,0.13,0.02,0.01,0.02
right,-0.68,9.79,0.48,0.04,-0.0,0.01
right,-0.68,9.69,0.72,-0.01,0.01,0.01
right,-0.72,9.65,0.64,-0.09,0.03,0.03
right,-0.78,9.67,0.24,-0.12,0.02,0.03
right,-0.79,9.71,0.2,-0.07,0.0,0.01
right,-0.69,9.65,0.41,-0.02,-0.0,0.0
right,-0.69,9.62,0.61,-0.02,0.01,0.01
right,-0.71,9.65,0.58,-0.05,0.03,0.02
right,-0.75,9.64,0.45,-0.06,0.03,0.02
right,-0.7,9.62,0.41,-0.08,0.02,0.03
right,-0.72,9.57,0.38,-0.08,0.02,0.03
right,-0.71,9.66,0.3,-0.06,0.01,0.02
right,-0.72,9.82,0.41,-0.05,-0.0,0.0
right,-0.72,9.68,0.6,-0.07,-0.01,-0.01
right,-0.69,9.55,0.7,-0.13,-0.01,0.0
right,-0.73,9.49,0.74,-0.18,0.01,0.02
right,-0.7,9.46,0.41,-0.18,0.02,0.04
right,-0.72,9.61,0.23,-0.12,0.02,0.04
right,-0.73,9.84,0.42,-0.09,0.01,0.03
right,-0.69,9.84,0.54,-0.14,0.01,0.01
right,-0.7,9.68,0.51,-0.2,-0.0,0.02
right,-0.7,9.63,0.54,-0.22,0.0,0.03
right,-0.77,9.8,0.7,-0.26,0.02,0.03
right,-0.76,9.87,0.62,-0.33,0.01,0.01
right,-0.74,9.8,0.44,-0.39,-0.01,-0.01
right,-0.66,9.7,0.47,-0.43,-0.03,-0.02
right,-0.68,9.78,0.71,-0.5,-0.04,-0.02
right,-0.62,9.65,0.83,-0.67,-0.07,-0.01
right,-0.62,9.47,1.02,-0.8,-0.05,0.01
right,-0.7,9.46,0.62,-0.91,-0.06,0.03
right,-0.83,9.54,0.29,-0.96,-0.08,0.03
right,-0.87,9.58,0.66,-1.04,-0.12,0.01
right,-0.8,9.62,0.99,-1.25,-0.18,-0.01
right,-0.7,9.33,1.52,-1.57,-0.23,0.01
right,-0.66,9.16,2.15,-2.01,-0.26,0.07
right,-0.65,9.07,2.26,-2.48,-0.25,0.1
right,-0.85,8.88,2.19,-2.84,-0.26,0.13
right,-0.62,8.31,2.43,-3.05,-0.24,0.19
right,-0.52,8.27,2.69,-3.27,-0.23,0.29
right,-0.41,8.56,3.36,-3.5,-0.23,0.35
right,-0.37,8.86,4.02,-3.78,-0.21,0.38
right,-0.27,8.67,4.2,-4.08,-0.24,0.38
right,-0.31,8.43,4.4,-4.3,-0.29,0.38
right,-0.43,8.1,4.53,-4.39,-0.33,0.33
right,-0.29,7.2,5.25,-4.44,-0.4,0.31
right,-0.29,6.36,6.27,-4.44,-0.4,0.38
right,-0.21,6.29,7.43,-4.53,-0.34,0.48
right,-0.35,6.23,7.68,-4.72,-0.3,0.55
right,-0.4,6.15,7.81,-4.85,-0.29,0.57
right,-0.32,6.21,8.28,-4.87,-0.26,0.5
right,-0.05,5.75,8.76,-4.92,-0.22,0.41
right,0.07,4.96,8.73,-4.93,-0.2,0.34
right,0.52,3.87,8.35,-4.81,-0.2,0.3
right,0.62,3.22,8.73,-4.48,-0.19,0.3
right,0.63,2.85,9.15,-4.2,-0.15,0.26
right,0.56,1.89,8.68,-3.94,-0.17,0.22
right,0.6,0.83,8.38,-3.46,-0.18,0.19
right,0.74,0.02,8.33,-2.81,-0.18,0.18
right,0.52,0.07,9.17,-2.13,-0.15,0.16
right,0.46,0.32,10.19,-1.71,-0.1,0.09
right,0.58,0.2,10.85,-1.58,-0.06,0.03
right,0.75,-0.26,10.97,-1.67,-0.06,0.02
right,0.81,-0.95,10.2,-1.65,-0.06,0.05
right,0.73,-1.26,9.7,-1.38,-0.05,0.1
right,0.64,-1.1,9.62,-1.0,-0.01,0.11
right,0.71,-1.07,9.56,-0.67,0.01,0.11
right,0.75,-0.96,9.61,-0.38,0.03,0.09
right,0.83,-0.79,9.99,-0.2,0.05,0.08
right,0.82,-0.45,10.57,-0.22,0.08,0.07
right,0.65,-0.58,10.4,-0.45,0.08,0.09
right,0.79,-0.82,9.82,-0.62,0.05,0.13
right,0.57,-0.78,9.0,-0.62,0.06,0.14
right,0.41,-0.7,8.64,-0.41,0.05,0.09
right,0.63,-0.95,8.64,-0.11,0.05,0.04
right,0.67,-0.93,9.18,0.11,0.03,0.03
right,0.7,-0.84,9.71,0.2,0.03,0.03
right,0.55,-0.64,9.81,0.11,-0.0,0.06
right,0.57,-0.87,9.8,-0.0,-0.01,0.06
right,0.52,-1.27,9.7,-0.04,0.03,0.11
right,0.4,-1.39,9.53,-0.03,0.06,0.17
right,0.37,-1.15,9.28,0.03,0.08,0.23
right,0.34,-1.14,8.93,0.07,0.05,0.25
right,0.45,-1.23,8.75,0.24,0.04,0.26
right,0.27,-1.11,8.83,0.43,0.04,0.23
right,0.63,-1.01,9.35,0.63,0.04,0.22
right,0.51,-0.64,9.74,0.7,0.09,0.21
right,0.6,-0.54,9.9,0.64,0.06,0.2
right,0.67,-0.64,10.34,0.38,0.04,0.21
right,0.57,-0.8,10.04,0.13,0.01,0.24
right,0.43,-0.95,9.37,0.01,-0.01,0.28
right,0.43,-1.0,8.87,0.05,-0.11,0.3
right,1.08,-1.09,8.72,0.13,-0.16,0.33
right,0.46,-0.9,8.69,0.39,-0.12,0.33
right,0.55,-0.77,8.64,0.66,-0.13,0.41
right,0.5,-0.29,8.45,0.94,-0.11,0.37
right,0.47,0.17,8.4,1.22,-0.12,0.34
right,0.54,0.21,8.56,1.5,-0.12,0.29
right,0.9,-0.32,8.58,1.73,-0.1,0.48
right,3.48,4.13,13.79,1.98,0.31,0.49
right,0.72,3.17,9.25,1.07,1.29,0.48
right,-0.89,3.14,9.11,0.73,-0.4,1.33
right,0.27,0.61,9.77,0.93,0.8,0.44
right,-0.44,0.45,8.89,1.29,1.26,0.46
right,-0.25,0.72,9.14,2.08,1.41,0.19
right,0.13,1.03,8.86,2.25,2.14,-0.04
right,1.2,1.8,8.18,2.65,2.69,0.03
right,0.94,3.73,9.46,2.59,2.85,0.49
right,-0.46,4.66,10.19,1.72,1.44,0.11
right,4.35,-0.69,3.84,1.33,-0.7,-0.06
right,-1.75,6.37,10.43,0.01,-0.89,-0.4
right,-2.28,4.72,10.71,1.14,-1.27,-0.23
right,-0.64,4.18,10.07,0.28,-2.06,0.55
right,-1.93,3.78,11.18,-1.53,-2.15,1.18
right,-4.09,1.69,11.1,-1.8,-2.01,1.62
right,3.07,4.68,10.48,-2.07,-0.8,0.69
right,0.7,1.81,8.67,-2.45,0.87,-0.41
right,-1.29,0.45,8.01,-1.05,0.47,-0.6
right,-1.42,0.76,8.92,-0.32,-0.69,-0.17
right,-0.17,1.11,9.41,-0.16,-1.08,0.07
right,0.51,1.17,9.05,0.15,-0.97,0.02
right,0.35,2.01,8.61,-0.03,-0.83,-0.48
right,0.19,1.75,8.37,-0.35,-0.91,-0.16
right,0.85,1.08,8.27,-0.44,-1.12,0.25
right,3.33,0.44,7.34,0.39,-2.17,0.31
right,1.69,2.71,9.37,2.22,-4.61,0.36
right,1.61,3.71,12.35,0.61,-3.0,0.81
right,3.28,3.18,9.86,0.32,-0.56,0.43
right,4.08,3.37,8.72,-0.02,-0.09,0.26
right,3.08,2.65,8.67,-0.29,0.03,0.19
right,2.43,2.68,9.07,-0.25,0.58,-0.01
right,1.82,2.32,8.96,-0.3,0.89,-0.16
right,2.2,2.47,8.81,-0.42,0.9,-0.53
right,0.61,2.25,9.53,-0.3,1.22,-0.39
right,1.21,2.41,8.21,-0.09,0.6,-0.19
right,1.92,2.54,8.12,0.1,-0.53,-0.31
right,0.89,2.28,8.79,0.04,-0.81,-0.23
right,0.86,1.74,9.32,-0.08,-0.24,-0.17
right,1.4,2.19,8.57,-0.16,0.12,-0.15
right,1.25,2.72,9.47,-0.36,-0.0,0.04
right,1.64,2.18,9.45,-0.32,-0.18,0.18
right,0.57,1.12,6.05,-1.79,-0.01,0.44
right,2.26,1.14,9.93,-1.25,0.77,0.53
right,1.73,0.42,9.12,-1.02,1.13,0.34
right,2.21,0.93,9.76,-0.77,1.1,0.09
right,2.22,1.52,10.59,-0.25,0.75,-0.08
right,2.52,2.31,9.41,0.35,0.12,-0.12
right,2.88,1.74,10.35,0.61,-0.17,-0.37
right,1.94,2.15,10.14,0.63,-0.1,-0.43
right,1.58,1.78,10.35,0.5,0.07,-0.46
right,1.6,1.34,9.13,0.46,0.65,-0.62
right,1.87,1.53,8.81,0.24,0.58,-0.7
right,1.05,1.72,8.7,-0.0,0.53,-0.61
right,0.37,1.22,8.58,0.07,0.27,-0.3
right,0.71,1.57,9.25,0.21,-0.74,-0.22
right,0.46,2.45,8.99,0.28,-0.44,-0.2
right,1.14,1.94,9.4,0.28,-0.29,-0.21
right,1.07,2.12,9.36,0.13,-0.29,-0.33
right,1.51,2.11,9.44,0.08,-0.29,-0.35
right,1.33,2.31,8.02,-0.06,-0.16,-0.44
right,1.22,1.64,8.76,-0.15,-0.04,-0.46
right,0.82,2.42,7.98,-0.29,0.09,-0.45
right,0.76,3.73,8.48,-1.07,0.03,-0.58
right,2.0,1.84,9.73,-0.65,0.24,-0.27
right,1.39,1.74,9.46,-0.15,0.16,-0.15
right,1.46,1.43,9.84,0.1,0.02,-0.1
right,1.63,1.21,9.91,0.35,-0.05,-0.1
right,0.4,1.19,10.41,0.42,-0.04,-0.14
right,-0.1,1.46,10.23,0.39,0.21,0.13
right,0.44,1.32,9.6,0.19,0.46,0.39
right,0.0,2.11,8.58,-0.08,0.51,0.47
right,1.57,1.21,9.45,-0.19,0.48,0.41
right,1.98,1.63,10.19,0.2,0.33,0.21
right,1.44,2.3,10.19,0.51,0.3,0.1
right,1.44,2.51,9.91,0.66,0.41,0.01
right,0.99,2.14,9.36,0.65,0.48,-0.14
right,0.69,1.86,8.82,0.44,0.44,-0.3
right,0.11,2.04,9.05,0.29,0.47,-0.4
right,0.5,3.64,9.03,0.05,0.42,-0.28
right,1.46,3.05,8.93,0.0,0.24,-0.28
right,0.95,1.96,8.33,0.03,0.21,-0.36
right,0.31,1.28,7.99,0.1,0.16,-0.27
right,0.4,1.79,8.21,-0.08,-0.04,-0.19
right,0.8,2.28,9.12,-0.25,-0.16,-0.09
right,1.15,2.95,9.29,-0.46,-0.23,-0.04
right,2.29,3.45,9.22,-0.95,-0.39,-0.24
right,0.64,1.83,9.54,-1.08,-0.38,-0.5
right,0.39,1.72,9.47,-0.61,0.05,-0.24
right,0.7,1.53,9.08,-0.49,0.04,-0.09
right,0.98,1.83,9.48,-0.28,0.09,-0.05
right,1.15,1.88,9.19,-0.03,0.12,-0.03
right,0.77,1.04,9.0,0.26,0.18,-0.04
right,0.74,1.42,9.19,0.56,0.22,0.02
right,0.39,2.27,9.38,0.55,0.27,0.1
right,0.43,2.03,10.13,0.63,0.26,0.24
right,0.6,2.66,9.67,0.68,0.31,0.38
right,0.66,3.45,9.29,0.44,0.33,0.43
right,1.36,2.96,8.5,-0.25,0.11,0.46
right,1.41,2.2,8.14,-0.71,-0.22,0.5
right,1.8,3.08,8.58,-0.86,-0.66,0.59
right,0.38,1.63,8.49,-0.72,-1.02,0.75
right,0.68,1.1,8.46,-0.43,-1.29,0.91
right,1.2,1.31,8.89,-0.3,-1.3,1.16
right,1.69,1.87,9.88,0.27,-0.95,1.24
right,2.12,1.93,10.35,0.68,-0.47,1.0
right,2.48,1.68,10.29,0.79,0.03,0.7
right,1.99,2.11,10.2,0.75,0.62,0.24
right,1.14,2.35,9.69,0.85,0.74,-0.15
right,1.05,2.23,9.13,0.69,0.4,-0.24
right,1.08,2.34,8.93,0.77,0.14,-0.19
right,0.93,2.54,8.93,0.78,-0.02,-0.15
right,0.96,2.84,8.6,0.59,-0.12,-0.07
right,1.0,2.78,8.83,0.28,-0.11,0.04
right,0.79,2.75,9.37,0.1,0.04,0.12
right,1.19,2.88,9.16,0.05,0.25,0.24
right,1.28,2.99,8.64,-0.22,0.3,0.39
right,1.34,2.72,8.34,-0.6,0.22,0.47
right,1.61,2.58,8.47,-0.9,0.1,0.4
right,1.61,2.55,8.94,-0.9,0.06,0.22
right,1.71,2.37,9.12,-0.78,0.1,0.03
right,1.61,2.27,9.51,-0.66,0.1,-0.12
right,1.77,1.95,9.73,-0.46,0.11,-0.21
right,1.33,2.23,9.99,-0.2,0.12,-0.22
right,1.31,2.38,9.68,-0.2,0.01,-0.2
right,1.33,2.37,9.68,-0.44,-0.21,-0.18
right,1.42,2.4,9.3,-0.93,-1.12,-0.31
right,0.58,3.01,8.28,-1.55,-1.46,-0.31
right,2.1,0.73,8.29,-2.48,-2.61,-1.11
right,1.84,1.33,9.79,-3.34,-2.84,-0.46
right,2.11,-0.64,9.88,-1.62,-0.87,-0.35
right,3.12,0.17,9.63,-0.89,-0.34,-0.18
right,2.83,0.04,9.41,-0.24,0.08,-0.15
right,3.06,0.1,9.06,0.24,0.24,-0.18
right,3.29,0.48,9.47,0.1,0.22,-0.23
right,3.21,0.16,9.15,-0.05,0.23,-0.35
right,2.82,0.18,8.85,0.02,0.18,-0.26
right,2.19,0.59,8.55,0.14,0.1,-0.15
right,1.58,0.86,8.16,0.23,0.03,0.02
right,6.95,-4.79,10.27,-2.34,0.13,4.94
right,3.55,1.42,11.61,-4.11,0.25,6.55
right,-1.48,10.41,6.89,-3.83,0.78,4.81
right,0.32,3.2,4.42,5.7,-1.33,-5.93
right,4.34,-2.89,10.76,1.86,-0.26,-0.54
right,3.51,0.62,12.42,0.01,0.4,0.01
right,1.88,1.24,8.1,0.33,0.32,-0.17
right,2.66,0.66,9.62,0.6,0.38,-0.07
right,2.71,-0.7,8.72,0.39,0.53,0.08
right,2.11,0.29,8.73,0.52,0.44,0.17
right,1.86,0.61,8.76,0.59,0.45,0.1
right,1.84,0.9,9.07,0.36,0.45,0.04
right,1.7,1.54,9.44,0.23,0.46,-0.07
right,1.38,1.71,8.93,0.18,0.43,-0.17
right,1.38,1.64,8.96,0.22,0.37,-0.21
right,1.76,1.23,9.58,0.13,0.31,-0.24
right,1.61,1.57,9.98,0.09,0.3,-0.27
right,1.86,1.21,10.27,0.19,0.37,-0.33
right,2.35,0.36,10.35,0.08,0.43,-0.21
right,2.47,0.44,10.14,-0.0,0.51,-0.09
right,2.21,0.61,9.58,0.01,0.46,-0.12
right,2.12,0.03,9.49,0.08,0.38,-0.2
right,2.33,0.71,10.75,-0.04,0.39,-0.26
right,0.92,1.12,8.25,-0.95,0.73,-0.35
right,1.03,0.39,8.29,-0.91,0.46,-0.47
right,1.56,-0.42,9.13,-0.68,0.19,-0.43
right,1.29,0.14,8.98,-0.42,0.2,-0.42
right,0.98,0.22,8.58,-0.1,0.17,-0.43
right,0.89,0.45,8.71,-0.0,0.04,-0.36
right,0.86,1.18,9.04,-0.09,-0.05,-0.39
right,0.84,0.88,8.46,0.09,-0.07,-0.52
right,1.32,0.76,8.9,0.15,-0.12,-0.54
right,1.65,-0.24,9.15,-0.16,-0.09,-0.55
right,1.31,0.06,8.73,-0.33,-0.09,-0.46
right,1.29,-0.25,8.66,-0.66,-0.06,-0.46
right,1.06,0.32,8.78,-1.08,-0.1,-0.46
right,1.31,0.19,9.16,-0.94,-0.27,-0.57
right,2.36,-1.15,10.31,-0.57,-0.37,-0.55
right,2.33,-0.95,10.75,-0.38,-0.27,-0.48
right,1.8,-0.67,10.13,-0.18,-0.17,-0.46
right,1.43,-0.36,9.38,-0.02,-0.2,-0.46
right,1.0,-0.03,8.51,-0.03,-0.36,-0.5
right,2.05,-1.2,9.5,-0.09,-0.52,-0.44
right,3.2,-1.67,11.4,-0.03,-0.35,-0.23
right,2.45,-0.83,10.31,0.12,-0.09,-0.01
right,1.53,0.32,9.27,0.31,-0.02,0.02
right,1.62,0.21,9.25,0.31,-0.09,0.04
right,1.64,0.5,9.83,0.17,-0.13,0.06
right,1.69,0.53,9.9,0.13,-0.12,0.08
right,1.91,0.58,9.96,0.22,-0.08,0.11
right,1.94,0.62,9.97,0.25,-0.01,0.15
right,2.06,1.04,9.89,0.3,0.05,0.14
right,1.87,1.01,9.74,0.32,0.13,0.07
right,1.82,0.94,9.79,0.31,0.18,0.03
right,1.79,0.87,9.87,0.21,0.24,-0.02
right,1.77,0.67,9.49,0.18,0.29,-0.05
right,1.88,0.43,9.19,0.19,0.31,-0.01
right,1.86,0.32,9.05,0.17,0.28,0.05
right,1.72,0.63,8.98,0.2,0.29,0.08
right,1.56,0.63,8.9,0.24,0.3,0.08
right,1.57,0.46,8.91,0.1,0.28,0.11
right,1.42,0.6,8.82,0.03,0.24,0.18
right,1.23,0.97,8.65,0.04,0.23,0.18
right,1.4,0.63,8.81,0.09,0.21,0.19
right,1.33,1.11,9.07,0.18,0.22,0.17
right,1.18,0.98,8.85,0.21,0.2,0.15
right,1.25,1.13,9.39,0.2,0.14,0.17
right,1.27,1.43,9.61,0.13,0.14,0.15
right,1.32,1.33,9.47,0.09,0.15,0.09
right,1.3,1.16,9.31,0.01,0.14,0.04
right,1.21,1.28,9.04,-0.01,0.09,0.01
right,1.37,0.92,9.31,-0.1,0.05,-0.01
right,1.26,1.28,9.83,-0.2,0.04,-0.04
right,1.45,0.79,9.85,-0.23,0.09,-0.12
right,1.72,0.28,9.93,-0.26,0.13,-0.1
right,1.79,0.06,9.87,-0.24,0.15,-0.03
right,1.63,0.41,9.82,-0.21,0.16,0.0
right,1.47,0.38,9.55,-0.14,0.12,-0.0
right,1.4,0.58,9.62,-0.07,0.08,0.01
right,1.54,0.31,9.59,0.0,0.06,-0.01
right,1.57,0.31,9.69,-0.05,0.04,0.04
right,1.39,0.47,9.29,-0.08,0.06,0.03
right,1.47,0.33,9.33,-0.08,0.02,0.09
right,1.39,0.64,9.33,-0.15,0.0,0.11
right,1.36,0.45,8.99,-0.15,-0.0,0.09
right,1.41,0.31,8.9,-0.07,-0.0,0.1
right,1.28,0.44,8.86,-0.04,-0.02,0.11
right,1.15,0.78,9.23,-0.01,-0.04,0.11
right,1.2,0.82,9.27,0.02,-0.0,0.06
right,1.2,0.75,9.39,-0.04,-0.02,0.08
right,1.28,1.01,9.65,-0.03,-0.01,0.08
right,1.26,0.83,9.45,-0.04,0.03,0.05
right,1.26,0.74,9.3,-0.03,0.02,0.03
right,1.3,0.84,9.25,-0.01,0.01,0.02
right,1.3,0.68,9.09,0.01,-0.02,0.0
right,1.51,0.44,9.22,0.04,-0.05,0.01
right,1.58,0.56,9.45,0.05,-0.02,0.02
right,1.51,0.57,9.33,-0.0,0.01,-0.01
right,1.43,0.57,9.19,-0.05,-0.01,-0.01
right,1.41,0.65,9.26,-0.04,-0.03,-0.01
right,1.51,0.5,9.42,-0.02,-0.05,-0.02
right,1.58,0.6,9.71,-0.05,-0.05,0.02
right,1.47,0.75,9.62,-0.07,-0.01,0.01
right,1.38,0.94,9.44,-0.03,0.01,-0.03
right,1.5,0.74,9.54,0.01,0.03,-0.05
right,1.48,0.58,9.46,-0.0,0.03,-0.05
right,1.5,0.57,9.51,-0.03,-0.02,-0.06
right,1.41,0.66,9.36,-0.06,-0.03,0.0
right,1.44,0.73,9.34,-0.03,-0.04,0.0
right,1.44,0.84,9.6,-0.04,-0.01,-0.01
right,1.5,0.52,9.38,-0.08,-0.01,-0.02
right,1.45,0.64,9.31,-0.08,-0.01,-0.0
right,1.45,0.49,9.18,-0.07,-0.02,0.01
right,1.53,0.76,9.28,-0.04,0.0,-0.01
right,1.48,0.42,9.33,-0.02,-0.02,-0.0
right,1.55,0.5,9.39,-0.03,-0.04,0.01
right,1.49,0.57,9.47,-0.05,-0.06,-0.01
right,1.69,0.39,9.54,-0.07,-0.05,0.0
right,1.64,0.45,9.51,-0.05,-0.02,0.01
right,1.53,0.4,9.36,-0.1,-0.02,0.0
right,1.42,0.65,9.32,-0.15,-0.03,0.0
right,1.52,0.52,9.41,-0.16,-0.04,0.01
right,1.64,0.51,9.61,-0.12,-0.04,0.03
right,1.58,0.69,9.46,-0.1,-0.04,0.03
right,1.67,0.7,9.57,-0.07,-0.03,0.0
right,1.78,0.46,9.52,-0.09,-0.01,-0.0
right,1.67,0.37,9.31,-0.09,0.0,0.01
right,1.62,0.4,9.18,-0.08,0.0,0.02
right,1.48,0.62,9.12,-0.1,-0.03,0.03
right,1.53,0.58,9.13,-0.13,-0.08,0.03
right,1.59,0.71,9.66,-0.13,-0.07,0.03
right,1.59,0.68,9.65,-0.07,0.02,-0.03
right,1.41,0.58,9.38,-0.04,0.03,-0.07
right,1.36,0.68,9.33,-0.07,0.0,-0.05
right,1.42,0.78,9.51,-0.09,-0.01,-0.05
right,1.46,0.66,9.58,-0.14,-0.03,-0.04
right,1.64,0.7,9.93,-0.19,-0.05,-0.02
right,1.66,0.69,9.93,-0.21,-0.02,-0.02
right,1.64,0.62,9.84,-0.22,-0.02,-0.01
right,1.72,0.55,9.97,-0.25,-0.02,-0.01
right,1.82,0.5,9.88,-0.36,0.02,-0.05
right,1.87,0.15,9.72,-0.38,0.03,-0.07
right,1.95,0.0,9.76,-0.37,0.06,-0.05
right,1.84,-0.01,9.59,-0.4,0.09,-0.04
right,1.72,-0.03,9.3,-0.44,0.12,-0.05
right,1.62,0.1,9.09,-0.44,0.09,0.02
right,1.68,-0.1,9.05,-0.52,0.04,-0.01
right,1.64,0.03,9.1,-0.58,-0.02,-0.0
right,1.64,-0.11,9.15,-0.59,-0.05,-0.0
right,1.73,-0.03,9.44,-0.61,-0.05,0.0
right,1.67,-0.08,9.47,-0.63,-0.06,0.03
right,1.7,-0.2,9.5,-0.71,-0.08,0.06
right,1.72,-0.23,9.51,-0.89,-0.15,0.1
right,1.62,-0.11,9.63,-1.27,-0.28,0.12
right,1.46,-0.1,9.69,-1.78,-0.46,0.13
right,1.59,-0.15,10.14,-1.99,-0.46,0.03
right,2.15,-1.71,9.9,-1.91,-0.24,-0.07
right,2.4,-2.27,10.01,-1.78,-0.08,-0.04
right,2.4,-2.35,9.9,-1.94,-0.03,0.05
right,1.86,-1.92,9.01,-2.45,-0.25,0.14
right,1.5,-1.63,8.71,-3.29,-0.65,0.16
right,1.73,-2.21,8.98,-4.1,-0.99,0.17
right,2.48,-3.3,9.64,-4.36,-0.97,0.14
right,2.62,-4.33,8.82,-3.98,-0.67,0.16
right,2.49,-4.64,8.2,-3.46,-0.42,0.2
right,1.93,-4.03,7.83,-3.47,-0.44,0.2
right,1.81,-4.49,7.58,-4.01,-0.66,0.2
right,1.98,-5.08,7.52,-4.65,-0.89,0.21
right,2.52,-6.41,7.25,-5.0,-0.94,0.27
right,2.45,-6.78,6.63,-4.82,-0.81,0.34
right,2.81,-7.34,6.21,-4.42,-0.6,0.32
right,3.09,-7.99,5.47,-4.05,-0.43,0.36
right,2.93,-7.77,5.1,-4.04,-0.4,0.42
right,2.58,-8.06,3.79,-4.14,-0.45,0.43
right,2.41,-8.35,3.05,-4.15,-0.51,0.43
right,2.61,-8.98,3.03,-3.93,-0.47,0.42
right,2.73,-9.1,3.09,-3.71,-0.39,0.45
right,2.62,-9.45,2.54,-3.28,-0.24,0.46
right,2.85,-9.93,2.45,-2.67,-0.06,0.49
right,2.5,-9.12,2.78,-2.3,0.08,0.54
right,1.75,-8.25,2.24,-2.2,0.11,0.47
right,1.69,-8.23,2.02,-2.27,0.01,0.4
right,1.8,-8.26,2.17,-2.43,-0.07,0.34
right,1.99,-8.87,1.66,-2.59,-0.13,0.33
right,1.97,-8.73,1.5,-2.68,-0.16,0.33
right,2.1,-9.18,1.09,-2.45,-0.05,0.26
right,2.55,-10.36,0.56,-1.95,0.14,0.22
right,2.66,-10.49,0.55,-1.45,0.31,0.27
right,2.28,-10.03,-0.04,-1.03,0.41,0.29
right,2.27,-9.83,-0.22,-0.78,0.39,0.27
right,2.29,-9.57,0.12,-0.7,0.35,0.24
right,2.03,-9.46,-0.17,-0.69,0.29,0.2
right,1.92,-9.46,-0.28,-0.65,0.2,0.15
right,1.74,-9.26,-0.47,-0.57,0.14,0.09
right,1.73,-9.62,-0.92,-0.36,0.1,0.02
right,1.91,-9.49,-0.74,-0.11,0.07,0.02
right,1.88,-9.12,-0.23,0.05,0.05,-0.01
right,2.11,-9.38,0.34,0.13,0.03,-0.0
right,2.12,-9.15,0.75,0.1,0.02,0.0
right,2.1,-9.13,0.69,0.05,0.03,-0.04
right,2.2,-9.5,0.56,0.07,0.06,-0.08
right,2.29,-9.85,0.51,0.12,0.08,-0.09
right,2.15,-9.85,0.42,0.12,0.08,-0.08
right,2.03,-9.55,0.61,-0.07,0.04,-0.09
right,2.08,-9.34,0.78,-0.33,-0.02,-0.11
right,2.25,-9.69,0.62,-0.48,-0.01,-0.12
right,2.34,-10.33,-0.05,-0.45,0.04,-0.1
right,2.35,-10.53,-0.52,-0.24,0.11,-0.05
right,2.09,-10.23,-0.86,-0.02,0.16,-0.02
right,1.98,-9.82,-0.85,0.09,0.15,-0.02
right,1.96,-9.65,-0.68,0.04,0.1,-0.04
right,1.96,-9.51,-0.51,-0.06,0.07,-0.07
right,2.03,-9.87,-0.39,-0.13,0.07,-0.1
right,2.11,-9.98,-0.39,-0.08,0.08,-0.11
right,2.12,-10.01,-0.39,-0.06,0.08,-0.09
right,2.2,-9.9,-0.22,-0.01,0.09,-0.08
right,2.36,-9.82,-0.05,-0.03,0.13,-0.07
right,2.3,-9.78,-0.45,-0.1,0.14,-0.06
right,2.4,-10.16,-0.8,-0.14,0.12,-0.05
right,2.36,-10.31,-0.89,-0.09,0.12,-0.01
right,2.16,-10.04,-1.1,-0.0,0.09,0.01
right,2.15,-9.7,-0.64,0.01,0.03,0.03
right,2.28,-9.65,-0.23,-0.04,0.01,0.02
right,2.27,-9.6,-0.05,-0.09,0.03,0.03
right,2.28,-9.8,-0.17,-0.08,0.06,0.01
right,2.16,-9.75,-0.49,-0.03,0.08,0.02
right,2.11,-9.8,-0.63,0.02,0.07,0.03
right,2.05,-9.53,-0.45,0.02,0.04,0.03
right,2.08,-9.63,-0.33,-0.02,0.03,0.01
right,2.03,-9.48,-0.4,-0.02,0.02,0.0
right,2.21,-9.68,-0.16,-0.01,0.03,-0.02
right,2.3,-9.9,-0.12,0.02,0.05,0.01
right,2.26,-9.96,-0.24,0.04,0.06,0.02
right,2.21,-9.77,-0.28,0.04,0.05,0.02
right,2.16,-9.7,-0.36,0.06,0.03,-0.0
right,2.43,-9.96,-0.12,0.13,0.03,-0.02
right,2.46,-10.14,-0.13,0.23,0.08,-0.02
right,2.4,-10.31,-0.19,0.35,0.1,0.0
right,2.43,-10.24,0.15,0.46,0.1,0.03
right,2.37,-10.27,0.29,0.65,0.15,0.04
right,2.26,-10.23,0.17,0.91,0.19,0.03
right,2.42,-10.26,0.57,1.13,0.24,0.01
right,2.32,-10.14,0.72,1.33,0.31,-0.01
right,2.39,-10.35,0.79,1.63,0.42,-0.05
right,2.13,-10.18,0.5,2.2,0.6,-0.12
right,2.21,-10.63,0.33,3.08,0.8,-0.23
right,3.08,-11.1,2.36,3.64,0.97,-0.14
right,2.43,-9.5,2.94,3.88,1.09,-0.04
right,1.71,-8.63,2.51,3.95,1.05,-0.03
right,1.63,-7.46,3.62,3.97,0.96,-0.08
right,2.56,-8.26,4.9,3.86,1.03,-0.21
right,2.43,-8.4,4.6,3.75,1.1,-0.11
right,1.81,-7.68,4.14,3.73,1.07,-0.11
right,1.96,-7.7,4.77,3.66,1.03,-0.11
right,2.04,-7.85,4.85,3.61,1.04,-0.1
right,1.6,-7.4,4.64,3.69,1.02,-0.08
right,1.61,-7.12,5.16,3.45,0.88,-0.05
right,1.52,-6.5,5.53,2.99,0.7,-0.03
right,1.7,-6.94,5.55,2.77,0.57,-0.02
right,1.99,-7.16,6.09,2.83,0.53,0.05
right,1.82,-6.84,5.95,3.07,0.58,0.08
right,1.81,-6.64,6.32,3.28,0.61,0.13
right,1.44,-6.06,6.39,3.34,0.57,0.18
right,1.25,-5.64,6.68,3.13,0.43,0.24
right,1.01,-4.87,7.11,2.88,0.3,0.27
right,0.88,-4.62,6.78,2.8,0.22,0.26
right,1.23,-4.58,7.82,2.75,0.16,0.32
right,1.0,-3.25,8.96,2.71,0.2,0.37
right,0.94,-2.66,10.04,2.46,0.23,0.36
right,0.81,-2.16,10.18,2.25,0.24,0.34
right,0.87,-2.25,10.32,2.0,0.2,0.34
right,0.79,-1.94,10.67,1.87,0.22,0.32
right,0.81,-1.78,10.52,1.72,0.23,0.29
right,1.0,-1.79,10.78,1.55,0.24,0.27
right,0.9,-1.17,10.84,1.42,0.28,0.25
right,0.5,-0.35,10.89,1.3,0.3,0.16
right,0.27,0.08,10.86,1.01,0.25,0.07
right,0.45,-0.61,9.91,0.78,0.23,-0.04
right,0.78,-1.35,9.16,0.83,0.23,-0.03
right,1.19,-1.75,9.56,0.81,0.28,-0.04
right,1.26,-2.24,8.98,0.73,0.32,-0.05
right,1.2,-2.07,8.79,0.63,0.29,-0.03
right,1.19,-2.19,8.78,0.68,0.31,-0.08
right,1.24,-2.35,8.7,0.73,0.32,-0.07
right,1.35,-2.3,8.61,0.82,0.32,-0.04
right,1.19,-2.02,8.49,0.85,0.28,-0.01
right,0.85,-1.5,8.41,0.69,0.15,0.01
right,0.57,-1.13,8.15,0.43,-0.01,-0.0
right,0.67,-1.27,8.46,0.42,-0.08,-0.0
right,0.68,-1.06,8.83,0.64,-0.01,0.0
right,0.27,-0.25,8.62,0.7,-0.03,-0.02
right,-0.02,0.29,8.41,0.69,-0.13,-0.11
right,0.94,-1.18,8.78,0.68,-0.23,-0.16
right,2.03,-2.08,10.03,0.61,-0.22,0.01
right,1.7,-1.82,9.3,0.65,-0.11,0.2
right,0.93,0.12,9.58,0.89,-0.01,0.25
right,1.04,-0.15,9.59,0.95,0.04,0.2
right,0.55,0.37,9.02,0.91,-0.01,0.19
right,0.52,0.58,9.01,0.94,-0.1,0.14
right,0.6,1.11,9.34,0.89,-0.19,0.08
right,0.92,0.85,9.44,0.87,-0.19,0.04
right,1.57,0.33,10.25,0.91,-0.13,0.09
right,1.3,1.34,10.86,0.77,-0.03,0.18
right,0.62,1.95,10.18,0.7,0.06,0.14
right,0.43,2.08,9.9,0.54,-0.02,0.13
right,0.89,1.93,10.01,0.49,-0.04,0.09
right,1.15,1.43,9.9,0.42,-0.02,0.09
right,0.8,1.87,9.53,0.34,-0.04,0.09
right,0.8,1.62,9.42,0.32,-0.04,0.04
right,0.96,1.37,9.52,0.27,-0.04,0.03
right,0.79,1.85,9.69,0.26,-0.02,0.02
right,0.89,1.71,9.84,0.18,0.01,-0.02
right,0.86,2.08,9.97,-0.03,0.0,-0.06
right,0.97,1.68,9.62,-0.18,-0.02,-0.1
right,1.25,1.1,9.62,-0.22,-0.04,-0.09
right,1.51,0.85,9.64,-0.22,-0.01,-0.1
right,1.46,0.96,9.45,-0.2,0.01,-0.08
right,1.54,0.74,9.24,-0.12,0.06,-0.11
right,1.34,0.83,8.97,-0.19,0.02,-0.1
right,1.24,0.51,8.72,-0.25,-0.03,-0.12
right,1.21,0.4,8.78,-0.2,-0.02,-0.11
right,1.08,0.65,8.9,-0.18,-0.03,-0.07
right,0.94,0.99,8.95,-0.14,-0.03,-0.06
right,0.88,1.09,8.82,-0.15,-0.05,-0.04
right,0.92,1.04,9.0,-0.2,-0.07,-0.05
right,0.85,1.11,9.11,-0.19,-0.07,-0.03
right,0.85,1.07,9.11,-0.17,-0.05,-0.03
right,0.96,1.38,9.41,-0.18,-0.07,-0.03
right,1.04,1.07,9.24,-0.19,-0.09,-0.03
right,1.28,0.89,9.59,-0.19,-0.1,-0.02
right,1.47,0.54,9.67,-0.1,-0.05,0.01
right,1.32,1.04,9.79,-0.07,-0.01,0.03
right,1.21,1.03,9.6,-0.12,-0.0,0.0
right,1.27,0.93,9.53,-0.13,-0.02,0.01
right,1.3,0.92,9.4,-0.14,-0.04,0.01
right,1.36,0.74,9.6,-0.12,-0.05,0.02
right,1.27,0.79,9.58,-0.11,-0.04,0.05
right,1.09,0.99,9.57,-0.18,-0.08,0.06
right,1.1,1.01,9.86,-0.17,-0.07,0.06
right,1.04,0.91,9.76,-0.11,-0.03,0.05
right,0.96,1.25,9.84,-0.14,-0.04,0.06
right,1.15,1.12,10.16,-0.13,-0.0,0.01
right,1.17,0.88,9.8,-0.11,0.05,-0.01
right,1.2,0.73,9.56,-0.14,0.0,-0.01
right,1.36,0.59,9.91,-0.14,-0.01,0.01
right,1.48,0.44,9.91,-0.09,0.04,0.03
right,1.33,0.57,9.62,-0.08,0.06,0.05
right,1.22,0.7,9.36,-0.11,0.04,0.06
right,1.13,0.86,9.47,-0.15,0.02,0.05
right,1.24,0.58,9.36,-0.1,0.04,0.02
right,1.3,0.45,9.31,-0.05,0.06,0.03
right,1.21,0.65,9.31,-0.05,0.06,0.04
right,1.17,0.62,9.16,-0.07,0.04,0.04
right,1.06,0.73,9.16,-0.06,0.03,0.04
right,1.06,0.77,9.18,-0.08,0.02,0.03
right,1.06,0.82,9.3,-0.12,0.01,0.03
right,1.13,0.94,9.54,-0.09,0.02,0.02
right,1.14,0.85,9.47,-0.05,0.05,0.01
right,1.19,0.7,9.34,-0.04,0.06,-0.0
right,1.15,0.72,9.27,-0.07,0.05,-0.0
right,1.19,0.6,9.31,-0.1,0.02,0.01
right,1.26,0.58,9.33,-0.1,0.01,0.02
right,1.33,0.65,9.48,-0.06,0.03,0.02
right,1.34,0.65,9.54,-0.06,0.04,0.03
right,1.33,0.53,9.49,-0.05,0.05,0.03
right,1.3,0.6,9.44,-0.07,0.04,0.05
right,1.24,0.62,9.34,-0.06,0.02,0.05
right,1.17,0.78,9.34,-0.07,0.01,0.04
right,1.15,0.88,9.44,-0.08,-0.01,0.03
right,1.14,0.69,9.42,-0.07,0.0,0.0
right,1.22,0.5,9.32,-0.03,0.01,0.0
right,1.28,0.49,9.46,0.03,0.04,0.02
right,1.23,0.52,9.31,0.07,0.05,0.03
right,1.22,0.69,9.3,0.03,0.03,0.04
right,1.2,0.75,9.33,-0.03,0.0,0.03
right,1.28,0.64,9.54,-0.06,-0.01,0.02
right,1.32,0.64,9.57,-0.06,0.0,0.02
right,1.29,0.79,9.58,-0.04,0.02,0.02
right,1.27,0.74,9.54,-0.03,0.02,0.01
right,1.36,0.57,9.51,-0.07,0.0,0.02
right,1.31,0.64,9.52,-0.1,-0.0,0.03
right,1.31,0.62,9.62,-0.12,-0.0,0.03
right,1.31,0.59,9.67,-0.09,0.03,0.02
right,1.31,0.49,9.7,-0.08,0.05,0.03
right,1.29,0.57,9.66,-0.07,0.07,0.04
right,1.14,0.61,9.34,-0.1,0.06,0.04
right,1.1,0.74,9.45,-0.17,0.01,0.03
right,1.13,0.69,9.55,-0.17,0.01,0.01
right,1.22,0.57,9.56,-0.17,0.01,0.02
right,1.2,0.72,9.62,-0.18,0.01,0.02
right,1.28,0.64,9.46,-0.24,-0.01,0.02
right,1.37,0.62,9.5,-0.31,-0.02,-0.0
right,1.5,0.33,9.62,-0.43,-0.01,-0.01
right,1.39,0.34,9.63,-0.53,-0.02,-0.01
right,1.36,0.2,9.89,-0.63,-0.07,0.01
right,1.61,0.16,10.4,-0.74,-0.05,0.01
right,1.66,-0.24,10.17,-0.8,0.02,0.03
right,1.53,-0.66,10.05,-0.9,-0.03,0.15
right,1.24,0.24,9.96,-1.12,-0.07,0.14
right,0.99,0.11,9.67,-1.39,-0.17,0.09
right,1.17,-0.14,9.9,-1.74,-0.29,0.06
right,1.28,-0.66,9.71,-2.02,-0.4,0.07
right,1.53,-1.24,9.66,-2.03,-0.41,0.05
right,2.06,-2.35,9.96,-1.79,-0.28,0.09
right,1.98,-1.98,9.8,-1.72,-0.18,0.18
right,1.58,-1.9,9.08,-2.0,-0.27,0.23
right,1.09,-1.13,9.13,-2.52,-0.5,0.26
right,0.94,-1.69,9.06,-3.1,-0.73,0.21
right,1.0,-2.26,8.97,-3.44,-0.86,0.19
right,1.38,-2.9,9.28,-3.5,-0.85,0.21
right,1.62,-3.3,9.04,-3.44,-0.75,0.25
right,1.88,-3.57,8.98,-3.4,-0.66,0.28
right,2.05,-3.93,8.57,-3.35,-0.56,0.3
right,2.09,-4.84,7.57,-3.51,-0.54,0.32
right,2.17,-5.32,6.93,-3.55,-0.57,0.35
right,2.52,-6.34,6.49,-3.28,-0.46,0.38
right,2.66,-7.13,5.71,-2.8,-0.29,0.41
right,2.57,-6.83,5.57,-2.36,-0.21,0.47
right,2.16,-6.26,5.3,-2.19,-0.24,0.45
right,1.96,-6.01,5.46,-2.39,-0.41,0.43
right,1.78,-5.74,5.57,-2.87,-0.59,0.3
right,1.81,-6.27,5.6,-3.21,-0.74,0.27
right,1.97,-6.94,4.99,-3.17,-0.7,0.13
right,2.55,-8.61,5.19,-2.73,-0.53,0.16
right,2.62,-8.13,5.81,-2.13,-0.23,0.23
right,2.27,-8.13,5.51,-1.83,-0.06,0.28
right,1.79,-6.82,5.92,-1.89,-0.09,0.27
right,1.88,-6.72,6.22,-2.41,-0.22,0.2
right,1.93,-7.11,5.87,-2.92,-0.36,0.13
right,2.47,-8.63,4.99,-3.09,-0.34,0.12
right,2.53,-9.09,3.74,-2.63,-0.24,0.06
right,2.92,-10.13,3.55,-1.99,-0.06,0.01
right,2.75,-9.36,3.18,-1.47,0.22,0.17
right,2.52,-8.89,2.92,-1.2,0.34,0.17
right,2.29,-8.81,2.76,-1.26,0.31,0.11
right,1.93,-8.41,2.67,-1.55,0.24,0.18
right,2.02,-8.42,2.59,-1.82,0.17,0.15
right,2.05,-8.38,2.32,-1.97,0.13,0.12
right,2.29,-9.29,1.69,-1.79,0.18,0.05
right,2.46,-10.18,1.27,-1.42,0.26,0.08
right,2.3,-10.13,0.84,-1.03,0.33,0.11
right,2.09,-9.65,1.15,-0.78,0.33,0.12
right,2.31,-9.48,1.92,-0.81,0.3,0.11
right,2.24,-9.37,2.07,-0.97,0.27,0.1
right,2.22,-9.46,2.46,-1.09,0.26,0.1
right,2.15,-9.73,2.39,-1.09,0.31,0.11
right,1.79,-9.73,1.65,-0.93,0.37,0.09
right,1.93,-9.84,1.65,-0.77,0.4,0.1
right,1.75,-9.43,1.17,-0.7,0.39,0.09
right,1.86,-9.27,1.48,-0.74,0.34,0.09
right,1.89,-9.15,1.47,-0.82,0.33,0.03
right,1.7,-9.26,1.13,-0.91,0.31,-0.0
right,1.54,-9.38,0.46,-0.88,0.28,-0.04
right,1.6,-9.52,0.2,-0.79,0.25,-0.06
right,1.95,-9.74,0.37,-0.63,0.26,-0.08
right,2.19,-9.98,0.58,-0.52,0.27,-0.04
right,2.14,-9.99,0.39,-0.43,0.27,0.02
right,1.97,-9.66,0.29,-0.41,0.25,0.04
right,1.9,-9.44,0.25,-0.42,0.22,-0.03
right,2.04,-9.83,0.4,-0.47,0.18,-0.02
right,2.1,-10.16,0.24,-0.44,0.18,-0.03
right,1.84,-10.15,-0.4,-0.35,0.18,-0.02
right,1.7,-10.0,-0.53,-0.2,0.13,-0.05
right,2.01,-10.06,-0.16,-0.13,0.09,-0.06
right,2.06,-9.9,-0.12,-0.14,0.08,-0.05
right,2.12,-10.13,-0.15,-0.14,0.06,-0.06
right,2.12,-10.1,0.11,-0.06,0.06,-0.04
right,2.08,-10.2,0.05,0.01,0.06,-0.01
right,1.98,-9.85,-0.01,0.07,0.04,-0.0
right,1.98,-9.72,0.35,0.07,0.03,-0.02
right,2.14,-9.77,0.7,0.02,0.03,-0.04
right,2.3,-10.16,0.71,-0.06,0.04,-0.03
right,2.15,-10.01,0.48,-0.11,0.06,-0.0
right,2.04,-10.02,0.15,-0.1,0.07,0.01
right,1.98,-9.85,-0.21,-0.12,0.04,0.01
right,2.01,-9.75,-0.32,-0.11,0.01,-0.01
right,2.11,-9.92,-0.25,-0.1,0.01,-0.0
right,1.99,-9.82,-0.34,-0.04,0.01,0.02
right,2.0,-9.87,-0.09,0.05,0.02,0.01
right,1.9,-9.66,-0.01,0.07,0.03,0.01
right,1.92,-9.72,-0.06,0.06,0.02,-0.01
right,1.97,-9.53,0.1,0.04,0.01,-0.02
right,2.11,-9.86,0.09,0.01,0.01,-0.02
right,2.11,-9.85,0.12,0.0,0.01,0.01
right,2.03,-9.66,0.12,0.02,0.02,0.01
right,1.92,-9.55,-0.01,0.01,0.01,-0.0
right,2.12,-9.55,0.19,-0.01,-0.01,-0.02
right,2.24,-9.8,0.18,-0.02,0.02,-0.02
right,2.25,-9.92,0.0,0.01,0.03,-0.01
right,2.18,-9.95,0.07,0.06,0.04,0.01
right,2.02,-9.9,0.02,0.13,0.04,0.0
right,2.02,-9.81,-0.05,0.18,0.01,0.01
right,2.15,-9.87,0.2,0.25,0.02,-0.04
right,2.46,-10.48,0.32,0.31,0.03,-0.02
right,2.23,-10.35,0.26,0.4,0.06,0.0
right,2.15,-10.41,0.23,0.56,0.09,0.01
right,2.08,-10.17,0.46,0.77,0.12,-0.01
right,1.98,-9.96,0.54,0.97,0.16,-0.07
right,2.05,-9.85,0.92,1.11,0.17,-0.14
right,2.48,-10.45,1.53,1.22,0.21,-0.13
right,2.29,-10.35,1.36,1.33,0.27,-0.1
right,2.04,-10.05,1.24,1.48,0.26,-0.08
right,1.75,-9.09,1.58,1.64,0.23,-0.11
right,1.26,-7.95,1.84,1.79,0.22,-0.27
right,2.04,-8.53,2.51,1.83,0.17,-0.45
right,4.07,-10.66,4.56,1.64,0.2,-0.23
right,3.39,-9.79,3.9,1.63,0.4,0.03
right,2.39,-9.09,2.47,1.92,0.55,0.06
right,2.32,-8.74,2.77,2.33,0.59,0.07
right,2.03,-8.36,3.05,2.46,0.64,0.04
right,2.02,-8.48,3.35,2.36,0.57,0.01
right,2.19,-8.71,3.59,2.21,0.56,0.03
right,1.94,-8.77,3.21,2.21,0.56,0.04
right,2.03,-8.87,3.11,2.37,0.52,0.06
right,1.99,-8.76,3.2,2.58,0.51,0.08
right,2.19,-8.93,3.54,2.76,0.5,0.14
right,2.0,-8.29,4.13,2.87,0.48,0.22
right,1.7,-7.83,4.37,3.01,0.49,0.23
right,1.54,-7.2,5.24,3.04,0.44,0.25
right,1.47,-6.5,6.22,2.9,0.4,0.23
right,1.48,-6.28,6.74,2.74,0.38,0.2
right,1.42,-6.54,6.63,2.78,0.43,0.15
right,1.45,-6.52,6.87,2.82,0.43,0.16
right,1.51,-6.45,7.01,2.68,0.4,0.19
right,1.39,-6.03,6.91,2.52,0.33,0.24
right,1.35,-5.6,7.18,2.42,0.26,0.26
right,1.53,-5.5,7.41,2.37,0.24,0.25
right,1.22,-4.82,7.69,2.4,0.29,0.21
right,0.89,-4.19,7.91,2.39,0.31,0.19
right,0.84,-3.76,8.32,2.19,0.26,0.15
right,0.67,-3.76,8.7,1.98,0.22,0.12
right,1.07,-4.26,8.57,1.87,0.19,0.11
right,1.4,-4.55,8.37,1.84,0.19,0.2
right,1.46,-4.26,8.23,1.88,0.19,0.28
right,1.55,-4.06,8.33,1.93,0.18,0.32
right,1.51,-3.82,8.32,1.97,0.19,0.36
right,1.35,-3.28,8.6,2.02,0.18,0.38
right,1.26,-2.73,9.36,2.01,0.18,0.4
right,0.99,-1.98,9.79,1.95,0.17,0.41
right,0.93,-1.62,9.7,1.85,0.14,0.38
right,1.01,-1.59,9.84,1.71,0.11,0.34
right,1.21,-1.86,9.9,1.56,0.09,0.35
right,1.35,-1.82,9.81,1.54,0.11,0.37
right,1.34,-1.46,9.61,1.57,0.14,0.37
right,1.32,-1.36,9.32,1.67,0.19,0.53
right,1.18,-1.39,9.36,1.63,0.22,0.42
right,1.03,-0.85,9.21,1.57,0.22,0.38
right,1.14,-0.49,9.48,1.46,0.18,0.39
right,1.04,-0.12,9.64,1.3,0.18,0.31
right,1.1,-0.02,9.96,1.12,0.14,0.29
right,1.04,0.13,10.2,1.04,0.16,0.27
right,0.9,0.23,10.34,0.95,0.21,0.23
right,0.7,0.58,10.19,0.84,0.23,0.18
right,0.69,0.26,9.88,0.75,0.23,0.13
right,0.8,0.21,9.82,0.7,0.2,0.12
right,0.92,-0.02,9.72,0.63,0.22,0.11
right,0.71,0.02,9.43,0.59,0.26,0.1
right,0.64,-0.0,9.26,0.58,0.27,0.1
right,0.57,0.34,9.11,0.57,0.28,0.09
right,0.41,0.62,9.13,0.49,0.24,0.09
right,0.44,0.6,9.15,0.37,0.19,0.06
right,0.45,0.64,9.41,0.16,0.12,0.07
right,0.35,0.99,9.51,0.03,0.09,0.05
right,0.3,1.13,9.61,0.05,0.1,0.01
right,0.43,0.84,9.74,0.13,0.14,-0.04
right,0.35,0.96,9.74,0.05,0.13,-0.04
right,0.34,0.85,9.49,-0.06,0.08,-0.05
right,0.43,0.74,9.49,-0.11,0.06,-0.08
right,0.58,0.74,9.72,-0.14,0.06,-0.09
right,0.79,0.22,9.62,-0.11,0.12,-0.1
right,0.79,-0.33,9.08,0.09,0.19,-0.09
right,0.67,0.16,9.12,0.15,0.19,-0.04
right,0.53,0.55,9.07,0.01,0.11,-0.04
right,0.69,0.42,9.36,-0.14,0.01,-0.01
right,0.95,0.2,9.55,-0.17,0.01,0.02
right,0.76,0.24,9.32,-0.08,0.05,0.06
right,0.54,0.54,9.42,-0.04,0.06,0.06
right,0.48,0.73,9.63,-0.13,0.03,0.07
right,0.44,0.84,9.46,-0.16,0.03,0.05
right,0.52,0.54,9.4,-0.06,0.06,0.03
right,0.51,0.55,9.33,-0.04,0.06,0.03
right,0.33,0.44,8.86,-0.08,0.02,0.03
right,0.41,0.22,8.96,-0.04,-0.01,0.04
right,0.46,0.34,8.99,-0.0,-0.02,0.07
right,0.48,0.41,9.05,0.02,-0.05,0.09
right,0.53,0.69,9.47,0.04,-0.05,0.09
right,0.55,0.48,9.41,0.05,-0.05,0.09
right,0.51,0.46,9.43,0.11,-0.03,0.08
right,0.62,0.52,9.73,0.16,-0.0,0.07
right,0.62,0.48,9.68,0.15,0.02,0.09
right,0.61,0.63,9.55,0.12,0.01,0.09
right,0.56,0.86,9.66,0.1,-0.0,0.1
right,0.45,1.16,9.78,0.08,0.0,0.08
right,0.37,1.08,9.61,0.03,-0.02,0.06
right,0.38,1.1,9.62,-0.01,-0.05,0.06
right,0.54,0.85,9.63,0.04,-0.02,0.04
right,0.58,0.86,9.57,0.07,0.0,0.05
right,0.63,0.92,9.54,0.01,-0.01,0.06
right,0.5,1.18,9.42,-0.04,-0.02,0.05
right,0.61,1.01,9.39,-0.07,-0.04,0.02
right,0.67,0.85,9.34,-0.05,-0.04,0.0
right,0.79,0.65,9.24,-0.02,-0.03,0.0
right,0.73,0.66,9.24,-0.0,-0.04,0.01
right,0.76,0.63,9.46,0.0,-0.04,0.02
right,0.62,0.87,9.5,0.04,-0.02,0.02
right,0.47,0.89,9.43,0.06,-0.0,0.01
right,0.37,1.34,9.6,0.06,-0.02,-0.02
right,0.49,1.19,9.73,-0.01,-0.03,-0.05
right,0.64,0.98,9.79,-0.07,-0.03,-0.06
right,0.75,0.69,9.7,-0.06,-0.0,-0.04
right,0.63,0.81,9.6,-0.02,0.02,-0.03
right,0.61,0.8,9.46,-0.05,0.01,-0.04
right,0.57,0.94,9.48,-0.09,-0.03,-0.04
right,0.82,0.72,9.79,-0.12,-0.03,-0.03
right,0.84,0.63,9.68,-0.07,0.02,-0.03
right,0.79,0.64,9.47,-0.06,0.03,-0.01
right,0.75,0.57,9.38,-0.08,0.03,0.01
right,0.62,0.77,9.28,-0.07,0.02,0.02
right,0.7,0.77,9.38,-0.04,0.02,0.01
right,0.74,0.77,9.38,-0.06,-0.0,0.02
right,0.76,0.68,9.52,-0.07,-0.01,0.02
right,0.71,0.82,9.59,-0.07,-0.01,0.03
right,0.71,0.71,9.42,-0.02,0.02,0.02
right,0.68,0.87,9.37,0.01,0.04,0.01
right,0.63,1.01,9.45,0.01,0.04,0.01
right,0.63,1.01,9.42,-0.03,0.02,0.0
right,0.62,0.93,9.43,-0.08,-0.01,0.01
right,0.72,0.93,9.62,-0.11,-0.01,0.01
right,0.71,0.66,9.39,-0.09,0.0,0.01
right,0.67,0.83,9.33,-0.03,0.01,-0.01
right,0.63,0.84,9.41,-0.04,-0.0,-0.01
right,0.73,0.78,9.57,-0.1,-0.02,-0.01
right,0.76,0.76,9.61,-0.14,-0.02,-0.0
right,0.82,0.59,9.71,-0.1,0.01,0.0
right,0.84,0.61,9.63,-0.09,0.03,0.02
right,0.79,0.65,9.59,-0.09,0.03,0.02
right,0.77,0.76,9.59,-0.07,0.04,0.01
right,0.73,0.6,9.49,-0.06,0.04,-0.0
right,0.77,0.53,9.59,-0.08,0.03,0.01
right,0.73,0.53,9.66,-0.08,0.05,0.03
right,0.67,0.71,9.6,-0.06,0.06,0.04
right,0.54,0.96,9.55,-0.07,0.06,0.03
right,0.61,1.01,9.61,-0.14,0.02,0.01
right,0.77,0.74,9.71,-0.17,0.01,-0.01
right,0.86,0.44,9.69,-0.13,0.04,-0.01
right,0.92,0.43,9.68,-0.1,0.06,0.01
right,0.85,0.41,9.61,-0.1,0.08,0.02
right,0.77,0.56,9.5,-0.1,0.08,0.02
right,0.74,0.5,9.51,-0.12,0.07,0.02
right,0.7,0.53,9.44,-0.14,0.07,0.02
right,0.72,0.35,9.37,-0.11,0.08,0.04
right,0.61,0.52,9.3,-0.1,0.08,0.05
right,0.48,0.83,9.28,-0.18,0.04,0.06
right,0.53,0.78,9.4,-0.29,-0.01,0.02
right,0.65,0.83,9.69,-0.42,-0.06,0.01
right,0.79,0.58,9.92,-0.57,-0.11,0.01
right,0.78,0.46,9.89,-0.75,-0.18,0.03
right,0.82,0.63,10.12,-1.06,-0.29,0.03
right,0.97,0.58,10.55,-1.64,-0.47,0.02
right,1.14,0.46,10.86,-2.4,-0.69,0.02
right,1.44,-0.5,10.71,-3.07,-0.88,0.03
right,1.52,-1.12,10.14,-3.12,-0.79,-0.02
right,1.83,-2.65,9.54,-2.91,-0.65,0.01
right,1.73,-1.97,9.94,-2.84,-0.57,0.08
right,1.54,-1.98,9.6,-3.11,-0.56,0.11
right,1.01,-1.61,8.71,-3.67,-0.73,0.12
right,0.92,-2.33,7.76,-4.29,-1.0,0.09
right,1.42,-3.69,7.86,-4.63,-1.17,0.14
right,2.05,-5.12,7.9,-4.38,-1.04,0.19
right,2.27,-6.11,7.74,-3.75,-0.76,0.33
right,2.0,-5.81,7.53,-3.26,-0.58,0.43
right,1.72,-5.57,7.47,-3.23,-0.58,0.5
right,1.47,-5.26,7.38,-3.58,-0.68,0.54
right,1.24,-5.47,6.77,-3.98,-0.75,0.49
right,1.5,-6.78,5.9,-4.03,-0.77,0.44
right,1.92,-7.72,5.9,-3.7,-0.65,0.46
right,1.94,-7.8,5.88,-3.25,-0.47,0.51
right,1.7,-7.23,5.87,-3.05,-0.41,0.51
right,1.75,-7.12,6.14,-3.13,-0.41,0.48
right,1.79,-7.71,5.58,-3.3,-0.39,0.44
right,1.64,-8.5,4.59,-3.38,-0.43,0.45
right,1.66,-8.98,3.89,-3.26,-0.46,0.48
right,1.92,-9.73,3.16,-2.98,-0.48,0.52
right,2.23,-9.46,3.36,-2.59,-0.42,0.59
right,2.39,-9.19,3.4,-2.2,-0.24,0.52
right,2.33,-9.33,3.01,-2.04,-0.14,0.48
right,1.96,-8.88,2.54,-2.04,-0.14,0.4
right,1.84,-9.18,2.56,-2.06,-0.17,0.34
right,1.71,-9.18,2.33,-2.04,-0.19,0.3
right,1.78,-9.3,2.55,-1.97,-0.2,0.27
right,2.01,-9.26,2.81,-1.81,-0.12,0.26
right,1.96,-9.67,2.56,-1.65,-0.0,0.28
right,1.48,-9.29,1.98,-1.46,0.08,0.29
right,1.39,-9.0,2.08,-1.3,0.13,0.27
right,1.3,-8.82,1.91,-1.23,0.17,0.26
right,1.3,-8.67,2.01,-1.25,0.18,0.24
right,1.18,-8.74,1.88,-1.31,0.21,0.22
right,1.0,-8.79,1.5,-1.32,0.23,0.21
right,0.88,-8.87,1.11,-1.21,0.27,0.17
right,0.97,-8.99,0.83,-1.03,0.31,0.12
right,1.05,-9.0,0.59,-0.85,0.34,0.09
right,1.11,-8.87,0.52,-0.77,0.33,0.05
right,1.29,-8.99,0.75,-0.86,0.29,0.04
right,1.01,-8.8,0.48,-1.0,0.27,0.01
right,1.13,-9.2,0.22,-1.03,0.25,-0.04
right,1.43,-9.73,-0.05,-0.92,0.27,-0.05
right,1.7,-10.24,-0.56,-0.65,0.32,-0.04
right,1.79,-10.38,-0.61,-0.35,0.35,0.01
right,1.66,-10.04,-0.37,-0.1,0.39,0.02
right,1.54,-9.92,-0.16,0.0,0.4,0.02
right,1.2,-9.49,-0.09,0.01,0.37,-0.04
right,1.47,-9.83,0.3,-0.03,0.3,-0.07
right,1.66,-9.95,0.61,-0.1,0.26,-0.08
right,1.67,-9.99,0.57,-0.17,0.23,-0.06
right,1.76,-10.33,0.41,-0.17,0.21,-0.05
right,1.71,-10.22,0.28,-0.11,0.21,-0.02
right,1.61,-10.03,0.2,-0.06,0.22,-0.01
right,1.68,-9.92,0.17,-0.05,0.23,-0.03
right,1.7,-9.95,0.0,-0.12,0.21,-0.03
right,1.68,-10.01,-0.06,-0.18,0.18,-0.04
right,1.66,-10.1,-0.26,-0.18,0.16,-0.04
right,1.55,-10.1,-0.45,-0.12,0.14,-0.04
right,1.48,-9.93,-0.6,-0.05,0.12,-0.04
right,1.62,-10.08,-0.54,-0.01,0.08,-0.04
right,1.7,-9.94,-0.34,-0.01,0.07,-0.02
right,1.59,-9.89,-0.48,-0.0,0.08,-0.02
right,1.61,-10.03,-0.59,0.01,0.06,-0.02
right,1.67,-10.13,-0.45,0.03,0.06,-0.01
right,1.52,-9.96,-0.42,0.07,0.07,-0.0
right,1.42,-9.81,-0.4,0.12,0.07,-0.03
right,1.46,-9.98,-0.23,0.12,0.06,-0.04
right,1.43,-9.88,-0.27,0.1,0.05,-0.04
right,1.58,-10.07,-0.09,0.07,0.04,-0.01
right,1.55,-9.96,-0.06,0.06,0.05,0.01
right,1.44,-9.75,-0.18,0.07,0.07,0.01
right,1.4,-9.7,-0.24,0.06,0.06,-0.01
right,1.44,-9.74,-0.28,0.01,0.03,-0.03
right,1.65,-9.97,-0.12,-0.04,0.01,-0.03
right,1.75,-10.19,-0.34,-0.03,0.03,-0.01
right,1.82,-10.37,-0.34,0.01,0.04,0.01
right,1.77,-10.12,-0.21,0.02,0.05,0.04
right,1.56,-10.05,-0.49,0.02,0.04,0.04
right,1.58,-9.97,-0.28,0.02,0.02,0.05
right,1.46,-9.93,-0.33,0.06,0.02,0.03
right,1.39,-9.92,-0.33,0.1,0.0,0.03
right,1.57,-10.02,-0.07,0.14,-0.0,0.02
right,1.63,-10.01,0.08,0.15,0.01,0.02
right,1.6,-10.0,0.04,0.14,0.01,0.04
right,1.54,-9.95,-0.05,0.15,0.01,0.03
right,1.56,-10.0,-0.07,0.21,0.01,0.02
right,1.7,-10.31,-0.13,0.35,0.04,0.01
right,1.82,-10.48,-0.06,0.51,0.07,0.02
right,1.85,-10.36,0.11,0.64,0.1,0.04
right,1.71,-10.21,0.19,0.73,0.11,0.04
right,1.67,-10.08,0.43,0.83,0.12,0.03
right,1.53,-10.01,0.34,0.95,0.13,-0.0
right,1.52,-10.06,0.45,1.15,0.14,-0.05
right,1.84,-10.46,0.7,1.39,0.16,-0.07
right,1.76,-10.17,0.86,1.62,0.19,-0.07
right,1.81,-9.97,1.15,1.77,0.19,-0.09
right,1.72,-9.1,1.73,1.75,0.18,-0.17
right,1.79,-9.05,1.83,1.59,0.16,-0.3
right,2.7,-9.76,3.02,1.4,0.09,-0.21
right,2.83,-9.5,3.34,1.32,0.12,-0.05
right,2.19,-9.22,2.73,1.39,0.14,0.01
right,1.94,-9.26,2.43,1.55,0.11,-0.04
right,1.85,-9.14,2.52,1.83,0.13,-0.01
right,1.69,-9.31,2.55,2.09,0.17,0.02
right,1.41,-8.61,2.89,2.23,0.17,0.04
right,1.28,-8.09,3.48,2.18,0.16,0.01
right,1.35,-8.35,3.76,2.02,0.16,-0.02
right,1.15,-8.5,3.49,2.0,0.18,-0.04
right,1.0,-8.6,3.07,2.21,0.21,-0.06
right,1.11,-8.72,3.18,2.6,0.25,-0.06
right,1.42,-8.64,4.0,2.99,0.33,-0.03
right,1.56,-8.18,5.0,3.12,0.41,0.06
right,0.97,-7.09,5.2,2.98,0.4,0.1
right,0.76,-6.46,5.51,2.76,0.33,0.05
right,0.94,-6.7,5.82,2.64,0.27,0.01
right,1.21,-6.94,6.04,2.63,0.28,-0.03
right,1.51,-7.53,6.28,2.81,0.4,-0.02
right,1.41,-7.29,6.26,3.1,0.53,0.05
right,1.2,-6.67,6.5,3.22,0.53,0.11
right,1.05,-5.71,7.03,3.13,0.48,0.12
right,1.32,-5.57,7.46,2.96,0.45,0.13
right,1.25,-5.21,7.54,2.94,0.47,0.15
right,1.12,-4.82,7.74,2.94,0.47,0.19
right,1.04,-4.21,8.41,2.96,0.47,0.21
right,1.02,-3.57,8.83,2.96,0.53,0.22
right,0.74,-3.34,8.66,2.83,0.53,0.22
right,0.64,-2.96,8.56,2.7,0.46,0.26
right,0.71,-2.63,8.72,2.58,0.43,0.28
right,0.67,-2.24,8.97,2.54,0.43,0.29
right,0.59,-1.62,9.48,2.43,0.44,0.28
right,0.39,-1.28,9.12,2.24,0.41,0.24
right,0.2,-1.31,8.68,2.02,0.28,0.22
right,0.4,-1.41,8.98,1.86,0.18,0.21
right,0.76,-1.58,9.13,1.77,0.14,0.23
right,0.81,-1.34,9.5,1.72,0.14,0.25
right,0.78,-0.75,9.45,1.63,0.14,0.26
right,0.69,-0.46,9.75,1.48,0.12,0.21
right,0.82,-0.63,9.96,1.31,0.11,0.19
right,0.78,-0.48,9.89,1.12,0.09,0.17
right,0.73,-0.74,9.63,0.95,0.06,0.14
right,0.65,-0.86,9.33,0.94,0.09,0.11
right,0.51,-0.4,9.23,0.98,0.1,0.07
right,0.46,-0.04,9.58,0.96,0.11,0.02
right,0.42,-0.19,9.46,0.83,0.07,-0.02
right,0.45,-0.09,9.61,0.56,-0.02,-0.02
right,0.58,-0.52,9.49,0.46,-0.04,-0.05
right,0.81,-1.03,9.4,0.52,-0.02,-0.03
right,0.84,-1.06,9.36,0.51,-0.02,0.03
right,0.64,-0.4,9.65,0.5,-0.02,0.02
right,0.75,-0.14,10.1,0.45,0.01,-0.03
right,0.64,-0.22,10.09,0.35,0.03,-0.07
right,0.7,-0.69,9.84,0.27,0.04,-0.07
right,0.74,-0.5,10.14,0.28,0.07,-0.03
right,0.64,-0.3,9.89,0.31,0.1,0.01
right,0.55,-0.14,9.7,0.25,0.05,0.02
right,0.56,0.18,9.93,0.2,0.01,0.01
right,0.87,-0.12,10.27,0.15,0.01,0.04
right,0.68,0.42,10.39,0.12,0.06,0.06
right,0.56,0.52,10.14,0.1,0.09,0.07
right,0.28,1.07,9.82,0.09,0.09,0.02
right,0.27,0.95,9.69,0.01,0.04,-0.01
right,0.47,0.68,9.84,-0.06,0.01,-0.02
right,0.49,0.43,9.56,0.01,0.03,0.01
right,0.44,0.62,9.56,0.1,0.06,0.02
right,0.58,0.62,9.82,0.08,0.06,0.03
right,0.48,0.9,9.59,-0.02,0.03,0.02
right,0.56,0.59,9.38,-0.1,-0.01,0.01
right,0.76,0.15,9.24,0.02,0.01,0.01
right,0.85,0.02,9.26,0.19,0.05,0.04
right,0.71,0.61,9.6,0.17,0.05,0.07
right,0.71,0.59,9.47,0.06,-0.0,0.08
right,0.74,0.53,9.64,0.02,-0.0,0.07
right,0.67,0.43,9.42,0.09,0.03,0.08
right,0.56,0.72,9.48,0.09,0.03,0.08
right,0.49,0.81,9.42,0.03,0.0,0.09
right,0.39,1.06,9.53,0.04,0.01,0.07
right,0.44,1.04,9.69,-0.01,-0.0,0.06
right,0.53,0.94,9.61,-0.04,0.01,0.03
right,0.44,0.97,9.5,-0.02,0.03,0.02
right,0.53,0.9,9.61,0.02,0.06,-0.02
right,0.49,0.95,9.49,-0.05,0.04,-0.03
right,0.62,0.72,9.53,-0.11,0.02,-0.04
right,0.73,0.71,9.69,-0.08,0.04,-0.02
right,0.71,0.53,9.6,-0.04,0.07,-0.01
right,0.49,0.92,9.39,-0.09,0.03,0.0
right,0.56,0.8,9.44,-0.14,-0.01,0.0
right,0.61,0.82,9.37,-0.12,-0.01,-0.0
right,0.62,0.64,9.31,-0.1,-0.03,-0.0
right,0.72,0.59,9.56,-0.07,-0.02,0.0
right,0.62,0.61,9.5,-0.03,0.02,0.0
right,0.49,0.74,9.3,0.01,0.03,0.01
right,0.4,0.98,9.39,0.02,0.02,-0.0
right,0.4,1.0,9.46,-0.04,0.01,-0.03
right,0.48,0.76,9.46,-0.03,0.02,-0.05
right,0.44,0.71,9.36,-0.02,0.02,-0.04
right,0.49,0.58,9.26,0.02,0.01,-0.04
right,0.5,0.8,9.38,0.04,-0.01,-0.03
right,0.63,0.71,9.61,-0.01,-0.03,-0.04
right,0.75,0.59,9.67,-0.07,-0.03,-0.04
right,0.77,0.45,9.65,-0.04,-0.01,-0.03
right,0.67,0.5,9.43,0.0,0.01,-0.02
right,0.6,0.56,9.39,-0.0,-0.02,-0.02
right,0.7,0.66,9.73,-0.02,-0.03,-0.01
right,0.6,0.69,9.62,-0.03,-0.01,-0.01
right,0.51,0.74,9.44,-0.06,-0.03,-0.01
right,0.59,0.68,9.54,-0.08,-0.04,-0.02
right,0.67,0.59,9.72,-0.08,-0.03,0.0
right,0.62,0.65,9.56,-0.06,-0.01,-0.0
right,0.64,0.55,9.5,-0.05,0.0,0.0
right,0.6,0.71,9.49,-0.05,0.01,-0.0
right,0.59,0.7,9.43,-0.06,-0.0,-0.02
right,0.73,0.63,9.65,-0.07,-0.0,-0.02
right,0.73,0.47,9.61,-0.07,0.02,0.0
right,0.71,0.59,9.66,-0.06,0.03,0.02
right,0.66,0.65,9.5,-0.06,0.02,0.02
right,0.63,0.82,9.61,-0.07,0.02,0.0
right,0.73,0.61,9.59,-0.1,0.01,-0.0
right,0.81,0.47,9.72,-0.16,-0.01,0.0
right,0.94,0.32,9.82,-0.2,-0.0,0.01
right,0.88,0.34,9.81,-0.25,0.0,0.03
right,0.85,0.29,9.71,-0.27,0.01,0.04
right,0.8,0.28,9.56,-0.2,0.04,0.03
right,0.7,0.45,9.73,-0.18,0.06,0.03
right,0.58,0.52,9.67,-0.2,0.07,0.02
right,0.49,0.57,9.52,-0.21,0.08,0.0
right,0.59,0.32,9.35,-0.18,0.09,-0.0
right,0.6,0.4,9.4,-0.22,0.07,0.01
right,0.62,0.33,9.35,-0.2,0.08,0.0
right,0.62,0.33,9.37,-0.18,0.08,0.0
right,0.69,0.34,9.67,-0.24,0.06,0.01
right,0.62,0.33,9.6,-0.25,0.07,0.01
right,0.61,0.15,9.49,-0.23,0.06,0.03
right,0.68,0.2,9.55,-0.26,0.04,0.05
right,0.57,0.4,9.39,-0.29,0.01,0.05
right,0.55,0.54,9.57,-0.35,-0.04,0.03
right,0.69,0.4,9.97,-0.47,-0.06,-0.0
right,0.86,-0.16,9.82,-0.52,-0.03,-0.01
right,0.85,-0.22,9.77,-0.48,-0.01,0.03
right,0.75,-0.22,9.64,-0.44,0.01,0.04
right,0.64,-0.08,9.34,-0.41,0.01,0.03
right,0.57,-0.11,9.28,-0.4,-0.01,0.02
right,0.71,-0.41,9.24,-0.41,-0.02,-0.0
right,0.84,-0.69,9.36,-0.43,-0.03,0.05
right,0.85,-0.7,9.17,-0.34,0.02,0.07
right,0.74,-0.57,9.02,-0.13,0.12,0.08
right,0.53,-0.41,8.94,-0.0,0.15,0.07
right,0.41,-0.04,9.16,-0.06,0.1,0.05
right,0.45,-0.16,9.36,-0.16,0.04,0.04
right,0.49,-0.16,9.43,-0.25,-0.0,0.04
right,0.55,-0.09,9.76,-0.37,-0.05,0.06
right,0.59,-0.14,9.79,-0.47,-0.07,0.07
right,0.51,0.11,10.11,-0.65,-0.14,0.07
right,0.59,0.18,10.52,-1.03,-0.25,0.06
right,0.57,0.09,10.41,-1.54,-0.4,0.04
right,0.55,-0.02,10.34,-2.0,-0.55,0.03
right,0.86,-0.65,10.3,-2.3,-0.62,-0.01
right,1.04,-1.32,10.23,-2.49,-0.65,-0.01
right,1.2,-1.64,10.03,-2.63,-0.66,-0.01
right,1.41,-2.47,9.56,-2.84,-0.69,0.0
right,1.43,-2.73,9.05,-3.13,-0.79,0.04
right,1.56,-3.3,8.74,-3.5,-0.91,0.08
right,1.54,-3.71,8.13,-3.76,-0.99,0.1
right,1.8,-4.94,7.59,-3.71,-0.95,0.09
right,1.89,-5.59,7.56,-3.38,-0.85,0.16
right,1.93,-5.73,7.83,-3.04,-0.73,0.21
right,1.76,-5.6,7.88,-2.9,-0.64,0.28
right,1.44,-5.5,7.44,-2.99,-0.65,0.32
right,1.07,-5.51,6.96,-3.24,-0.77,0.32
right,1.23,-6.13,6.74,-3.31,-0.82,0.29
right,1.71,-7.23,6.9,-3.16,-0.73,0.3
right,2.0,-7.5,7.58,-2.79,-0.52,0.36
right,2.03,-7.18,7.72,-2.41,-0.21,0.34
right,1.84,-7.34,6.77,-2.26,-0.05,0.33
right,1.54,-6.81,6.52,-2.48,-0.12,0.35
right,1.62,-6.84,6.35,-2.89,-0.22,0.31
right,1.69,-7.1,5.63,-3.17,-0.25,0.26
right,2.09,-7.96,4.84,-3.2,-0.23,0.24
right,2.17,-8.39,4.22,-2.99,-0.15,0.29
right,2.07,-8.65,3.64,-2.67,-0.06,0.32
right,2.01,-8.59,3.55,-2.38,0.0,0.36
right,1.99,-8.41,3.66,-2.23,0.03,0.38
right,1.86,-7.94,3.75,-2.23,0.03,0.38
right,1.8,-7.73,3.6,-2.35,0.02,0.35
right,1.83,-8.2,3.18,-2.43,0.01,0.32
right,1.66,-8.59,2.77,-2.36,0.05,0.32
right,1.58,-8.74,2.41,-2.12,0.13,0.31
right,1.48,-9.0,1.99,-1.73,0.23,0.28
right,1.37,-8.9,1.75,-1.34,0.3,0.25
right,1.31,-9.02,2.01,-1.02,0.35,0.22
right,0.93,-8.67,2.28,-0.95,0.34,0.19
right,0.58,-8.31,2.11,-1.05,0.27,0.11
right,0.68,-8.47,1.96,-1.15,0.18,0.02
right,1.29,-9.1,2.43,-1.16,0.14,-0.03
right,1.71,-9.35,2.68,-0.99,0.25,-0.06
right,2.08,-10.01,2.52,-0.77,0.38,-0.03
right,1.82,-9.68,2.11,-0.57,0.49,-0.01
right,1.49,-9.33,1.58,-0.5,0.51,-0.02
right,1.5,-9.17,1.54,-0.54,0.46,-0.06
right,1.65,-9.39,1.35,-0.67,0.39,-0.08
right,1.83,-9.78,1.12,-0.77,0.32,-0.08
right,1.9,-9.91,0.9,-0.76,0.27,-0.06
right,2.02,-10.05,0.93,-0.6,0.28,-0.07
right,1.99,-9.97,0.84,-0.41,0.32,-0.06
right,1.89,-9.85,0.72,-0.27,0.33,-0.05
right,1.64,-9.56,0.62,-0.2,0.29,-0.06
right,1.62,-9.45,0.68,-0.19,0.25,-0.09
right,1.63,-9.53,0.75,-0.24,0.19,-0.12
right,1.83,-9.88,0.69,-0.27,0.15,-0.12
right,1.87,-10.2,0.42,-0.21,0.13,-0.11
right,1.95,-10.28,0.66,-0.12,0.12,-0.08
right,1.85,-10.12,0.76,-0.03,0.16,-0.07
right,1.73,-10.0,0.74,0.02,0.16,-0.06
right,1.7,-9.9,0.64,0.05,0.16,-0.07
right,1.58,-9.82,0.39,0.04,0.12,-0.08
right,1.68,-9.81,0.58,0.01,0.07,-0.08
right,1.79,-10.01,0.6,-0.05,0.03,-0.08
right,1.81,-9.97,0.71,-0.04,0.03,-0.06
right,1.84,-10.17,0.7,0.0,0.04,-0.04
right,1.77,-10.0,0.96,0.07,0.06,-0.02
right,1.72,-9.93,1.08,0.1,0.09,-0.02
right,1.58,-9.9,0.8,0.06,0.09,-0.01
right,1.59,-9.77,0.77,0.03,0.07,-0.01
right,1.6,-9.88,0.74,-0.03,0.05,-0.0
right,1.59,-9.82,0.66,-0.04,0.03,-0.0
right,1.66,-9.86,0.7,-0.01,0.04,0.0
right,1.65,-9.79,0.67,0.03,0.08,-0.01
right,1.67,-9.83,0.56,0.03,0.08,-0.01
right,1.6,-9.8,0.58,-0.01,0.07,-0.02
right,1.61,-9.92,0.45,-0.03,0.05,-0.02
right,1.66,-10.07,0.33,-0.01,0.04,-0.02
right,1.75,-10.12,0.42,0.02,0.03,0.0
right,1.74,-10.06,0.51,0.04,0.01,0.02
right,1.74,-9.93,0.66,0.05,0.0,0.04
right,1.72,-9.89,0.82,0.06,-0.0,0.04
right,1.73,-9.96,0.86,0.04,-0.01,0.04
right,1.75,-9.84,0.89,0.04,-0.0,0.04
right,1.74,-9.78,0.98,0.03,0.01,0.04
right,1.76,-9.75,0.89,0.0,0.02,0.04
right,1.66,-9.59,0.96,0.0,0.03,0.03
right,1.69,-9.69,0.84,0.02,0.04,0.02
right,1.65,-9.58,0.87,0.07,0.05,0.01
right,1.73,-9.51,1.08,0.09,0.08,-0.01
right,1.68,-9.36,1.1,0.09,0.11,-0.03
right,1.59,-9.41,1.06,0.08,0.12,-0.07
right,1.59,-9.33,1.04,0.04,0.1,-0.07
right,1.64,-9.44,1.13,-0.0,0.09,-0.08
right,1.77,-9.58,1.04,-0.03,0.08,-0.07
right,1.76,-9.78,0.82,0.01,0.08,-0.07
right,1.8,-9.97,0.62,0.03,0.04,-0.02
right,1.87,-9.92,0.86,0.06,0.01,0.01
right,1.8,-9.55,1.08,0.09,0.03,0.01
right,1.79,-9.68,1.08,0.08,0.04,-0.01
right,1.95,-9.84,1.29,0.06,0.05,-0.03
right,1.89,-9.94,1.04,0.14,0.1,-0.04
right,1.78,-10.06,1.0,0.26,0.1,-0.04
right,2.01,-10.29,1.22,0.35,0.11,-0.04
right,1.96,-10.53,0.9,0.47,0.12,-0.0
right,2.09,-10.73,0.9,0.64,0.12,0.03
right,2.05,-10.63,0.79,0.93,0.16,0.05
right,1.66,-10.14,0.63,1.28,0.17,0.02
right,1.1,-9.47,0.58,1.6,0.13,-0.07
right,0.56,-8.42,0.78,1.77,-0.02,-0.25
right,0.68,-8.18,1.43,1.88,-0.18,-0.47
right,2.09,-9.84,2.15,1.89,-0.32,-0.53
right,3.87,-11.28,4.7,1.8,-0.3,-0.18
right,3.33,-10.04,4.62,2.02,0.03,0.07
right,2.47,-9.21,3.4,2.63,0.4,0.13
right,2.1,-8.69,3.44,3.35,0.72,0.08
right,1.56,-7.62,3.73,3.65,0.87,0.02
right,1.1,-6.93,3.83,3.35,0.75,-0.05
right,1.47,-7.27,4.66,2.69,0.44,-0.06
right,1.81,-7.12,5.79,2.11,0.28,-0.03
right,2.04,-7.79,5.71,2.07,0.37,-0.08
right,2.36,-8.43,5.71,2.52,0.61,-0.09
right,2.39,-8.78,5.44,3.18,0.91,-0.06
right,1.82,-7.84,5.51,3.49,1.02,0.03
right,1.19,-6.37,5.96,3.28,0.91,0.04
right,1.01,-5.95,6.55,2.74,0.68,0.02
right,1.07,-6.18,6.48,2.42,0.55,-0.04
right,1.65,-6.83,7.07,2.41,0.53,0.0
right,1.67,-6.55,7.18,2.54,0.62,0.07
right,1.34,-6.16,6.9,2.7,0.67,0.13
right,1.04,-5.28,6.93,2.78,0.65,0.14
right,0.98,-4.92,7.33,2.68,0.56,0.12
right,1.09,-4.72,7.8,2.51,0.47,0.13
right,1.24,-4.62,8.04,2.43,0.44,0.13
right,1.27,-4.52,8.03,2.48,0.45,0.18
right,1.01,-3.74,8.11,2.47,0.42,0.23
right,0.8,-3.04,8.37,2.3,0.33,0.23
right,0.59,-2.68,8.37,2.09,0.22,0.22
right,0.63,-2.67,8.38,1.97,0.12,0.2
right,0.98,-2.84,8.69,1.98,0.1,0.22
right,1.12,-2.84,8.6,2.06,0.13,0.27
right,1.0,-2.19,8.95,2.0,0.11,0.32
right,1.0,-1.85,9.17,1.84,0.08,0.29
right,0.84,-1.83,9.23,1.71,0.04,0.3
right,0.8,-1.67,9.39,1.64,0.02,0.29
right,0.76,-1.47,9.55,1.56,0.02,0.29
right,0.6,-1.21,9.51,1.56,0.03,0.28
right,0.62,-1.06,9.67,1.51,0.02,0.27
right,0.55,-0.7,9.94,1.46,0.02,0.27
right,0.52,-0.37,10.21,1.41,0.05,0.24
right,0.5,-0.28,10.18,1.33,0.1,0.2
right,0.48,-0.41,9.66,1.28,0.11,0.18
right,0.54,-0.44,9.6,1.2,0.09,0.18
right,0.66,-0.49,9.51,1.16,0.1,0.18
right,0.64,-0.32,9.51,1.02,0.06,0.2
right,0.57,-0.09,9.34,0.88,0.03,0.2
right,0.48,0.25,9.58,0.91,0.07,0.15
right,0.52,0.02,9.47,0.92,0.11,0.13
right,0.42,0.5,9.43,0.85,0.11,0.14
right,0.34,0.7,9.28,0.77,0.12,0.12
right,0.24,0.85,9.02,0.65,0.06,0.08
right,0.5,0.61,9.49,0.52,-0.02,0.07
right,0.66,0.7,9.79,0.44,-0.03,0.08
right,0.68,0.96,10.08,0.37,0.01,0.07
right,0.63,1.17,10.08,0.29,0.03,0.05
right,0.58,1.31,10.05,0.16,0.02,0.01
right,0.57,1.18,10.06,0.02,0.01,-0.02
right,0.67,1.07,9.99,-0.08,-0.01,-0.05
right,0.86,0.75,9.98,-0.15,-0.03,-0.05
right,0.93,0.71,9.84,-0.12,-0.0,-0.06
right,0.92,0.97,9.95,-0.07,0.03,-0.09
right,1.11,0.37,9.79,-0.08,0.07,-0.1
right,0.92,0.53,9.4,-0.09,0.08,-0.07
right,0.81,0.65,9.26,-0.13,0.05,-0.06
right,0.85,0.56,9.28,-0.16,0.03,-0.06
right,0.88,0.23,9.25,-0.18,0.02,-0.03
right,0.87,0.28,9.2,-0.15,0.03,-0.0
right,0.78,0.2,8.99,-0.04,0.05,0.03
right,0.76,0.44,9.18,0.03,0.05,0.06
right,0.67,0.97,9.56,-0.02,0.04,0.05
right,0.58,0.98,9.56,-0.12,0.0,0.04
right,0.55,1.01,9.65,-0.11,0.01,0.01
right,0.64,0.75,9.73,-0.03,0.04,-0.01
right,0.64,0.79,9.54,0.01,0.05,-0.01
right,0.71,0.65,9.35,-0.04,0.01,0.02
right,0.69,0.79,9.45,-0.07,-0.02,0.04
right,0.77,0.71,9.76,-0.07,-0.01,0.05
right,0.68,0.78,9.61,-0.05,0.02,0.06
right,0.51,1.23,9.55,-0.01,0.04,0.04
right,0.45,1.09,9.54,-0.06,0.01,0.01
right,0.55,1.06,9.64,-0.14,-0.04,-0.01
right,0.65,0.85,9.65,-0.15,-0.04,-0.01
right,0.77,0.65,9.71,-0.13,-0.02,0.01
right,0.74,0.8,9.75,-0.11,-0.0,0.02
right,0.75,0.83,9.68,-0.11,0.0,0.02
right,0.76,0.84,9.65,-0.09,0.02,0.01
right,0.8,0.74,9.58,-0.08,0.02,0.01
right,0.82,0.8,9.57,-0.1,0.02,0.0
right,0.85,0.6,9.51,-0.09,0.02,0.0
right,0.88,0.65,9.67,-0.04,0.06,0.0
right,0.74,0.69,9.51,-0.01,0.08,0.01
right,0.67,0.76,9.43,-0.03,0.06,0.01
right,0.68,0.66,9.43,-0.08,0.03,0.01
right,0.68,0.48,9.32,-0.12,0.02,0.03
right,0.69,0.59,9.31,-0.06,0.04,0.03
right,0.68,0.64,9.48,-0.04,0.04,0.04
right,0.6,0.99,9.4,-0.08,0.03,0.03
right,0.62,0.77,9.41,-0.11,0.01,0.01
right,0.75,0.76,9.72,-0.08,0.02,0.0
right,0.81,0.51,9.61,-0.03,0.06,-0.0
right,0.78,0.59,9.43,0.03,0.1,-0.01
right,0.72,0.69,9.46,0.07,0.11,-0.02
right,0.65,0.67,9.28,0.02,0.08,-0.03
right,0.66,0.71,9.25,-0.01,0.06,-0.03
right,0.65,0.56,9.17,-0.02,0.03,-0.02
right,0.78,0.51,9.34,-0.02,0.01,0.01
right,0.74,0.66,9.47,-0.0,0.02,0.03
right,0.62,0.84,9.55,-0.02,0.02,0.03
right,0.71,0.74,9.67,-0.07,0.01,0.03
right,0.66,0.67,9.44,-0.03,0.03,0.02
right,0.69,0.71,9.45,0.02,0.04,0.01
right,0.7,0.7,9.41,0.05,0.04,0.0
right,0.69,0.61,9.3,0.07,0.03,0.01
right,0.67,0.7,9.36,0.04,0.0,0.02
right,0.68,0.71,9.39,0.0,-0.02,0.03
right,0.79,0.67,9.56,0.0,-0.02,0.04
right,0.78,0.7,9.51,0.03,0.0,0.05
right,0.74,0.72,9.41,0.0,-0.02,0.06
right,0.73,0.83,9.65,-0.11,-0.04,0.05
right,0.78,0.78,9.62,-0.16,-0.03,0.03
right,0.83,0.65,9.67,-0.17,-0.02,0.02
right,0.93,0.5,9.64,-0.15,0.02,0.03
right,0.87,0.64,9.59,-0.15,0.03,0.04
right,0.79,0.85,9.6,-0.23,0.01,0.04
right,0.81,0.73,9.53,-0.32,-0.02,0.02
right,0.83,0.66,9.74,-0.39,-0.01,0.0
right,0.86,0.68,9.67,-0.44,-0.01,-0.02
right,0.89,0.59,9.79,-0.54,-0.03,-0.01
right,0.9,0.57,9.82,-0.62,-0.04,-0.02
right,0.71,0.9,10.02,-0.78,-0.07,-0.03
right,0.88,0.57,10.42,-1.04,-0.11,-0.07
right,0.84,0.66,10.5,-1.23,-0.1,-0.09
right,0.93,-0.15,9.96,-1.38,-0.11,-0.1
right,1.12,-0.74,9.61,-1.35,-0.09,-0.07
right,1.13,-0.99,9.49,-1.34,-0.12,-0.01
right,1.02,-0.8,9.75,-1.5,-0.2,0.02
right,0.94,-0.72,9.7,-1.92,-0.37,0.07
right,0.79,-0.51,9.88,-2.41,-0.54,0.08
right,0.95,-1.1,9.99,-2.71,-0.59,0.05
right,1.14,-1.94,9.6,-2.49,-0.43,0.02
right,1.37,-2.93,9.14,-2.2,-0.28,0.04
right,1.06,-2.43,9.07,-2.14,-0.25,0.09
right,0.73,-2.26,8.66,-2.42,-0.37,0.09
right,0.81,-2.21,8.62,-2.75,-0.51,0.04
right,0.96,-2.89,8.38,-2.96,-0.59,-0.0
right,0.99,-3.45,8.14,-2.85,-0.55,-0.06
right,1.26,-4.5,7.69,-2.45,-0.43,-0.04
right,1.34,-4.97,7.48,-2.04,-0.28,0.0
right,1.28,-4.84,7.46,-1.91,-0.27,0.08
right,1.13,-4.71,7.2,-2.07,-0.39,0.13
right,1.19,-4.64,7.28,-2.37,-0.55,0.15
right,1.61,-5.15,7.49,-2.57,-0.63,0.15
right,1.81,-5.62,7.57,-2.55,-0.57,0.15
right,1.83,-6.05,7.26,-2.35,-0.46,0.16
right,1.8,-6.36,6.84,-2.04,-0.36,0.16
right,1.88,-6.5,6.89,-1.83,-0.32,0.17
right,1.91,-6.21,7.22,-1.88,-0.36,0.2
right,1.89,-5.93,7.41,-2.18,-0.45,0.18
right,2.04,-6.44,7.11,-2.38,-0.49,0.14
right,2.29,-7.37,6.71,-2.24,-0.41,0.1
right,2.63,-8.19,6.49,-1.88,-0.25,0.13
right,2.57,-8.45,5.98,-1.45,-0.08,0.2
right,2.24,-7.73,5.75,-1.23,-0.05,0.25
right,2.07,-7.03,6.2,-1.36,-0.13,0.26
right,1.89,-6.68,6.24,-1.76,-0.25,0.21
right,2.02,-7.09,6.1,-2.04,-0.32,0.14
right,2.39,-8.15,5.77,-2.01,-0.24,0.11
right,2.28,-8.77,4.81,-1.71,-0.1,0.14
right,2.01,-8.81,4.13,-1.33,-0.02,0.19
right,1.83,-8.35,4.1,-1.11,-0.01,0.23
right,1.49,-7.51,4.44,-1.24,-0.11,0.23
right,1.34,-7.2,4.69,-1.69,-0.28,0.17
right,1.52,-7.74,4.74,-2.03,-0.37,0.1
right,1.94,-8.71,4.71,-2.07,-0.31,0.08
right,2.06,-9.27,4.24,-1.78,-0.14,0.1
right,2.09,-9.53,3.66,-1.37,0.01,0.16
right,1.93,-8.87,3.68,-1.16,0.07,0.22
right,1.72,-8.1,3.84,-1.27,0.05,0.21
right,1.44,-7.45,3.67,-1.74,-0.07,0.15
right,1.29,-7.64,3.06,-2.15,-0.18,0.06
right,1.78,-8.63,2.59,-2.28,-0.22,-0.03
right,2.34,-10.0,1.84,-2.01,-0.11,-0.02
right,2.43,-10.28,1.5,-1.5,0.05,0.05
right,2.31,-9.87,1.75,-1.17,0.14,0.12
right,1.72,-8.73,1.58,-1.17,0.13,0.13
right,1.52,-8.55,1.19,-1.36,0.05,0.05
right,1.78,-9.08,1.12,-1.45,0.01,-0.03
right,2.11,-10.16,0.33,-1.22,0.05,-0.05
right,2.24,-10.6,0.21,-0.81,0.1,-0.0
right,2.29,-10.7,0.48,-0.45,0.14,0.06
right,1.98,-10.14,0.82,-0.27,0.12,0.14
right,1.59,-9.48,1.14,-0.29,0.04,0.15
right,1.5,-9.28,1.39,-0.38,-0.03,0.09
right,1.53,-9.5,1.22,-0.41,-0.07,0.02
right,1.99,-10.07,1.59,-0.36,-0.05,0.03
right,1.99,-10.19,1.37,-0.19,0.05,0.05
right,1.8,-9.87,1.17,-0.07,0.08,0.08
right,1.56,-9.49,1.2,-0.13,0.03,0.07
right,1.61,-9.24,1.72,-0.34,-0.05,0.06
right,1.65,-9.27,1.81,-0.47,-0.05,0.02
right,1.84,-9.75,1.41,-0.47,-0.02,-0.01
right,2.08,-10.21,1.13,-0.3,0.06,-0.0
right,2.03,-10.11,0.98,-0.11,0.11,0.05
right,1.92,-9.64,1.03,-0.11,0.09,0.05
right,1.86,-9.45,1.34,-0.25,0.06,0.05
right,1.71,-9.28,1.2,-0.43,0.01,0.02
right,1.84,-9.45,1.12,-0.55,-0.02,-0.02
right,2.01,-9.9,0.74,-0.52,0.01,-0.05
right,2.26,-10.51,0.42,-0.34,0.06,-0.02
right,2.15,-10.67,-0.04,-0.05,0.12,0.03
right,2.08,-10.31,0.08,0.16,0.12,0.08
right,1.89,-9.7,0.46,0.2,0.11,0.09
right,1.75,-9.26,0.68,0.07,0.06,0.07
right,1.84,-9.43,0.84,-0.08,0.03,0.02
