Timestamp,SensorData
130974109,53111,1.38,0.45,9.34
53124,1.42,0.46,9.33
53137,1.40,0.47,9.33
53150,1.41,0.46,9.35
53163,1.41,0.45,9.33
53176,1.36,0.46,9.35
53189,1.39,0.47,9.37
53202,1.37,0.46,9.38
53215,1.41,0.45,9.37
53228,1.40,0.46,9.36
53241,1.41,0.46,9.37
53254,1.41,0.
130974109,48,9.37
53267,1.40,0.46,9.35
53280,1.41,0.48,9.36
53293,1.39,0.45,9.36
53306,1.40,0.45,9.37
53319,1.37,0.46,9.37
53332,1.39,0.44,9.38
53345,1.38,0.47,9.39
53358,1.40,0.45,9.35
53371,1.39,0.44,9.36
53384,1.39,0.46,9.33
53397,1.41,0.46,9.35
5341
130974109,0,1.39,0.46,9.36
53423,1.41,0.46,9.35
53436,1.40,0.44,9.38
53449,1.42,0.44,9.35
53462,1.39,0.45,9.37
53475,1.39,0.44,9.34
53488,1.39,0.43,9.36
53501,1.39,0.44,9.35
53514,1.41,0.44,9.35
53527,1.39,0.44,9.35
53540,1.41,0.45,9.36
53553,1.39,0.43,9
130974109,.33
53566,1.43,0.44,9.31
53579,1.41,0.44,9.32
53592,1.40,0.44,9.35
53605,1.38,0.45,9.37
53618,1.39,0.44,9.36
53631,1.39,0.44,9.37
53644,1.40,0.45,9.31
53657,1.40,0.44,9.34
53670,1.39,0.46,9.34
53683,1.40,0.43,9.36
53696,1.38,0.45,9.35
53709,1.
130974109,41,0.45,9.35
53722,1.40,0.45,9.36
53735,1.40,0.46,9.34
53748,1.39,0.46,9.38
53761,1.39,0.46,9.34
53774,1.41,0.46,9.32
53787,1.37,0.45,9.36
53800,1.42,0.48,9.33
53813,1.40,0.44,9.34
53826,1.39,0.46,9.34
53839,1.39,0.45,9.34
53852,1.43,0.46,9.29
130974109,
53865,1.17,0.53,11.14
53878,1.13,0.52,10.27
53891,1.33,0.61,9.80
53904,1.34,0.62,9.69
53917,1.36,0.63,9.53
53930,1.37,0.60,9.56
53943,1.38,0.57,9.66
53956,1.40,0.43,9.90
53969,1.28,-0.00,10.01
53982,1.22,0.74,8.33
53995,1.58,0.31,8.49
54008,1.
130974125,40,0.47,9.28
54021,1.40,0.46,9.36
54034,1.41,0.47,9.33
54047,1.38,0.46,9.34
54060,1.41,0.48,9.34
54073,1.37,0.45,9.38
54086,1.38,0.47,9.40
54099,1.37,0.45,9.37
54112,1.37,0.44,9.35
54125,1.41,0.45,9.31
54138,1.39,0.46,9.35
54151,-0.34,-0.78,0.2
130974125,7
54164,1.54,0.74,11.62
54177,1.19,0.54,9.82
54190,1.36,0.70,9.57
54203,1.37,0.60,9.39
54216,1.34,0.59,9.44
54229,1.35,0.62,9.47
54242,1.35,0.62,9.47
54255,1.37,0.64,9.63
54268,1.42,0.63,9.66
54281,1.35,0.55,10.03
54294,0.99,0.23,10.02
54307,1
130974125,.32,0.45,8.08
54320,1.56,0.42,8.54
54333,1.39,0.45,9.28
54346,1.37,0.47,9.44
54359,1.37,0.48,9.31
54372,1.35,0.47,9.36
54385,1.39,0.48,9.40
54398,1.39,0.44,9.38
54411,1.39,0.45,9.35
54424,1.39,0.45,9.35
54437,2.81,1.28,-3.57
54450,1.62,0.72,12.
130974125,15
54463,1.32,0.57,9.76
54476,1.49,0.72,9.57
54489,1.39,0.64,9.43
54502,1.39,0.65,9.48
54515,1.37,0.66,9.49
54528,1.32,0.66,9.57
54541,1.35,0.66,9.62
54554,1.41,0.59,10.01
54567,0.90,0.05,10.79
54580,1.36,0.61,8.02
54593,1.41,0.45,8.11
54606,1
130974125,.39,0.44,9.33
54619,1.41,0.48,9.36
54632,1.36,0.47,9.31
54645,1.37,0.49,9.31
54658,1.35,0.46,9.39
54671,1.38,0.48,9.38
54684,1.36,0.48,9.38
54697,1.38,0.46,9.36
54710,1.79,0.63,-1.85
54723,1.57,0.70,11.86
54736,1.34,0.61,9.80
54749,1.47,0.71,9.
130974140,64
54762,1.39,0.64,9.41
54775,1.36,0.65,9.44
54788,1.39,0.67,9.41
54801,1.31,0.65,9.49
54814,1.34,0.67,9.55
54827,1.36,0.69,9.61
54840,1.20,0.62,9.94
54853,1.02,0.54,10.16
54866,1.42,0.49,8.68
54879,1.27,0.50,8.04
54892,1.39,0.46,9.41
54905,1.
130974140,38,0.51,9.31
54918,1.38,0.48,9.34
54931,1.38,0.49,9.35
54944,1.38,0.46,9.36
54957,1.36,0.44,9.36
54970,1.38,0.48,9.38
54983,1.35,0.47,9.35
54996,1.40,0.50,9.34
55009,0.70,-0.29,13.65
55022,1.18,0.71,10.57
55035,1.29,0.72,9.72
55048,1.38,0.75,9.
130974140,57
55061,1.40,0.68,9.39
55074,1.39,0.69,9.44
55087,1.33,0.61,9.58
55100,1.33,0.53,9.63
55113,1.37,0.51,9.83
55126,1.33,0.21,10.26
55139,1.14,0.90,9.70

130974156,5
130974156,5152,1.51,0.52,7.58

130974171,5
130974171,5165,1.52,0.50,9.24

130974187,5
130974187,5178,1.36,0.49,9.20

130974187,5
130974203,5191,1.41,0.45,9.34

130974203,5
130974203,5204,1.38,0.50,9.34

130974218,5
130974218,5217,1.36,0.48,9.36

130974234,5
130974234,5230,1.36,0.49,9.32

130974250,5
130974250,5243,1.36,0.46,9.35

130974265,5
130974265,5256,1.37,0.47,9.37

130974265,5
130974265,5269,1.36,0.47,9.37

130974281,5
130974281,5282,2.20,1.06,7.37

130974296,5
130974296,5295,1.32,0.69,14.07

130974312,5
130974312,5308,1.46,0.74,10.13

130974328,5
130974328,5321,1.54,0.74,9.82

130974343,5
130974343,5334,1.34,0.57,9.28

130974343,5
130974359,5347,1.38,0.69,9.38

130974359,5
130974359,5360,1.38,0.65,9.43

130974375,5
130974375,5373,1.28,0.66,9.62

130974390,5
130974390,5386,1.34,0.70,9.76

130974406,5
130974406,5399,1.49,0.61,9.97

130974421,5
130974421,5412,1.42,0.22,10.46

130974421,5
130974421,5425,1.04,0.91,8.46

130974437,5
130974437,5438,1.55,0.49,7.82

130974453,5
130974453,5451,1.44,0.50,9.35

130974468,5
130974468,5464,1.42,0.49,9.24

130974484,5
130974484,5477,1.39,0.47,9.27

130974500,5
130974500,5490,1.41,0.49,9.34

130974500,5
130974500,5503,1.36,0.48,9.39

130974515,5
130974515,5516,1.39,0.47,9.37

130974531,5
130974531,5529,1.34,0.48,9.41

130974546,5
130974546,5542,1.39,0.48,9.37

130974562,5
130974562,5555,-0.17,-0.20,-6.99

130974578,5
130974578,5568,1.68,1.05,12.33

130974578,5
130974578,5581,1.27,0.62,10.02

130974593,5
130974593,5594,1.36,0.78,9.66

130974609,5
130974609,5607,1.33,0.66,9.40

130974625,5
130974625,5620,1.30,0.66,9.39

130974640,5
130974640,5633,1.33,0.72,9.43

130974656,5
130974656,5646,1.29,0.69,9.58

130974656,5
130974656,5659,1.33,0.70,9.65

130974671,5
130974671,5672,1.28,0.75,10.04

130974687,5
130974687,5685,0.94,0.29,10.53

130974703,5
130974703,5698,1.77,0.50,8.57

130974718,5
130974718,5711,1.34,0.68,7.66

130974734,5
130974734,5724,1.43,0.49,9.40

130974734,5
130974734,5737,1.38,0.52,9.26

130974750,5
130974750,5750,1.42,0.48,9.30

130974765,5
130974765,5763,1.40,0.49,9.33

130974781,5
130974781,5776,1.39,0.48,9.36

130974796,5
130974796,5789,1.38,0.50,9.38

130974812,5
130974812,5802,1.36,0.48,9.38

130974812,5
130974812,5815,1.38,0.48,9.42

130974828,5
130974828,5828,1.88,0.78,8.08

130974843,5
130974843,5841,1.21,0.58,14.33

130974859,5
130974859,5854,1.36,0.70,10.10

130974875,5
130974875,5867,1.52,0.82,9.90

130974890,5
130974890,5880,1.33,0.63,9.35

130974890,5
130974890,5893,1.35,0.73,9.36

130974906,5
130974906,5906,1.38,0.70,9.45

130974921,5
130974921,5919,1.27,0.67,9.60

130974937,5
130974937,5932,1.33,0.74,9.79

130974953,5
130974953,5945,1.38,0.77,10.06

130974968,5
130974968,5958,1.29,0.31,10.45

130974968,5
130974968,5971,1.43,0.41,8.29

130974984,5
130974984,5984,1.46,0.67,7.84

130975000,5
130975000,5997,1.46,0.52,9.38

130975015,5
130975015,6010,1.41,0.51,9.29

130975031,5
130975031,6023,1.41,0.51,9.26

130975046,5
130975046,6036,1.37,0.48,9.29

130975046,5
130975046,6049,1.39,0.48,9.32

130975062,5
130975062,6062,1.38,0.49,9.39

130975078,5
130975078,6075,1.36,0.46,9.38

130975093,5
130975093,6088,1.37,0.48,9.36

130975109,5
130975109,6101,1.38,0.47,9.37

130975125,5
130975125,6114,-0.36,-1.09,-4.63

130975125,5
130975125,6127,1.86,1.02,12.17

130975140,5
130975140,6140,1.50,0.89,9.95

130975156,5
130975156,6153,1.41,0.95,9.82

130975171,5
130975171,6166,1.35,0.70,9.50

130975187,5
130975187,6179,1.38,0.68,9.44

130975203,5
130975203,6192,1.42,0.77,9.55

130975203,5
130975203,6205,1.42,0.71,9.66

130975218,5
130975218,6218,1.50,0.76,9.82

130975234,5
130975234,6231,1.29,0.42,10.23

130975250,5
130975250,6244,1.03,0.66,8.99

130975265,5
130975265,6257,1.46,0.38,7.78

130975281,5
130975281,6270,1.47,0.54,9.36

130975281,5
130975281,6283,1.40,0.48,9.22

130975296,5
130975296,6296,1.40,0.48,9.28

130975312,5
130975312,6309,1.43,0.53,9.30

130975328,5
130975328,6322,1.38,0.47,9.37

130975343,5
130975343,6335,1.40,0.49,9.36

130975359,5
130975359,6348,1.38,0.48,9.36

130975359,5
130975359,6361,1.39,0.48,9.39

130975375,5
130975375,6374,1.38,0.50,9.40

130975390,5
130975390,6387,1.39,0.49,9.36

130975406,5
130975406,6400,1.39,0.48,9.35

130975421,5
130975421,6413,1.39,0.48,9.33

130975437,5
130975437,6426,1.98,1.56,-3.89

130975437,5
130975437,6439,2.03,1.16,12.18

130975453,5
130975453,6452,1.46,0.78,9.91

130975468,5
130975468,6465,1.41,0.80,9.82

130975484,5
130975484,6478,1.33,0.66,9.43

130975500,5
130975500,6491,1.34,0.72,9.38

130975500,5
130975500,6504,1.37,0.70,9.47

130975515,5
130975515,6517,1.33,0.68,9.54

130975531,5
130975531,6530,1.39,0.68,9.65

130975546,5
130975546,6543,1.50,0.66,10.05

130975562,5
130975562,6556,1.54,0.25,10.39

130975578,5
130975578,6569,1.00,1.43,9.00

130975593,5
130975593,6582,1.40,0.38,7.49

130975593,5
130975593,6595,1.50,0.48,9.33

130975609,5
130975609,6608,1.41,0.45,9.25

130975625,5
130975625,6621,1.40,0.48,9.32

130975640,5
130975640,6634,1.39,0.51,9.31

130975656,5
130975656,6647,1.36,0.46,9.39

130975656,5
130975656,6660,1.38,0.46,9.38

130975671,5
130975671,6673,1.36,0.47,9.35

130975687,5
130975687,6686,1.39,0.46,9.37

130975703,5
130975703,6699,1.41,0.50,9.34

130975718,5
130975718,6712,0.63,-1.38,16.01

130975734,5
130975734,6725,1.59,1.02,11.02

130975734,5
130975734,6738,1.40,0.71,10.08

130975750,5
130975750,6751,1.35,0.69,9.42

130975765,5
130975765,6764,1.41,0.69,9.33

130975781,5
130975781,6777,1.34,0.66,9.42

130975796,5
130975796,6790,1.30,0.67,9.57

130975812,5
130975812,6803,1.32,0.66,9.53

130975812,5
130975812,6816,1.33,0.63,9.63

130975828,5
130975828,6829,1.37,0.65,10.08

130975843,5
130975843,6842,1.22,0.12,10.59

130975859,5
130975859,6855,1.75,1.31,8.77

130975875,5
130975875,6868,1.28,0.43,7.31

130975890,5
130975890,6881,1.47,0.46,9.38

130975890,5
130975906,6894,1.41,0.48,9.23

130975906,5
130975906,6907,1.39,0.49,9.29

130975921,5
130975921,6920,1.38,0.52,9.33

130975937,5
130975937,6933,1.37,0.49,9.33

130975953,5
130975953,6946,1.37,0.46,9.39

130975968,5
130975968,6959,1.36,0.45,9.40

130975968,5
130975968,6972,1.35,0.49,9.40

130975984,5
130975984,6985,1.39,0.49,9.37

130976000,5
130976000,6998,1.39,0.46,9.32

130976015,5
130976015,7011,-1.28,-1.93,-4.67

130976031,5
130976031,7024,1.91,1.35,12.08

130976046,5
130976046,7037,1.29,0.68,9.97

130976046,5
130976062,7050,1.33,0.77,9.57

130976062,5
130976062,7063,1.36,0.64,9.37

130976078,5
130976078,7076,1.26,0.66,9.46

130976093,5
130976093,7089,1.31,0.65,9.53

130976109,5
130976109,7102,1.27,0.65,9.56

130976125,5
130976125,7115,1.29,0.66,9.55

130976125,5
130976125,7128,1.34,0.69,9.73

130976140,5
130976140,7141,1.26,0.73,10.07

130976156,5
130976156,7154,1.07,0.30,10.33

130976171,5
130976171,7167,1.32,0.48,8.03

130976187,5
130976187,7180,1.42,0.43,8.14

130976203,5
130976203,7193,1.44,0.48,9.27

130976203,5
130976203,7206,1.40,0.52,9.34

130976218,5
130976218,7219,1.37,0.51,9.29

130976234,5
130976234,7232,1.37,0.51,9.31

130976250,5
130976250,7245,1.38,0.48,9.35

130976265,5
130976265,7258,1.36,0.48,9.45

130976281,5
130976281,7271,1.36,0.50,9.42

130976281,5
130976281,7284,1.36,0.50,9.37

130976296,5
130976296,7297,1.39,0.50,9.34

130976312,5
130976312,7310,1.39,0.50,9.37

130976328,5
130976328,7323,1.41,0.50,9.33

130976343,5
130976343,7336,2.81,1.72,-0.09

130976359,5
130976359,7349,1.92,1.14,12.36

130976359,5
130976359,7362,1.46,0.77,9.78

130976375,5
130976375,7375,1.43,0.84,9.97

130976390,5
130976390,7388,1.28,0.66,9.54

130976406,5
130976406,7401,1.29,0.69,9.46

130976421,5
130976421,7414,1.36,0.69,9.55

130976437,5
130976437,7427,1.30,0.60,9.76

130976437,5
130976437,7440,1.36,0.54,9.79

130976453,5
130976453,7453,1.28,0.17,10.24

130976468,5
130976468,7466,1.45,1.42,9.39

130976484,5
130976484,7479,1.35,0.20,7.50

130976500,5
130976500,7492,1.46,0.47,9.20

130976515,5
130976515,7505,1.43,0.47,9.19

130976515,5
130976515,7518,1.38,0.49,9.31

130976531,5
130976531,7531,1.39,0.48,9.32

130976546,5
130976546,7544,1.37,0.49,9.35

130976562,5
130976562,7557,1.36,0.45,9.39

130976578,5
130976578,7570,1.36,0.46,9.39

130976593,5
130976593,7583,1.37,0.49,9.37

130976593,5
130976593,7596,1.36,0.48,9.36

130976609,5
130976609,7609,1.39,0.48,9.35

130976625,5
130976625,7622,1.41,0.49,9.34

130976640,5
130976640,7635,1.40,0.49,9.30

130976656,5
130976656,7648,1.41,0.49,9.33

130976671,5
130976671,7661,1.39,0.47,9.35

130976671,5
130976671,7674,2.84,1.76,5.19

130976687,5
130976687,7687,1.51,0.57,13.19

130976703,5
130976703,7700,1.39,0.77,10.02

130976718,5
130976718,7713,1.39,0.74,10.05

130976734,5
130976734,7726,1.26,0.60,9.58

130976750,5
130976750,7739,1.32,0.68,9.36

130976750,5
130976750,7752,1.34,0.65,9.39

130976765,5
130976765,7765,1.31,0.65,9.56

130976781,5
130976781,7778,1.33,0.66,9.61

130976796,5
130976796,7791,1.45,0.73,9.94

130976812,5
130976812,7804,1.43,0.46,10.34

130976828,5
130976828,7817,0.64,0.51,9.49

130976828,5
130976828,7830,1.62,0.51,7.52

130976843,5
130976843,7843,1.57,0.52,9.17

130976859,5
130976859,7856,1.37,0.48,9.24

130976875,5
130976875,7869,1.38,0.48,9.35

130976890,5
130976890,7882,1.41,0.54,9.32

130976890,5
130976906,7895,1.36,0.49,9.37

130976906,5
130976906,7908,1.39,0.48,9.38

130976921,5
130976921,7921,1.38,0.48,9.35

130976937,5
130976937,7934,1.40,0.50,9.38

130976953,5
130976953,7947,1.40,0.52,9.35

130976968,5
130976968,7960,1.38,0.47,9.35

130976984,5
130976984,7973,1.44,0.51,9.27

130976984,5
130976984,7986,1.03,0.03,14.98

130977000,5
130977000,7999,1.68,1.08,10.37

130977015,5
130977015,8012,1.46,0.74,10.01

130977031,5
130977031,8025,1.30,0.67,9.55

130977046,5
130977046,8038,1.38,0.74,9.40

130977046,5
130977062,8051,1.33,0.64,9.51

130977062,5
130977062,8064,1.32,0.69,9.62

130977078,5
130977078,8077,1.42,0.73,9.86

130977093,5
130977093,8090,1.66,0.69,10.31

130977109,5
130977109,8103,-0.06,0.31,9.97

130977125,5
130977125,8116,1.72,0.33,7.42

130977140,5
130977140,8129,1.63,0.57,8.81

130977140,5
130977140,8142,1.41,0.49,9.17

130977156,5
130977156,8155,1.39,0.48,9.37

130977171,5
130977171,8168,1.42,0.52,9.25

130977187,5
130977187,8181,1.38,0.48,9.34

130977203,5
130977203,8194,1.40,0.51,9.38

130977218,5
130977218,8207,1.38,0.48,9.40

130977218,5
130977218,8220,1.33,0.47,9.42

130977234,5
130977234,8233,1.40,0.48,9.36

130977250,5
130977250,8246,1.36,0.46,9.34

130977265,5
130977265,8259,-0.26,-1.34,2.41

130977281,5
130977281,8272,1.66,1.07,11.62

130977281,5
130977296,8285,1.32,0.62,10.01

130977296,5
130977296,8298,1.39,0.78,9.62

130977312,5
130977312,8311,1.39,0.68,9.37

130977328,5
130977328,8324,1.36,0.67,9.39

130977343,5
130977343,8337,1.34,0.67,9.50

130977359,5
130977359,8350,1.32,0.67,9.56

130977359,5
130977375,8363,1.35,0.66,9.66

130977375,5
130977375,8376,1.44,0.70,10.01

130977390,5
130977390,8389,1.23,0.28,10.56

130977406,5
130977406,8402,0.89,1.07,8.57

130977421,5
130977421,8415,1.60,0.52,7.72

130977437,5
130977437,8428,1.54,0.51,9.32

130977437,5
130977437,8441,1.39,0.45,9.32

130977453,5
130977453,8454,1.40,0.48,9.30

130977468,5
130977468,8467,1.40,0.52,9.32

130977484,5
130977484,8480,1.37,0.49,9.36

130977500,5
130977500,8493,1.39,0.48,9.37

130977515,5
130977515,8506,1.36,0.45,9.40

130977515,5
130977515,8519,1.37,0.48,9.40

130977531,5
130977531,8532,1.35,0.48,9.37

130977546,5
130977546,8545,1.38,0.48,9.36

130977562,5
130977562,8558,1.40,0.48,9.33

130977578,5
130977578,8571,1.39,0.49,9.29

130977593,5
130977593,8584,-1.09,-1.42,-3.28

130977593,5
130977593,8597,2.13,1.46,11.82

130977609,5
130977609,8610,1.31,0.76,10.08

130977625,5
130977625,8623,1.28,0.82,9.88

130977640,5
130977640,8636,1.34,0.65,9.45

130977656,5
130977656,8649,1.34,0.67,9.51

130977671,5
130977671,8662,1.36,0.68,9.63

130977671,5
130977671,8675,1.38,0.62,10.00

130977687,5
130977687,8688,1.25,0.36,10.43

130977703,5
130977703,8701,1.51,1.58,9.33

130977718,5
130977718,8714,1.25,0.24,7.43

130977734,5
130977734,8727,1.47,0.48,9.25

130977750,5
130977750,8740,1.41,0.52,9.21

130977750,5
130977750,8753,1.42,0.51,9.26

130977765,5
130977765,8766,1.40,0.49,9.28

130977781,5
130977781,8779,1.39,0.50,9.34

130977796,5
130977796,8792,1.36,0.48,9.37

130977812,5
130977812,8805,1.34,0.49,9.42

130977828,5
130977828,8818,1.36,0.48,9.41

130977843,5
130977843,8831,1.36,0.48,9.39

130977843,5
130977843,8844,1.39,0.49,9.36

130977859,5
130977859,8857,1.37,0.49,9.34

130977875,5
130977875,8870,1.42,0.51,9.32

130977890,5
130977890,8883,1.41,0.51,9.30

130977906,5
130977906,8896,1.42,0.49,9.30

130977906,5
130977906,8909,0.10,-2.69,11.48

130977921,5
130977921,8922,1.57,1.34,11.51

130977937,5
130977937,8935,1.33,0.72,10.25

130977953,5
130977953,8948,1.27,0.73,9.64

130977968,5
130977968,8961,1.41,0.71,9.42

130977984,5
130977984,8974,1.33,0.67,9.47

130977984,5
130977984,8987,1.40,0.76,9.63

130978000,5
130978000,9000,1.43,0.81,9.89

130978015,5
130978015,9013,1.44,0.71,10.29

130978031,5
130978031,9026,0.74,-0.31,9.63

130978046,5
130978046,9039,1.53,0.69,7.64

130978062,5
130978062,9052,1.60,0.62,8.85

130978062,5
130978062,9065,1.38,0.52,9.24

130978078,5
130978078,9078,1.41,0.51,9.38

130978093,5
130978093,9091,1.39,0.49,9.28

130978109,5
130978109,9104,1.39,0.50,9.36

130978125,5
130978125,9117,1.37,0.51,9.39

130978140,5
130978140,9130,1.36,0.49,9.40

130978140,5
130978140,9143,1.36,0.48,9.41

130978156,5
130978156,9156,1.40,0.48,9.32

130978171,5
130978171,9169,1.40,0.49,9.36

130978187,5
130978187,9182,1.38,0.47,9.35

130978203,5
130978203,9195,1.42,0.51,9.31

130978218,5
130978218,9208,0.65,-2.00,16.06

130978218,5
130978218,9221,1.87,1.58,11.08

130978234,5
130978234,9234,1.46,0.78,10.11

130978250,5
130978250,9247,1.34,0.76,9.62

130978265,5
130978265,9260,1.40,0.72,9.39

130978281,5
130978281,9273,1.36,0.67,9.51

130978296,5
130978296,9286,1.37,0.70,9.63

130978296,5
130978296,9299,1.42,0.74,9.76

130978312,5
130978312,9312,1.50,0.74,10.36

130978328,5
130978328,9325,0.82,0.46,10.22

130978343,5
130978343,9338,1.34,0.19,7.33

130978359,5
130978359,9351,1.54,0.47,8.86

130978375,5
130978375,9364,1.42,0.51,9.15

130978375,5
130978375,9377,1.40,0.52,9.38

130978390,5
130978390,9390,1.38,0.52,9.29

130978406,5
130978406,9403,1.39,0.49,9.34

130978421,5
130978421,9416,1.36,0.51,9.38

130978437,5
130978437,9429,1.35,0.50,9.39

130978453,5
130978453,9442,1.34,0.48,9.40

130978453,5
130978453,9455,1.38,0.50,9.37

130978468,5
130978468,9468,1.36,0.47,9.33

130978484,5
130978484,9481,0.05,-2.27,11.87

130978500,5
130978500,9494,1.51,1.30,11.37

130978515,5
130978515,9507,1.36,0.73,10.09

130978531,5
130978531,9520,1.35,0.74,9.48

130978531,5
130978531,9533,1.40,0.73,9.35

130978546,5
130978546,9546,1.34,0.65,9.43

130978562,5
130978562,9559,1.32,0.66,9.59

130978578,5
130978578,9572,1.36,0.74,9.73

130978593,5
130978593,9585,1.44,0.84,10.00

130978609,5
130978609,9598,1.43,0.49,10.53

130978609,5
130978609,9611,0.90,-0.02,8.35

130978625,5
130978625,9624,1.48,0.69,7.97

130978640,5
130978640,9637,1.49,0.59,9.33

130978656,5
130978656,9650,1.39,0.50,9.29

130978671,5
130978671,9663,1.43,0.51,9.24

130978687,5
130978687,9676,1.37,0.54,9.29

130978687,5
130978687,9689,1.39,0.47,9.34

130978703,5
130978703,9702,1.35,0.53,9.33

130978718,5
130978718,9715,1.36,0.49,9.42

130978734,5
130978734,9728,1.36,0.47,9.40

130978750,5
130978750,9741,1.36,0.50,9.40

130978750,5
130978765,9754,1.39,0.01,-5.40

130978765,5
130978765,9767,1.92,1.44,11.57

130978781,5
130978781,9780,1.40,0.81,10.05

130978796,5
130978796,9793,1.37,0.87,9.81

130978812,5
130978812,9806,1.33,0.66,9.49

130978828,5
130978828,9819,1.33,0.67,9.39

130978828,5
130978843,9832,1.35,0.69,9.46

130978843,5
130978843,9845,1.28,0.69,9.60

130978859,5
130978859,9858,1.33,0.73,9.87

130978875,5
130978875,9871,1.38,0.71,10.27

130978890,5
130978890,9884,1.17,0.37,10.12

130978906,5
130978906,9897,1.15,0.22,7.41

130978906,5
130978906,9910,1.49,0.47,9.08

130978921,5
130978921,9923,1.39,0.50,9.17

130978937,5
130978937,9936,1.41,0.52,9.28

130978953,5
130978953,9949,1.43,0.51,9.23

130978968,5
130978968,9962,1.39,0.50,9.30

130978984,5
130978984,9975,1.38,0.47,9.33

130978984,5
130978984,9988,1.36,0.47,9.36

130979000,6
130979000,0001,1.35,0.47,9.40

130979015,6
130979015,0014,1.36,0.48,9.40

130979031,6
130979031,0027,1.36,0.46,9.37

130979046,6
130979046,0040,1.42,0.51,9.35

130979062,6
130979062,0053,0.72,-2.36,15.94

130979078,6
130979078,0066,1.71,1.42,11.26

130979078,6
130979078,0079,1.43,0.72,10.13

130979093,6
130979093,0092,1.29,0.72,9.48

130979109,6
130979109,0105,1.39,0.71,9.36

130979125,6
130979125,0118,1.32,0.65,9.46

130979140,6
130979140,0131,1.31,0.70,9.65

130979140,6
130979156,0144,1.34,0.72,9.78

130979156,6
130979156,0157,1.36,0.74,10.12

130979171,6
130979171,0170,1.24,0.31,10.34

130979187,6
130979187,0183,1.36,0.73,8.13

130979203,6
130979203,0196,1.37,0.41,8.16

130979218,6
130979218,0209,1.44,0.54,9.25

130979218,6
130979218,0222,1.39,0.52,9.30

130979234,6
130979234,0235,1.40,0.51,9.22

130979250,6
130979250,0248,1.39,0.51,9.30

130979265,6
130979265,0261,1.38,0.51,9.33

130979281,6
130979281,0274,1.37,0.49,9.35

130979296,6
130979296,0287,1.34,0.48,9.40

130979296,6
130979296,0300,1.35,0.49,9.39

130979312,6
130979312,0313,2.03,1.28,6.90

130979328,6
130979328,0326,1.32,0.29,13.31

130979343,6
130979343,0339,1.79,1.22,10.07

130979359,6
130979359,0352,1.56,0.85,9.93

130979375,6
130979375,0365,1.37,0.76,9.64

130979375,6
130979375,0378,1.42,0.73,9.35

130979390,6
130979390,0391,1.43,0.77,9.53

130979406,6
130979406,0404,1.36,0.78,9.76

130979421,6
130979421,0417,1.54,0.94,10.12

130979437,6
130979437,0430,1.15,-0.09,10.28

130979453,6
130979453,0443,1.18,0.44,7.55

130979453,6
130979468,0456,1.53,0.51,8.95

130979468,6
130979468,0469,1.38,0.50,9.25

130979484,6
130979484,0482,1.39,0.51,9.41

130979500,6
130979500,0495,1.43,0.54,9.26

130979515,6
130979515,0508,1.40,0.49,9.24

130979531,6
130979531,0521,1.37,0.51,9.33

130979531,6
130979546,0534,1.40,0.51,9.38

130979546,6
130979546,0547,1.36,0.50,9.39

130979562,6
130979562,0560,1.39,0.49,9.41

130979578,6
130979578,0573,1.35,0.47,9.41

130979593,6
130979593,0586,1.35,0.49,9.40

130979609,6
130979609,0599,1.38,0.48,9.39

130979609,6
130979609,0612,1.36,0.49,9.32

130979625,6
130979625,0625,2.47,1.56,5.75

130979640,6
130979640,0638,1.28,0.28,13.11

130979656,6
130979656,0651,1.74,1.12,10.06

130979671,6
130979671,0664,1.49,0.82,9.93

130979687,6
130979687,0677,1.32,0.68,9.54

130979687,6
130979687,0690,1.37,0.73,9.32

130979703,6
130979703,0703,1.36,0.74,9.54

130979718,6
130979718,0716,1.33,0.77,9.75

130979734,6
130979734,0729,1.38,0.99,9.96

130979750,6
130979750,0742,1.16,0.13,10.43

130979765,6
130979765,0755,1.37,-0.03,8.50

130979765,6
130979765,0768,1.43,0.80,7.91

130979781,6
130979781,0781,1.48,0.59,9.24

130979796,6
130979796,0794,1.41,0.52,9.30

130979812,6
130979812,0807,1.42,0.50,9.31

130979828,6
130979828,0820,1.39,0.49,9.31

130979843,6
130979843,0833,1.38,0.50,9.38

130979843,6
130979843,0846,1.38,0.52,9.43

130979859,6
130979859,0859,1.36,0.47,9.43

130979875,6
130979875,0872,1.36,0.46,9.41

130979890,6
130979890,0885,1.37,0.49,9.37

130979906,6
130979906,0898,1.38,0.49,9.36

130979921,6
130979921,0911,1.39,0.49,9.33

130979921,6
130979921,0924,-1.25,-1.85,-1.78

130979937,6
130979937,0937,2.32,1.74,11.47

130979953,6
130979953,0950,1.44,0.88,10.09

130979968,6
130979968,0963,1.32,0.85,9.90

130979984,6
130979984,0976,1.33,0.65,9.45

130980000,6
130980000,0989,1.36,0.70,9.43

130980000,6
130980000,1002,1.40,0.75,9.58

130980015,6
130980015,1015,1.48,0.81,9.87

130980031,6
130980031,1028,1.82,0.88,10.03

130980046,6
130980046,1041,0.89,-0.09,10.00

130980062,6
130980062,1054,1.23,0.47,8.85

130980078,6
130980078,1067,1.56,0.62,8.10

130980078,6
130980078,1080,1.51,0.60,9.15

130980093,6
130980093,1093,1.38,0.51,9.22

130980109,6
130980109,1106,1.42,0.53,9.27

130980125,6
130980125,1119,1.39,0.51,9.29

130980140,6
130980140,1132,1.36,0.50,9.33

130980156,6
130980156,1145,1.38,0.50,9.37

130980156,6
130980156,1158,1.35,0.48,9.42

130980171,6
130980171,1171,1.36,0.49,9.40

130980187,6
130980187,1184,1.34,0.49,9.36

130980203,6
130980203,1197,1.38,0.50,9.33

130980218,6
130980218,1210,1.40,0.50,9.32

130980234,6
130980234,1223,2.18,1.67,4.41

130980234,6
130980234,1236,1.13,-0.08,12.62

130980250,6
130980250,1249,2.00,1.37,10.07

130980265,6
130980265,1262,1.54,0.83,9.84

130980281,6
130980281,1275,1.29,0.72,9.60

130980296,6
130980296,1288,1.36,0.72,9.34

130980312,6
130980312,1301,1.29,0.71,9.46

130980312,6
130980312,1314,1.32,0.70,9.62

130980328,6
130980328,1327,1.34,0.74,9.67

130980343,6
130980343,1340,1.35,0.68,9.95

130980359,6
130980359,1353,1.30,0.35,10.00

130980375,6
130980375,1366,1.68,1.22,8.77

130980390,6
130980390,1379,1.29,0.40,7.86

130980390,6
130980390,1392,1.40,0.49,9.26

130980406,6
130980406,1405,1.44,0.53,9.24

130980421,6
130980421,1418,1.39,0.50,9.28

130980437,6
130980437,1431,1.37,0.54,9.33

130980453,6
130980453,1444,1.37,0.50,9.34

130980468,6
130980468,1457,1.35,0.46,9.40

130980468,6
130980468,1470,1.36,0.49,9.41

130980484,6
130980484,1483,1.37,0.49,9.38

130980500,6
130980500,1496,1.40,0.51,9.36

130980515,6
130980515,1509,1.38,0.49,9.33

130980531,6
130980531,1522,1.42,0.49,9.32

130980531,6
130980546,1535,2.07,2.14,-1.67

130980546,6
130980546,1548,1.99,0.83,11.74

130980562,6
130980562,1561,1.49,0.85,10.00

130980578,6
130980578,1574,1.41,0.81,9.93

130980593,6
130980593,1587,1.29,0.63,9.52

130980609,6
130980609,1600,1.33,0.68,9.42

130980609,6
130980625,1613,1.34,0.72,9.51

130980625,6
130980625,1626,1.34,0.76,9.61

130980640,6
130980640,1639,1.49,0.91,9.78

130980656,6
130980656,1652,1.36,0.91,9.71

130980671,6
130980671,1665,1.09,0.28,9.94

130980687,6
130980687,1678,1.25,-0.72,9.09

130980687,6
130980703,1691,1.45,1.21,7.99

130980703,6
130980703,1704,1.49,0.65,9.12

130980718,6
130980718,1717,1.37,0.51,9.32

130980734,6
130980734,1730,1.42,0.53,9.36

130980750,6
130980750,1743,1.36,0.50,9.33

130980765,6
130980765,1756,1.36,0.49,9.38

130980765,6
130980765,1769,1.35,0.51,9.38

130980781,6
130980781,1782,1.35,0.47,9.39

130980796,6
130980796,1795,1.36,0.51,9.38

130980812,6
130980812,1808,1.39,0.50,9.37

130980828,6
130980828,1821,1.38,0.51,9.34

130980843,6
130980843,1834,1.38,0.52,9.30

130980843,6
130980859,1847,2.75,2.23,2.33

130980859,6
130980859,1860,1.75,0.60,12.51

130980875,6
130980875,1873,1.64,0.99,10.03

130980890,6
130980890,1886,1.46,0.81,9.93

130980906,6
130980906,1899,1.25,0.60,9.48

130980921,6
130980921,1912,1.33,0.71,9.46

130980921,6
130980921,1925,1.34,0.69,9.63

130980937,6
130980937,1938,1.39,0.72,9.72

130980953,6
130980953,1951,1.50,0.88,10.02

130980968,6
130980968,1964,1.50,0.74,10.09

130980984,6
130980984,1977,0.61,-0.15,9.55

130981000,6
130981000,1990,1.62,0.55,7.93

130981000,6
130981000,2003,1.52,0.69,8.74

130981015,6
130981015,2016,1.42,0.51,9.29

130981031,6
130981031,2029,1.38,0.52,9.34

130981046,6
130981046,2042,1.40,0.51,9.31

130981062,6
130981062,2055,1.34,0.48,9.33

130981078,6
130981078,2068,1.36,0.51,9.41

130981078,6
130981078,2081,1.35,0.50,9.42

130981093,6
130981093,2094,1.35,0.48,9.38

130981109,6
130981109,2107,1.38,0.51,9.35

130981125,6
130981125,2120,1.37,0.51,9.36

130981140,6
130981140,2133,1.40,0.50,9.33

130981156,6
130981156,2146,1.39,0.52,9.32

130981156,6
130981156,2159,1.91,1.02,7.98

130981171,6
130981171,2172,1.10,0.13,13.62

130981187,6
130981187,2185,1.74,1.28,10.12

130981203,6
130981203,2198,1.52,0.85,9.93

130981218,6
130981218,2211,1.27,0.69,9.58

130981234,6
130981234,2224,1.39,0.74,9.41

130981234,6
130981234,2237,1.33,0.71,9.48

130981250,6
130981250,2250,1.29,0.69,9.57

130981265,6
130981265,2263,1.36,0.79,9.75

130981281,6
130981281,2276,1.47,0.95,10.18

130981296,6
130981296,2289,1.17,-0.06,10.27

130981312,6
130981312,2302,1.27,0.31,7.72

130981312,6
130981312,2315,1.47,0.66,8.35

130981328,6
130981328,2328,1.43,0.54,9.26

130981343,6
130981343,2341,1.40,0.52,9.41

130981359,6
130981359,2354,1.40,0.51,9.29

130981375,6
130981375,2367,1.38,0.50,9.33

130981390,6
130981390,2380,1.35,0.51,9.36

130981390,6
130981390,2393,1.38,0.50,9.41

130981406,6
130981406,2406,1.36,0.49,9.43

130981421,6
130981421,2419,1.37,0.50,9.38

130981437,6
130981437,2432,1.40,0.50,9.38

130981453,6
130981453,2445,1.39,0.52,9.37

130981468,6
130981468,2458,-0.00,-0.11,-9.99

130981468,6
130981468,2471,2.79,2.29,12.19

130981484,6
130981484,2484,1.41,0.82,10.11

130981500,6
130981500,2497,1.35,0.85,9.86

130981515,6
130981515,2510,1.34,0.61,9.43

130981531,6
130981531,2523,1.28,0.68,9.44

130981546,6
130981546,2536,1.30,0.71,9.59

130981546,6
130981546,2549,1.30,0.68,9.61

130981562,6
130981562,2562,1.32,0.75,9.86

130981578,6
130981578,2575,1.38,0.80,10.30

130981593,6
130981593,2588,1.07,0.10,10.21

130981609,6
130981609,2601,1.15,0.31,7.42

130981625,6
130981625,2614,1.43,0.51,8.85

130981625,6
130981625,2627,1.38,0.50,9.15

130981640,6
130981640,2640,1.40,0.50,9.36

130981656,6
130981656,2653,1.40,0.51,9.29

130981671,6
130981671,2666,1.36,0.52,9.35

130981687,6
130981687,2679,1.36,0.49,9.37

130981703,6
130981703,2692,1.35,0.49,9.39

130981703,6
130981703,2705,1.33,0.50,9.41

130981718,6
130981718,2718,1.38,0.51,9.36

130981734,6
130981734,2731,1.36,0.49,9.35

130981750,6
130981750,2744,1.38,0.50,9.35

130981765,6
130981765,2757,1.58,0.66,8.96

130981781,6
130981781,2770,1.18,0.38,14.34

130981781,6
130981781,2783,1.74,1.30,10.09

130981796,6
130981796,2796,1.52,0.83,9.98

130981812,6
130981812,2809,1.28,0.63,9.45

130981828,6
130981828,2822,1.37,0.73,9.34

130981843,6
130981843,2835,1.31,0.66,9.46

130981859,6
130981859,2848,1.24,0.67,9.61

130981859,6
130981859,2861,1.32,0.73,9.63

130981875,6
130981875,2874,1.36,0.84,9.99

130981890,6
130981890,2887,1.37,0.77,10.33

130981906,6
130981906,2900,1.35,0.15,9.77

130981921,6
130981921,2913,1.07,0.34,7.42

130981921,6
130981937,2926,1.49,0.56,9.08

130981937,6
130981937,2939,1.37,0.53,9.18

130981953,6
130981953,2952,1.40,0.50,9.31

130981968,6
130981968,2965,1.38,0.55,9.28

130981984,6
130981984,2978,1.38,0.52,9.34

130982000,6
130982000,2991,1.35,0.50,9.40

130982000,6
130982015,3004,1.34,0.48,9.43

130982015,6
130982015,3017,1.35,0.51,9.39

130982031,6
130982031,3030,1.36,0.51,9.39

130982046,6
130982046,3043,1.37,0.49,9.36

130982062,6
130982062,3056,1.39,0.50,9.35

130982078,6
130982078,3069,1.39,0.52,9.31

130982093,6
130982093,3082,-2.32,-2.49,-7.11

130982093,6
130982093,3095,2.60,2.13,11.88

130982109,6
130982109,3108,1.36,0.81,10.12

130982125,6
130982125,3121,1.29,0.86,9.85

130982140,6
130982140,3134,1.30,0.63,9.51

130982156,6
130982156,3147,1.26,0.65,9.44

130982156,6
130982171,3160,1.31,0.72,9.50

130982171,6
130982171,3173,1.30,0.69,9.62

130982187,6
130982187,3186,1.31,0.72,9.72

130982203,6
130982203,3199,1.43,0.89,10.03

130982218,6
130982218,3212,1.30,0.43,10.35

130982234,6
130982234,3225,1.20,-0.20,8.48

130982234,6
130982250,3238,1.35,0.82,7.84

130982250,6
130982250,3251,1.49,0.59,9.23

130982265,6
130982265,3264,1.37,0.51,9.30

130982281,6
130982281,3277,1.38,0.52,9.34

130982296,6
130982296,3290,1.38,0.51,9.35

130982312,6
130982312,3303,1.37,0.50,9.38

130982312,6
130982328,3316,1.35,0.50,9.39

130982328,6
130982328,3329,1.34,0.48,9.40

130982343,6
130982343,3342,1.34,0.50,9.36

130982359,6
130982359,3355,1.38,0.53,9.36

130982375,6
130982375,3368,0.01,-1.10,-2.49

130982390,6
130982390,3381,1.82,1.35,11.06

130982390,6
130982390,3394,1.44,1.03,10.16

130982406,6
130982406,3407,1.29,0.86,9.94

130982421,6
130982421,3420,1.30,0.68,9.58

130982437,6
130982437,3433,1.31,0.69,9.43

130982453,6
130982453,3446,1.38,0.79,9.60

130982468,6
130982468,3459,1.36,0.87,9.89

130982468,6
130982468,3472,1.44,1.26,10.33

130982484,6
130982484,3485,0.84,-0.85,9.96

130982500,6
130982500,3498,1.28,0.61,7.47

130982515,6
130982515,3511,1.51,0.63,9.10

130982531,6
130982531,3524,1.36,0.51,9.18

130982546,6
130982546,3537,1.41,0.53,9.31

130982546,6
130982546,3550,1.44,0.53,9.21

130982562,6
130982562,3563,1.38,0.49,9.26

130982578,6
130982578,3576,1.37,0.52,9.32

130982593,6
130982593,3589,1.34,0.51,9.39

130982609,6
130982609,3602,1.32,0.47,9.39

130982625,6
130982625,3615,1.37,0.49,9.38

130982625,6
130982625,3628,1.35,0.52,9.37

130982640,6
130982640,3641,1.36,0.48,9.37

130982656,6
130982656,3654,1.38,0.51,9.36

130982671,6
130982671,3667,-0.88,-2.87,5.32

130982687,6
130982687,3680,2.10,2.13,11.46

130982703,6
130982703,3693,1.38,0.87,10.13

130982703,6
130982703,3706,1.26,0.85,9.78

130982718,6
130982718,3719,1.33,0.69,9.40

130982734,6
130982734,3732,1.31,0.67,9.48

130982750,6
130982750,3745,1.40,0.81,9.65

130982765,6
130982765,3758,1.48,1.07,10.05

130982781,6
130982781,3771,1.51,0.99,10.46

130982781,6
130982781,3784,0.38,-0.96,9.16

130982796,6
130982796,3797,1.40,0.70,7.72

130982812,6
130982812,3810,1.50,0.64,9.31

130982828,6
130982828,3823,1.36,0.54,9.19

130982843,6
130982843,3836,1.39,0.54,9.28

130982859,6
130982859,3849,1.41,0.55,9.21

130982859,6
130982859,3862,1.37,0.47,9.32

130982875,6
130982875,3875,1.39,0.53,9.34

130982890,6
130982890,3888,1.34,0.53,9.39

130982906,6
130982906,3901,1.32,0.49,9.44

130982921,6
130982921,3914,1.37,0.49,9.41

130982937,6
130982937,3927,1.33,0.50,9.40

130982937,6
130982937,3940,1.39,0.52,9.39

130982953,6
130982953,3953,-0.43,-2.17,3.95

130982968,6
130982968,3966,1.81,1.62,11.29

130982984,6
130982984,3979,1.56,1.35,10.06

130983000,6
130983000,3992,1.31,0.95,9.87

130983015,6
130983015,4005,1.34,0.74,9.47

130983015,6
130983015,4018,1.42,0.79,9.60

130983031,6
130983031,4031,1.48,0.91,10.06

130983046,6
130983046,4044,1.18,0.35,10.63

130983062,6
130983062,4057,1.24,0.54,8.05

130983078,6
130983078,4070,1.32,0.25,8.25

130983093,6
130983093,4083,1.43,0.45,9.36

130983093,6
130983093,4096,1.37,0.51,9.35

130983109,6
130983109,4109,1.39,0.54,9.21

130983125,6
130983125,4122,1.41,0.52,9.24

130983140,6
130983140,4135,1.39,0.47,9.26

130983156,6
130983156,4148,1.40,0.49,9.34

130983171,6
130983171,4161,1.36,0.50,9.37

130983171,6
130983171,4174,1.36,0.52,9.41

130983187,6
130983187,4187,1.35,0.48,9.41

130983203,6
130983203,4200,1.35,0.47,9.44

130983218,6
130983218,4213,1.36,0.49,9.40

130983234,6
130983234,4226,1.35,0.51,9.37

130983250,6
130983250,4239,1.38,0.50,9.39

130983250,6
130983250,4252,1.37,0.48,9.33

130983265,6
130983265,4265,1.42,0.50,9.26

130983281,6
130983281,4278,0.84,-0.39,15.27

130983296,6
130983296,4291,1.81,1.45,10.50

130983312,6
130983312,4304,1.44,0.75,10.07

130983328,6
130983328,4317,1.24,0.67,9.60

130983328,6
130983343,4330,1.35,0.74,9.35

130983343,6
130983343,4343,1.36,0.78,9.62

130983359,6
130983359,4356,1.38,0.82,9.80

130983375,6
130983375,4369,1.51,0.90,10.10

130983390,6
130983390,4382,0.95,-0.26,10.57

130983406,6
130983406,4395,1.28,0.40,7.85

130983406,6
130983406,4408,1.52,0.62,8.30

130983421,6
130983421,4421,1.43,0.57,9.20

130983437,6
130983437,4434,1.37,0.52,9.30

130983453,6
130983453,4447,1.43,0.53,9.28

130983468,6
130983468,4460,1.40,0.49,9.29

130983468,6
130983484,4473,1.36,0.53,9.36

130983484,6
130983484,4486,1.34,0.54,9.39

130983500,6
130983500,4499,1.32,0.50,9.41

130983515,6
130983515,4512,1.33,0.48,9.39

130983531,6
130983531,4525,1.37,0.50,9.34

130983546,6
130983546,4538,1.36,0.51,9.36

130983546,6
130983562,4551,1.40,0.49,9.34

130983562,6
130983562,4564,1.76,0.92,8.26

130983578,6
130983578,4577,0.49,-0.79,13.71

130983593,6
130983593,4590,1.97,1.50,10.22

130983609,6
130983609,4603,1.50,0.86,10.04

130983625,6
130983625,4616,1.26,0.70,9.61

130983625,6
130983640,4629,1.35,0.74,9.35

130983640,6
130983640,4642,1.41,0.82,9.57

130983656,6
130983656,4655,1.51,1.10,9.82

130983671,6
130983671,4668,2.20,2.00,10.34

130983687,6
130983687,4681,2.02,1.08,10.70

130983703,6
130983703,4694,0.28,-1.15,7.66

130983718,6
130983718,4707,1.59,0.75,8.11

130983718,6
130983718,4720,1.54,0.73,9.28

130983734,6
130983734,4733,1.33,0.54,9.32

130983750,6
130983750,4746,1.43,0.57,9.24

130983765,6
130983765,4759,1.43,0.53,9.30

130983781,6
130983781,4772,1.34,0.49,9.36

130983796,6
130983796,4785,1.37,0.55,9.38

130983796,6
130983796,4798,1.32,0.49,9.42

130983812,6
130983812,4811,1.37,0.49,9.42

130983828,6
130983828,4824,1.36,0.49,9.39

130983843,6
130983843,4837,1.35,0.49,9.40

130983859,6
130983859,4850,1.36,0.53,9.39

130983875,6
130983875,4863,1.38,0.52,9.34

130983875,6
130983875,4876,-2.04,-1.77,-4.71

130983890,6
130983890,4889,2.83,2.39,11.82

130983906,6
130983906,4902,1.54,1.11,10.23

130983921,6
130983921,4915,1.29,0.89,9.99

130983937,6
130983937,4928,1.30,0.68,9.48

130983937,6
130983937,4941,1.36,0.77,9.43

130983953,6
130983953,4954,1.53,1.01,9.71

130983968,6
130983968,4967,1.59,1.38,10.09

130983984,6
130983984,4980,1.22,0.14,10.45

130984000,6
130984000,4993,0.57,-1.36,9.08

130984015,6
130984015,5006,1.41,1.08,7.35

130984015,6
130984031,5019,1.59,0.82,9.31

130984031,6
130984031,5032,1.27,0.56,9.15

130984046,6
130984046,5045,1.42,0.59,9.31

130984062,6
130984062,5058,1.42,0.52,9.23

130984078,6
130984078,5071,1.36,0.48,9.30

130984093,6
130984093,5084,1.38,0.56,9.36

130984093,6
130984109,5097,1.31,0.52,9.43

130984109,6
130984109,5110,1.32,0.49,9.42

130984125,6
130984125,5123,1.34,0.50,9.41

130984140,6
130984140,5136,1.35,0.53,9.41

130984156,6
130984156,5149,1.33,0.53,9.37

130984171,6
130984171,5162,1.38,0.53,9.34

130984171,6
130984171,5175,1.40,0.51,9.30

130984187,6
130984187,5188,1.06,-0.67,15.79

130984203,6
130984203,5201,1.61,1.39,10.66

130984218,6
130984218,5214,1.41,0.79,10.17

130984234,6
130984234,5227,1.25,0.77,9.83

130984250,6
130984250,5240,1.38,0.72,9.53

130984250,6
130984250,5253,1.61,0.93,9.77

130984265,6
130984265,5266,2.73,1.81,10.10

130984281,6
130984281,5279,0.14,-0.45,10.08

130984296,6
130984296,5292,0.96,0.08,9.38

130984312,6
130984312,5305,1.67,0.86,7.40

130984328,6
130984328,5318,1.47,0.64,9.38

130984328,6
130984328,5331,1.36,0.57,9.14

130984343,6
130984343,5344,1.44,0.63,9.20

130984359,6
130984359,5357,1.37,0.55,9.23

130984375,6
130984375,5370,1.41,0.51,9.28

130984390,6
130984390,5383,1.36,0.56,9.35

130984406,6
130984406,5396,1.33,0.54,9.41

130984406,6
130984406,5409,1.32,0.52,9.45

130984421,6
130984421,5422,1.34,0.51,9.40

130984437,6
130984437,5435,1.34,0.53,9.40

130984453,6
130984453,5448,1.35,0.53,9.37

130984468,6
130984468,5461,1.37,0.55,9.35

130984484,6
130984484,5474,-0.08,-1.26,7.64

130984484,6
130984484,5487,2.18,1.64,11.39

130984500,6
130984500,5500,1.41,0.90,10.18

130984515,6
130984515,5513,1.28,0.82,9.86

130984531,6
130984531,5526,1.34,0.68,9.48

130984546,6
130984546,5539,1.42,0.84,9.55

130984562,6
130984562,5552,1.55,0.98,9.93

130984562,6
130984562,5565,1.54,1.02,10.52

130984578,6
130984578,5578,-0.06,-0.98,9.87

130984593,6
130984593,5591,1.47,0.91,7.32

130984609,6
130984609,5604,1.57,0.71,9.33

130984625,6
130984625,5617,1.29,0.55,9.15

130984640,6
130984640,5630,1.41,0.60,9.32

130984640,6
130984640,5643,1.44,0.58,9.19

130984656,6
130984656,5656,1.39,0.51,9.23

130984671,6
130984671,5669,1.41,0.56,9.33

130984687,6
130984687,5682,1.36,0.56,9.40

130984703,6
130984703,5695,1.32,0.54,9.39

130984718,6
130984718,5708,1.34,0.52,9.40

130984718,6
130984718,5721,1.35,0.50,9.40

130984734,6
130984734,5734,1.34,0.51,9.42

130984750,6
130984750,5747,1.38,0.52,9.41

130984765,6
130984765,5760,1.37,0.51,9.35

130984781,6
130984781,5773,1.43,0.53,9.32

130984796,6
130984796,5786,-0.99,-0.90,-6.11

130984796,6
130984796,5799,2.28,1.76,11.61

130984812,6
130984812,5812,1.35,0.85,10.14

130984828,6
130984828,5825,1.28,0.86,9.96

130984843,6
130984843,5838,1.28,0.68,9.60

130984859,6
130984859,5851,1.34,0.76,9.58

130984875,6
130984875,5864,1.53,0.91,9.79

130984875,6
130984875,5877,1.79,1.31,10.36

130984890,6
130984890,5890,0.34,-0.87,10.64

130984906,6
130984906,5903,1.38,0.27,7.82

130984921,6
130984921,5916,1.56,1.01,7.89

130984937,6
130984937,5929,1.50,0.67,9.34

130984953,6
130984953,5942,1.34,0.55,9.35

130984953,6
130984953,5955,1.47,0.58,9.20

130984968,6
130984968,5968,1.39,0.54,9.29

130984984,6
130984984,5981,1.38,0.52,9.35

130985000,6
130985000,5994,1.36,0.58,9.36

130985015,6
130985015,6007,1.33,0.52,9.41

130985015,6
130985031,6020,1.34,0.51,9.40

130985031,6
130985031,6033,1.35,0.52,9.36

130985046,6
130985046,6046,1.34,0.54,9.37

130985062,6
130985062,6059,1.35,0.55,9.34

130985078,6
130985078,6072,1.52,0.67,9.05

130985093,6
130985093,6085,0.48,-1.03,14.59

130985109,6
130985109,6098,2.01,1.56,10.30

130985109,6
130985109,6111,1.52,0.86,10.04

130985125,6
130985125,6124,1.27,0.67,9.54

130985140,6
130985140,6137,1.34,0.71,9.34

130985156,6
130985156,6150,1.29,0.72,9.52

130985171,6
130985171,6163,1.30,0.79,9.68

130985187,6
130985187,6176,1.52,0.97,9.82

130985187,6
130985187,6189,1.74,1.37,10.31

130985203,6
130985203,6202,1.50,0.06,10.42

130985218,6
130985218,6215,1.07,-0.35,7.86

130985234,6
130985234,6228,1.47,1.20,7.92

130985250,6
130985250,6241,1.48,0.76,9.29

130985250,6
130985250,6254,1.32,0.56,9.27

130985265,6
130985265,6267,1.44,0.59,9.23

130985281,6
130985281,6280,1.41,0.56,9.27

130985296,6
130985296,6293,1.34,0.52,9.35

130985312,6
130985312,6306,1.36,0.58,9.42

130985328,6
130985328,6319,1.30,0.49,9.44

130985328,6
130985343,6332,1.35,0.54,9.44

130985343,6
130985343,6345,1.35,0.55,9.38

130985359,6
130985359,6358,1.36,0.54,9.38

130985375,6
130985375,6371,1.38,0.54,9.36

130985390,6
130985390,6384,-1.32,-1.70,1.49

130985406,6
130985406,6397,2.38,2.03,11.50

130985421,6
130985421,6410,1.45,0.96,10.17

130985421,6
130985421,6423,1.33,0.90,9.91

130985437,6
130985437,6436,1.30,0.68,9.49

130985453,6
130985453,6449,1.31,0.71,9.41

130985468,6
130985468,6462,1.31,0.75,9.58

130985484,6
130985484,6475,1.43,0.82,9.70

130985500,6
130985500,6488,1.66,1.10,10.03

130985500,6
130985500,6501,1.63,0.89,10.22

130985515,6
130985515,6514,-0.74,-1.50,9.78

130985531,6
130985531,6527,1.70,0.74,7.60

130985546,6
130985546,6540,1.60,0.95,8.84

130985562,6
130985562,6553,1.36,0.59,9.13

130985562,6
130985562,6566,1.41,0.59,9.35

130985578,6
130985578,6579,1.42,0.60,9.25

130985593,6
130985593,6592,1.37,0.51,9.34

130985609,6
130985609,6605,1.36,0.57,9.39

130985625,6
130985625,6618,1.36,0.54,9.42

130985640,6
130985640,6631,1.31,0.50,9.42

130985640,6
130985656,6644,1.36,0.52,9.40

130985656,6
130985656,6657,1.37,0.53,9.37

130985671,6
130985671,6670,1.38,0.54,9.35

130985687,6
130985687,6683,1.40,0.56,9.33

130985703,6
130985703,6696,1.38,0.54,9.26

130985718,6
130985718,6709,1.42,0.55,9.30

130985718,6
130985718,6722,0.85,-2.19,15.43

130985734,6
130985734,6735,2.19,2.00,11.24

130985750,6
130985750,6748,1.51,0.89,10.19

130985765,6
130985765,6761,1.28,0.81,9.80

130985781,6
130985781,6774,1.36,0.70,9.42

130985796,6
130985796,6787,1.33,0.67,9.51

130985796,6
130985812,6800,1.35,0.74,9.60

130985812,6
130985812,6813,1.43,0.82,9.67

130985828,6
130985828,6826,1.62,1.05,10.01

130985843,6
130985843,6839,1.15,0.23,10.15

130985859,6
130985859,6852,0.30,-0.40,9.24

130985875,6
130985875,6865,1.56,0.98,7.58

130985875,6
130985890,6878,1.52,0.75,9.17

130985890,6
130985890,6891,1.33,0.54,9.27

130985906,6
130985906,6904,1.39,0.52,9.37

130985921,6
130985921,6917,1.40,0.55,9.31

130985937,6
130985937,6930,1.33,0.50,9.35

130985953,6
130985953,6943,1.36,0.56,9.39

130985953,6
130985953,6956,1.33,0.52,9.40

130985968,6
130985968,6969,1.37,0.53,9.33

130985984,6
130985984,6982,1.37,0.55,9.33

130986000,6
130986000,6995,1.39,0.54,9.34

130986015,6
130986015,7008,1.39,0.55,9.31

130986031,6
130986031,7021,1.38,0.54,9.28

130986031,6
130986031,7034,1.39,0.55,9.29

130986046,6
130986046,7047,1.36,0.54,9.32

130986062,6
130986062,7060,1.36,0.54,9.33

130986078,6
130986078,7073,2.20,1.80,5.59

130986093,6
130986093,7086,1.55,-0.23,13.22

130986109,6
130986109,7099,1.72,1.24,10.26

130986109,6
130986109,7112,1.46,0.88,10.20

130986125,6
130986125,7125,1.26,0.69,9.68

130986140,6
130986140,7138,1.37,0.77,9.38

130986156,6
130986156,7151,1.55,0.92,9.74

130986171,6
130986171,7164,1.77,1.39,10.32

130986187,6
130986187,7177,1.19,-0.04,10.54

130986187,6
130986187,7190,1.28,-0.07,8.05

130986203,6
130986203,7203,1.41,0.91,7.60

130986218,6
130986218,7216,1.52,0.67,9.47

130986234,6
130986234,7229,1.30,0.54,9.37

130986250,6
130986250,7242,1.42,0.57,9.25

130986265,6
130986265,7255,1.39,0.56,9.30

130986265,6
130986265,7268,1.38,0.51,9.33

130986281,6
130986281,7281,1.36,0.57,9.34

130986296,6
130986296,7294,1.36,0.53,9.38

130986312,6
130986312,7307,1.37,0.53,9.37

130986328,6
130986328,7320,1.40,0.53,9.38

130986343,6
130986343,7333,1.37,0.52,9.36

130986343,6
130986343,7346,1.38,0.54,9.34

130986359,6
130986359,7359,1.40,0.54,9.33

130986375,6
130986375,7372,1.39,0.54,9.29

130986390,6
130986390,7385,1.64,2.31,-7.41

130986406,6
130986406,7398,2.42,1.87,12.72

130986421,6
130986421,7411,1.46,1.01,10.30

130986421,6
130986421,7424,1.36,0.91,10.07

130986437,6
130986437,7437,1.28,0.66,9.58

130986453,6
130986453,7450,1.30,0.73,9.39

130986468,6
130986468,7463,1.41,0.89,9.61

130986484,6
130986484,7476,1.37,0.84,9.77

130986500,6
130986500,7489,1.34,1.11,9.99

130986500,6
130986500,7502,1.23,-0.14,10.21

130986515,6
130986515,7515,1.31,-0.85,8.88

130986531,6
130986531,7528,1.28,1.40,7.61

130986546,6
130986546,7541,1.49,0.78,9.19

130986562,6
130986562,7554,1.33,0.59,9.20

130986578,6
130986578,7567,1.40,0.58,9.33

130986578,6
130986578,7580,1.41,0.54,9.29

130986593,6
130986593,7593,1.33,0.51,9.38

130986609,6
130986609,7606,1.36,0.56,9.39

130986625,6
130986625,7619,1.34,0.51,9.43

130986640,6
130986640,7632,1.35,0.49,9.39

130986656,6
130986656,7645,1.39,0.51,9.35

130986656,6
130986656,7658,1.36,0.52,9.37

130986671,6
130986671,7671,1.40,0.55,9.36

130986687,6
130986687,7684,1.39,0.54,9.30

130986703,6
130986703,7697,1.41,0.53,9.29

130986718,6
130986718,7710,-1.17,-2.06,3.87

130986734,6
130986734,7723,2.32,2.04,11.63

130986734,6
130986734,7736,1.44,0.93,10.20

130986750,6
130986750,7749,1.28,0.83,9.96

130986765,6
130986765,7762,1.31,0.69,9.50

130986781,6
130986781,7775,1.28,0.69,9.47

130986796,6
130986796,7788,1.37,0.82,9.70

130986812,6
130986812,7801,1.48,0.91,10.01

130986812,6
130986812,7814,1.59,1.05,10.52

130986828,6
130986828,7827,0.35,-0.54,9.43

130986843,6
130986843,7840,1.48,0.75,7.20

130986859,6
130986859,7853,1.56,0.75,9.22

130986875,6
130986875,7866,1.32,0.57,9.17

130986890,6
130986890,7879,1.39,0.57,9.31

130986890,6
130986890,7892,1.41,0.56,9.24

130986906,6
130986906,7905,1.37,0.51,9.31

130986921,6
130986921,7918,1.35,0.54,9.37

130986937,6
130986937,7931,1.35,0.54,9.43

130986953,6
130986953,7944,1.33,0.51,9.38

130986953,6
130986968,7957,1.35,0.52,9.40

130986968,6
130986968,7970,1.34,0.52,9.38

130986984,6
130986984,7983,1.35,0.55,9.36

130987000,6
130987000,7996,1.39,0.57,9.32

130987015,6
130987015,8009,1.39,0.55,9.29

130987031,6
130987031,8022,1.38,0.57,9.26

130987046,6
130987046,8035,1.48,-1.53,18.40

130987046,6
130987046,8048,1.74,1.61,11.09

130987062,6
130987062,8061,1.36,0.77,10.22

130987078,6
130987078,8074,1.24,0.75,9.71

130987093,6
130987093,8087,1.41,0.77,9.42

130987109,6
130987109,8100,1.40,0.79,9.54

130987109,6
130987125,8113,1.61,1.01,9.85

130987125,6
130987125,8126,2.54,1.63,10.31

130987140,6
130987140,8139,-0.27,-0.82,10.33

130987156,6
130987156,8152,1.19,0.01,8.55

130987171,6
130987171,8165,1.69,1.19,7.38

130987187,6
130987187,8178,1.44,0.69,9.42

130987187,6
130987187,8191,1.38,0.57,9.27

130987203,6
130987203,8204,1.44,0.60,9.26

130987218,6
130987218,8217,1.36,0.51,9.31

130987234,6
130987234,8230,1.38,0.54,9.36

130987250,6
130987250,8243,1.33,0.57,9.39

130987265,6
130987265,8256,1.33,0.52,9.45

130987265,6
130987265,8269,1.35,0.55,9.40

130987281,6
130987281,8282,1.38,0.53,9.39

130987296,6
130987296,8295,1.34,0.52,9.39

130987312,6
130987312,8308,1.39,0.54,9.33

130987328,6
130987328,8321,1.39,0.57,9.29

130987343,6
130987343,8334,1.40,0.53,9.29

130987343,6
130987359,8347,-1.62,-1.42,-6.22

130987359,6
130987359,8360,2.34,1.67,11.85

130987375,6
130987375,8373,1.32,0.76,10.27

130987390,6
130987390,8386,1.28,0.84,9.90

130987406,6
130987406,8399,1.31,0.69,9.54

130987421,6
130987421,8412,1.31,0.74,9.55

130987421,6
130987437,8425,1.44,0.89,9.75

130987437,6
130987437,8438,1.65,1.02,10.17

130987453,6
130987453,8451,1.25,0.04,10.60

130987468,6
130987468,8464,1.35,0.34,8.56

130987484,6
130987484,8477,1.53,0.95,7.30

130987500,6
130987500,8490,1.59,0.70,9.34

130987500,6
130987500,8503,1.33,0.54,9.22

130987515,6
130987515,8516,1.43,0.56,9.31

130987531,6
130987531,8529,1.37,0.54,9.30

130987546,6
130987546,8542,1.36,0.50,9.34

130987562,6
130987562,8555,1.34,0.55,9.38

130987578,6
130987578,8568,1.32,0.52,9.41

130987578,6
130987578,8581,1.32,0.53,9.43

130987593,6
130987593,8594,1.33,0.51,9.40

130987609,6
130987609,8607,1.34,0.53,9.36

130987625,6
130987625,8620,1.37,0.55,9.35

130987640,6
130987640,8633,1.41,0.56,9.32

130987656,6
130987656,8646,1.39,0.54,9.27

130987656,6
130987656,8659,-1.79,-1.09,-11.51

130987671,6
130987671,8672,2.44,1.85,12.10

130987687,6
130987687,8685,1.33,0.77,10.25

130987703,6
130987703,8698,1.28,0.85,9.91

130987718,6
130987718,8711,1.29,0.65,9.50

130987734,6
130987734,8724,1.28,0.67,9.47

130987734,6
130987734,8737,1.39,0.80,9.66

130987750,6
130987750,8750,1.40,0.84,9.93

130987765,6
130987765,8763,1.55,0.91,10.26

130987781,6
130987781,8776,0.43,-0.46,10.25

130987796,6
130987796,8789,1.64,0.58,7.74

130987812,6
130987812,8802,1.60,0.80,8.17

130987812,6
130987812,8815,1.43,0.61,9.20

130987828,6
130987828,8828,1.37,0.57,9.38

130987843,6
130987843,8841,1.43,0.58,9.29

130987859,6
130987859,8854,1.36,0.54,9.31

130987875,6
130987875,8867,1.36,0.55,9.37

130987890,6
130987890,8880,1.32,0.54,9.44

130987890,6
130987906,8893,1.34,0.50,9.44

130987906,6
130987906,8906,1.34,0.54,9.41

130987921,6
130987921,8919,1.37,0.53,9.37

130987937,6
130987937,8932,1.36,0.57,9.37

130987953,6
130987953,8945,1.36,0.56,9.36

130987968,6
130987968,8958,1.40,0.56,9.28

130987968,6
130987968,8971,-1.42,-0.58,-9.67

130987984,6
130987984,8984,2.62,2.05,12.07

130988000,6
130988000,8997,1.36,0.81,10.16

130988015,6
130988015,9010,1.33,0.88,9.93

130988031,6
130988031,9023,1.30,0.68,9.62

130988046,6
130988046,9036,1.33,0.70,9.58

130988046,6
130988046,9049,1.56,0.88,9.74

130988062,6
130988062,9062,1.95,1.13,10.27

130988078,6
130988078,9075,-0.53,-0.90,9.97

130988093,6
130988093,9088,1.24,0.33,9.14

130988109,6
130988109,9101,1.60,0.87,7.57

130988125,6
130988125,9114,1.49,0.64,9.35

130988125,6
130988125,9127,1.39,0.56,9.20

130988140,6
130988140,9140,1.42,0.59,9.24

130988156,6
130988156,9153,1.40,0.52,9.27

130988171,6
130988171,9166,1.37,0.55,9.35

130988187,6
130988187,9179,1.36,0.54,9.38

130988203,6
130988203,9192,1.32,0.54,9.45

130988203,6
130988203,9205,1.34,0.51,9.45

130988218,6
130988218,9218,1.37,0.52,9.42

130988234,6
130988234,9231,1.34,0.51,9.39

130988250,6
130988250,9244,1.38,0.54,9.38

130988265,6
130988265,9257,1.37,0.55,9.32

130988281,6
130988281,9270,1.39,0.57,9.30

130988281,6
130988281,9283,1.42,0.56,9.26

130988296,6
130988296,9296,1.38,0.52,9.35

130988312,6
130988312,9309,1.38,0.54,9.33

130988328,6
130988328,9322,1.05,0.71,-2.65

130988343,6
130988343,9335,1.93,0.90,11.68

130988359,6
130988359,9348,1.48,0.92,10.14

130988359,6
130988359,9361,1.35,0.83,9.96

130988375,6
130988375,9374,1.27,0.67,9.49

130988390,6
130988390,9387,1.34,0.69,9.37

130988406,6
130988406,9400,1.30,0.72,9.43

130988421,6
130988421,9413,1.30,0.67,9.43

130988437,6
130988437,9426,1.31,0.68,9.42

130988437,6
130988437,9439,1.33,0.73,9.45

130988453,6
130988453,9452,1.32,0.73,9.58

130988468,6
130988468,9465,1.27,0.74,9.79

130988484,6
130988484,9478,1.31,0.59,10.16

130988500,6
130988500,9491,1.98,0.71,10.45

130988515,6
130988515,9504,0.99,0.36,7.40

130988515,6
130988515,9517,1.39,0.50,8.84

130988531,6
130988531,9530,1.33,0.54,9.19

130988546,6
130988546,9543,1.37,0.55,9.40

130988562,6
130988562,9556,1.38,0.54,9.30

130988578,6
130988578,9569,1.39,0.54,9.32

130988578,6
130988593,9582,1.33,0.52,9.34

130988593,6
130988593,9595,1.35,0.53,9.37

130988609,6
130988609,9608,1.33,0.55,9.36

130988625,6
130988625,9621,1.37,0.53,9.36

130988640,6
130988640,9634,1.33,0.54,9.35

130988656,6
130988656,9647,1.36,0.55,9.36

130988671,6
130988671,9660,1.35,0.54,9.33

130988671,6
130988671,9673,1.03,-1.13,16.42

130988687,6
130988687,9686,1.63,1.27,10.59

130988703,6
130988703,9699,1.44,0.76,10.06

130988718,6
130988718,9712,1.25,0.70,9.57

130988734,6
130988734,9725,1.34,0.74,9.37

130988750,6
130988750,9738,1.31,0.69,9.52

130988750,6
130988750,9751,1.29,0.70,9.61

130988765,6
130988765,9764,1.43,0.79,9.59

130988781,6
130988781,9777,1.62,0.81,9.87

130988796,6
130988796,9790,0.21,-0.02,9.17

130988812,6
130988812,9803,1.23,0.40,10.55

130988812,6
130988812,9816,1.46,0.50,8.20

130988828,6
130988828,9829,1.46,0.80,8.24

130988843,6
130988843,9842,1.42,0.61,9.21

130988859,6
130988859,9855,1.39,0.57,9.30

130988875,6
130988875,9868,1.39,0.55,9.31

130988890,6
130988890,9881,1.35,0.56,9.33

130988890,6
130988906,9894,1.34,0.55,9.37

130988906,6
130988906,9907,1.32,0.54,9.39

130988921,6
130988921,9920,1.34,0.54,9.40

130988937,6
130988937,9933,1.35,0.53,9.37

130988953,6
130988953,9946,1.39,0.54,9.37

130988968,6
130988968,9959,1.37,0.54,9.37

130988968,6
130988984,9972,1.39,0.53,9.33

130988984,6
130988984,9985,1.38,0.56,9.30

130989000,6
130989000,9998,1.58,-0.53,14.92

130989015,7
130989015,0011,1.67,1.20,10.68

130989031,7
130989031,0024,1.45,0.79,10.00

130989046,7
130989046,0037,1.31,0.77,9.72

130989046,7
130989046,0050,1.35,0.72,9.38

130989062,7
130989062,0063,1.31,0.69,9.46

130989078,7
130989078,0076,1.26,0.70,9.49

130989093,7
130989093,0089,1.29,0.68,9.47

130989109,7
130989109,0102,1.31,0.68,9.57

130989125,7
130989125,0115,1.27,0.65,9.64

130989125,7
130989125,0128,1.25,0.65,9.60

130989140,7
130989140,0141,1.15,0.44,9.65

130989156,7
130989156,0154,2.45,0.59,9.70

130989171,7
130989171,0167,1.12,0.43,8.12

130989187,7
130989187,0180,1.32,0.57,8.67

130989203,7
130989203,0193,1.34,0.56,9.28

130989203,7
130989203,0206,1.33,0.56,9.37

130989218,7
130989218,0219,1.32,0.51,9.33

130989234,7
130989234,0232,1.34,0.52,9.38

130989250,7
130989250,0245,1.33,0.53,9.40

130989265,7
130989265,0258,1.34,0.54,9.36

130989281,7
130989281,0271,1.37,0.54,9.32

130989281,7
130989281,0284,1.35,0.53,9.34

130989296,7
130989296,0297,1.38,0.54,9.33

130989312,7
130989312,0310,1.37,0.54,9.30

130989328,7
130989328,0323,1.38,0.56,9.31

130989343,7
130989343,0336,1.37,0.55,9.34

130989359,7
130989359,0349,1.37,0.54,9.33

130989359,7
130989375,0362,1.09,-1.98,16.66

130989375,7
130989375,0375,1.57,1.15,11.03

130989390,7
130989390,0388,1.34,0.71,10.20

130989406,7
130989406,0401,1.24,0.71,9.70

130989421,7
130989421,0414,1.37,0.71,9.36

130989437,7
130989437,0427,1.30,0.66,9.41

130989437,7
130989437,0440,1.29,0.70,9.49

130989453,7
130989453,0453,1.29,0.68,9.46

130989468,7
130989468,0466,1.32,0.74,9.67

130989484,7
130989484,0479,1.32,0.75,9.74

130989500,7
130989500,0492,1.29,0.50,9.95

130989515,7
130989515,0505,0.96,-0.43,10.18

130989515,7
130989515,0518,1.27,0.91,7.97

130989531,7
130989531,0531,1.39,0.68,8.41

130989546,7
130989546,0544,1.34,0.51,9.22

130989562,7
130989562,0557,1.40,0.58,9.40

130989578,7
130989578,0570,1.34,0.54,9.28

130989593,7
130989593,0583,1.36,0.53,9.33

130989593,7
130989593,0596,1.33,0.53,9.38

130989609,7
130989609,0609,1.36,0.52,9.35

130989625,7
130989625,0622,1.35,0.52,9.38

130989640,7
130989640,0635,1.34,0.54,9.35

130989656,7
130989656,0648,1.36,0.57,9.36

130989671,7
130989671,0661,1.36,0.57,9.35

130989671,7
130989671,0674,1.37,0.55,9.31

130989687,7
130989687,0687,1.40,0.55,9.32

130989703,7
130989703,0700,1.12,-0.46,14.75

130989718,7
130989718,0713,1.64,1.13,10.42

130989734,7
130989734,0726,1.44,0.73,9.97

130989750,7
130989750,0739,1.27,0.71,9.60

130989750,7
130989750,0752,1.34,0.75,9.38

130989765,7
130989765,0765,1.31,0.75,9.47

130989781,7
130989781,0778,1.25,0.71,9.51

130989796,7
130989796,0791,1.36,0.76,9.53

130989812,7
130989812,0804,1.35,0.81,9.84

130989828,7
130989828,0817,1.39,0.72,10.03

130989828,7
130989828,0830,1.19,-0.03,10.02

130989843,7
130989843,0843,1.41,0.86,8.35

130989859,7
130989859,0856,1.42,0.81,7.86

130989875,7
130989875,0869,1.41,0.57,9.37

130989890,7
130989890,0882,1.37,0.53,9.34

130989906,7
130989906,0895,1.38,0.55,9.29

130989906,7
130989906,0908,1.36,0.57,9.36

130989921,7
130989921,0921,1.34,0.53,9.38

130989937,7
130989937,0934,1.36,0.54,9.41

130989953,7
130989953,0947,1.35,0.52,9.39

130989968,7
130989968,0960,1.38,0.53,9.38

130989968,7
130989984,0973,1.37,0.53,9.38

130989984,7
130989984,0986,1.36,0.54,9.37

130990000,7
130990000,0999,1.39,0.55,9.33

130990015,7
130990015,1012,1.38,0.54,9.30

130990031,7
130990031,1025,1.39,0.54,9.32

130990046,7
130990046,1038,1.14,-2.32,16.91

130990046,7
130990062,1051,1.62,1.27,10.97

130990062,7
130990062,1064,1.35,0.72,10.23

130990078,7
130990078,1077,1.24,0.74,9.76

130990093,7
130990093,1090,1.37,0.72,9.39

130990109,7
130990109,1103,1.29,0.67,9.45

130990125,7
130990125,1116,1.26,0.68,9.47

130990140,7
130990140,1129,1.27,0.70,9.48

130990140,7
130990140,1142,1.32,0.68,9.65

130990156,7
130990156,1155,1.36,0.70,9.85

130990171,7
130990171,1168,1.34,0.53,10.10

130990187,7
130990187,1181,1.16,-0.71,10.08

130990203,7
130990203,1194,1.21,1.29,7.79

130990218,7
130990218,1207,1.45,0.54,8.31

130990218,7
130990218,1220,1.29,0.49,9.25

130990234,7
130990234,1233,1.40,0.53,9.44

130990250,7
130990250,1246,1.34,0.55,9.29

130990265,7
130990265,1259,1.33,0.52,9.35

130990281,7
130990281,1272,1.35,0.54,9.39

130990281,7
130990296,1285,1.35,0.53,9.39

130990296,7
130990296,1298,1.32,0.52,9.36

130990312,7
130990312,1311,1.39,0.52,9.38

130990328,7
130990328,1324,1.34,0.55,9.35

130990343,7
130990343,1337,1.37,0.53,9.31

130990359,7
130990359,1350,1.38,0.56,9.29

130990359,7
130990375,1363,0.88,1.75,-7.89

130990375,7
130990375,1376,2.06,1.34,11.81

130990390,7
130990390,1389,1.31,0.76,10.19

130990406,7
130990406,1402,1.36,0.86,9.97

130990421,7
130990421,1415,1.26,0.63,9.56

130990437,7
130990437,1428,1.28,0.67,9.42

130990437,7
130990453,1441,1.29,0.73,9.48

130990453,7
130990453,1454,1.22,0.67,9.51

130990468,7
130990468,1467,1.28,0.68,9.56

130990484,7
130990484,1480,1.36,0.77,9.84

130990500,7
130990500,1493,1.32,0.71,10.16

130990515,7
130990515,1506,0.97,-0.36,10.27

130990515,7
130990515,1519,1.31,0.75,7.68

130990531,7
130990531,1532,1.40,0.59,8.36

130990546,7
130990546,1545,1.33,0.56,9.20

130990562,7
130990562,1558,1.37,0.56,9.44

130990578,7
130990578,1571,1.35,0.54,9.30

130990593,7
130990593,1584,1.35,0.55,9.34

130990593,7
130990609,1597,1.35,0.54,9.34

130990609,7
130990609,1610,1.35,0.51,9.40

130990625,7
130990625,1623,1.31,0.53,9.36

130990640,7
130990640,1636,1.36,0.54,9.34

130990656,7
130990656,1649,1.34,0.54,9.36

130990671,7
130990671,1662,1.38,0.54,9.33

130990671,7
130990671,1675,1.38,0.55,9.34

130990687,7
130990687,1688,1.39,0.55,9.31

130990703,7
130990703,1701,1.20,-0.78,15.87

130990718,7
130990718,1714,1.65,1.32,10.55

130990734,7
130990734,1727,1.38,0.76,10.21

130990750,7
130990750,1740,1.19,0.70,9.67

130990750,7
130990750,1753,1.35,0.76,9.37

130990765,7
130990765,1766,1.29,0.71,9.51

130990781,7
130990781,1779,1.29,0.73,9.64

130990796,7
130990796,1792,1.34,0.84,9.80

130990812,7
130990812,1805,1.35,0.83,10.12

130990828,7
130990828,1818,1.10,0.11,10.32

130990828,7
130990828,1831,1.41,0.47,8.28

130990843,7
130990843,1844,1.39,0.80,7.76

130990859,7
130990859,1857,1.42,0.63,9.29

130990875,7
130990875,1870,1.38,0.57,9.34

130990890,7
130990890,1883,1.38,0.52,9.24

130990906,7
130990906,1896,1.37,0.54,9.30

130990906,7
130990906,1909,1.35,0.52,9.36

130990921,7
130990921,1922,1.36,0.54,9.41

130990937,7
130990937,1935,1.34,0.51,9.44

130990953,7
130990953,1948,1.34,0.52,9.39

130990968,7
130990968,1961,1.36,0.53,9.38

130990984,7
130990984,1974,1.35,0.53,9.37

130990984,7
130990984,1987,1.36,0.53,9.35

130991000,7
130991000,2000,-0.39,-0.74,-4.03

130991015,7
130991015,2013,1.97,1.43,11.36

130991031,7
130991031,2026,1.29,0.83,10.20

130991046,7
130991046,2039,1.28,0.82,9.96

130991062,7
130991062,2052,1.26,0.66,9.55

130991062,7
130991062,2065,1.25,0.68,9.40

130991078,7
130991078,2078,1.29,0.70,9.45

130991093,7
130991093,2091,1.20,0.65,9.44

130991109,7
130991109,2104,1.27,0.69,9.49

130991125,7
130991125,2117,1.27,0.70,9.59

130991140,7
130991140,2130,1.27,0.66,9.65

130991140,7
130991140,2143,1.19,0.60,9.86

130991156,7
130991156,2156,1.92,0.70,10.63

130991171,7
130991171,2169,1.18,0.41,8.36

130991187,7
130991187,2182,1.19,0.50,7.58

130991203,7
130991203,2195,1.37,0.54,9.32

130991218,7
130991218,2208,1.34,0.57,9.41

130991218,7
130991218,2221,1.33,0.55,9.32

130991234,7
130991234,2234,1.33,0.54,9.34

130991250,7
130991250,2247,1.35,0.52,9.39

130991265,7
130991265,2260,1.33,0.53,9.40

130991281,7
130991281,2273,1.37,0.55,9.36

130991296,7
130991296,2286,1.34,0.54,9.34

130991296,7
130991312,2299,1.37,0.56,9.33

130991312,7
130991312,2312,1.38,0.56,9.30

130991328,7
130991328,2325,1.37,0.53,9.32

130991343,7
130991343,2338,1.38,0.55,9.35

130991359,7
130991359,2351,1.86,1.87,-4.69

130991375,7
130991375,2364,1.97,1.46,11.95

130991375,7
130991375,2377,1.36,0.92,10.19

130991390,7
130991390,2390,1.33,0.86,10.05

130991406,7
130991406,2403,1.20,0.65,9.59

130991421,7
130991421,2416,1.26,0.68,9.30

130991437,7
130991437,2429,1.29,0.74,9.42

130991453,7
130991453,2442,1.23,0.68,9.46

130991453,7
130991453,2455,1.23,0.65,9.41

130991468,7
130991468,2468,1.26,0.73,9.51

130991484,7
130991484,2481,1.28,0.68,9.56

130991500,7
130991500,2494,1.30,0.61,9.45

130991515,7
130991515,2507,1.33,0.64,9.41

130991531,7
130991531,2520,1.38,0.43,9.64

130991531,7
130991531,2533,1.57,-0.49,10.13

130991546,7
130991546,2546,1.30,3.30,9.40

130991562,7
130991562,2559,1.22,-0.05,7.52

130991578,7
130991578,2572,1.36,0.39,9.41

130991593,7
130991593,2585,1.37,0.55,9.30

130991609,7
130991609,2598,1.35,0.49,9.30

130991609,7
130991609,2611,1.34,0.55,9.35

130991625,7
130991625,2624,1.37,0.59,9.34

130991640,7
130991640,2637,1.35,0.55,9.38

130991656,7
130991656,2650,1.35,0.53,9.32

130991671,7
130991671,2663,1.34,0.56,9.34

130991687,7
130991687,2676,1.33,0.55,9.35

130991687,7
130991687,2689,1.36,0.54,9.35

130991703,7
130991703,2702,1.43,-1.31,16.35

130991718,7
130991718,2715,1.61,1.23,10.68

130991734,7
130991734,2728,1.39,0.74,10.10

130991750,7
130991750,2741,1.25,0.74,9.70

130991750,7
130991765,2754,1.36,0.75,9.36

130991765,7
130991765,2767,1.29,0.68,9.41

130991781,7
130991781,2780,1.25,0.66,9.47

130991796,7
130991796,2793,1.27,0.72,9.48

130991812,7
130991812,2806,1.29,0.68,9.62

130991828,7
130991828,2819,1.29,0.75,9.65

130991843,7
130991843,2832,1.30,0.64,9.92

130991843,7
130991843,2845,1.03,0.06,9.93

130991859,7
130991859,2858,1.74,1.17,8.79

130991875,7
130991875,2871,1.25,0.55,7.73

130991890,7
130991890,2884,1.33,0.48,9.33

130991906,7
130991906,2897,1.36,0.56,9.36

130991906,7
130991906,2910,1.34,0.53,9.31

130991921,7
130991921,2923,1.33,0.54,9.36

130991937,7
130991937,2936,1.37,0.54,9.37

130991953,7
130991953,2949,1.36,0.50,9.40

130991968,7
130991968,2962,1.32,0.53,9.40

130991984,7
130991984,2975,1.33,0.56,9.40

130991984,7
130991984,2988,1.35,0.54,9.36

130992000,7
130992000,3001,1.36,0.54,9.33

130992015,7
130992015,3014,1.36,0.55,9.31

130992031,7
130992031,3027,-0.43,-1.95,6.68

130992046,7
130992046,3040,1.71,1.28,11.38

130992062,7
130992062,3053,1.27,0.70,10.34

130992078,7
130992078,3066,1.24,0.77,9.75

130992078,7
130992078,3079,1.30,0.70,9.44

130992093,7
130992093,3092,1.23,0.66,9.46

130992109,7
130992109,3105,1.22,0.67,9.49

130992125,7
130992125,3118,1.24,0.69,9.49

130992140,7
130992140,3131,1.21,0.65,9.58

130992140,7
130992140,3144,1.26,0.72,9.69

130992156,7
130992156,3157,1.24,0.74,9.75

130992171,7
130992171,3170,1.19,0.54,9.71

130992187,7
130992187,3183,1.54,0.36,10.00

130992203,7
130992203,3196,1.15,0.51,8.35

130992218,7
130992218,3209,1.28,0.55,8.31

130992218,7
130992234,3222,1.33,0.55,9.24

130992234,7
130992234,3235,1.36,0.56,9.36

130992250,7
130992250,3248,1.31,0.55,9.31

130992265,7
130992265,3261,1.35,0.55,9.36

130992281,7
130992281,3274,1.34,0.53,9.40

130992296,7
130992296,3287,1.33,0.53,9.39

130992296,7
130992312,3300,1.34,0.56,9.38

130992312,7
130992312,3313,1.33,0.54,9.36

130992328,7
130992328,3326,1.37,0.57,9.38

130992343,7
130992343,3339,1.34,0.54,9.35

130992359,7
130992359,3352,1.36,0.55,9.32

130992375,7
130992375,3365,-1.04,-0.28,-7.32

130992375,7
130992390,3378,2.15,1.43,11.73

130992390,7
130992390,3391,1.25,0.76,10.21

130992406,7
130992406,3404,1.24,0.85,9.99

130992421,7
130992421,3417,1.28,0.70,9.58

130992437,7
130992437,3430,1.23,0.68,9.43

130992453,7
130992453,3443,1.29,0.75,9.44

130992453,7
130992453,3456,1.25,0.72,9.51

130992468,7
130992468,3469,1.26,0.72,9.57

130992484,7
130992484,3482,1.32,0.71,9.62

130992500,7
130992500,3495,1.26,0.60,9.58

130992515,7
130992515,3508,1.17,0.33,9.84

130992531,7
130992531,3521,2.07,1.00,9.87

130992531,7
130992531,3534,1.10,0.54,7.65

130992546,7
130992546,3547,1.36,0.54,9.16

130992562,7
130992562,3560,1.33,0.58,9.23

130992578,7
130992578,3573,1.35,0.55,9.38

130992593,7
130992593,3586,1.34,0.56,9.34

130992609,7
130992609,3599,1.34,0.55,9.37

130992609,7
130992609,3612,1.32,0.53,9.42

130992625,7
130992625,3625,1.33,0.55,9.39

130992640,7
130992640,3638,1.34,0.55,9.35

130992656,7
130992656,3651,1.36,0.53,9.33

130992671,7
130992671,3664,1.35,0.55,9.32

130992687,7
130992687,3677,1.37,0.56,9.31

130992687,7
130992687,3690,1.36,0.57,9.31

130992703,7
130992703,3703,1.35,0.56,9.31

130992718,7
130992718,3716,2.08,1.98,3.26

130992734,7
130992734,3729,2.00,1.01,12.31

130992750,7
130992750,3742,1.48,1.05,10.15

130992765,7
130992765,3755,1.35,0.89,10.14

130992765,7
130992765,3768,1.24,0.62,9.51

130992781,7
130992781,3781,1.25,0.70,9.33

130992796,7
130992796,3794,1.31,0.74,9.48

130992812,7
130992812,3807,1.23,0.68,9.49

130992828,7
130992828,3820,1.24,0.65,9.43

130992843,7
130992843,3833,1.28,0.70,9.54

130992843,7
130992843,3846,1.25,0.65,9.61

130992859,7
130992859,3859,1.26,0.60,9.70

130992875,7
130992875,3872,1.23,0.22,9.93

130992890,7
130992890,3885,1.93,1.40,9.33

130992906,7
130992906,3898,1.12,0.56,7.57

130992921,7
130992921,3911,1.35,0.53,9.28

130992921,7
130992921,3924,1.34,0.56,9.27

130992937,7
130992937,3937,1.35,0.54,9.35

130992953,7
130992953,3950,1.33,0.57,9.38

130992968,7
130992968,3963,1.34,0.55,9.37

130992984,7
130992984,3976,1.33,0.54,9.39

130993000,7
130993000,3989,1.32,0.56,9.34

130993000,7
130993000,4002,1.33,0.57,9.34

130993015,7
130993015,4015,1.32,0.56,9.33

130993031,7
130993031,4028,1.37,0.56,9.35

130993046,7
130993046,4041,2.69,2.38,-2.46

130993062,7
130993062,4054,1.94,1.72,12.54

130993078,7
130993078,4067,1.27,0.81,10.13

130993078,7
130993078,4080,1.33,0.91,10.03

130993093,7
130993093,4093,1.23,0.65,9.54

130993109,7
130993109,4106,1.22,0.73,9.38

130993125,7
130993125,4119,1.28,0.71,9.46

130993140,7
130993140,4132,1.20,0.71,9.49

130993156,7
130993156,4145,1.26,0.73,9.40

130993156,7
130993156,4158,1.27,0.80,9.49

130993171,7
130993171,4171,1.28,0.75,9.53

130993187,7
130993187,4184,1.30,1.02,9.78

130993203,7
130993203,4197,1.27,0.48,10.00

130993218,7
130993218,4210,1.31,-0.13,10.29

130993234,7
130993234,4223,1.32,0.50,8.32

130993234,7
130993234,4236,1.31,1.09,7.86

130993250,7
130993250,4249,1.35,0.64,9.40

130993265,7
130993265,4262,1.33,0.60,9.39

130993281,7
130993281,4275,1.36,0.57,9.29

130993296,7
130993296,4288,1.37,0.55,9.36

130993312,7
130993312,4301,1.34,0.56,9.38

130993312,7
130993312,4314,1.32,0.56,9.37

130993328,7
130993328,4327,1.34,0.55,9.36

130993343,7
130993343,4340,1.32,0.54,9.34

130993359,7
130993359,4353,1.35,0.56,9.34

130993375,7
130993375,4366,1.34,0.55,9.33

130993375,7
130993390,4379,1.36,0.56,9.33

130993390,7
130993390,4392,-0.22,-2.58,8.96

130993406,7
130993406,4405,1.85,1.79,11.27

130993421,7
130993421,4418,1.33,0.85,10.31

130993437,7
130993437,4431,1.20,0.81,9.84

130993453,7
130993453,4444,1.31,0.70,9.38

130993453,7
130993468,4457,1.27,0.68,9.47

130993468,7
130993468,4470,1.24,0.69,9.49

130993484,7
130993484,4483,1.26,0.73,9.48

130993500,7
130993500,4496,1.25,0.67,9.72

130993515,7
130993515,4509,1.27,0.68,9.86

130993531,7
130993531,4522,1.19,0.46,9.73

130993546,7
130993546,4535,2.24,1.42,10.22

130993546,7
130993546,4548,1.04,0.42,7.66

130993562,7
130993562,4561,1.30,0.50,8.74

130993578,7
130993578,4574,1.36,0.54,9.15

130993593,7
130993593,4587,1.36,0.57,9.39

130993609,7
130993609,4600,1.34,0.54,9.31

130993609,7
130993625,4613,1.35,0.58,9.37

130993625,7
130993625,4626,1.29,0.54,9.39

130993640,7
130993640,4639,1.34,0.54,9.41

130993656,7
130993656,4652,1.31,0.55,9.38

130993671,7
130993671,4665,1.33,0.56,9.36

130993687,7
130993687,4678,1.34,0.54,9.34

130993703,7
130993703,4691,1.36,0.54,9.33

130993703,7
130993703,4704,1.36,0.55,9.31

130993718,7
130993718,4717,1.36,0.55,9.34

130993734,7
130993734,4730,-1.05,-0.67,-8.13

130993750,7
130993750,4743,2.49,2.03,11.82

130993765,7
130993765,4756,1.28,0.83,10.27

130993765,7
130993781,4769,1.19,0.89,10.07

130993781,7
130993781,4782,1.25,0.65,9.58

130993796,7
130993796,4795,1.22,0.65,9.44

130993812,7
130993812,4808,1.29,0.80,9.55

130993828,7
130993828,4821,1.28,0.74,9.65

130993843,7
130993843,4834,1.28,0.80,9.83

130993843,7
130993843,4847,1.27,0.64,10.02

130993859,7
130993859,4860,1.06,-0.17,9.75

130993875,7
130993875,4873,1.38,0.76,8.20

130993890,7
130993890,4886,1.36,0.78,8.35

130993906,7
130993906,4899,1.33,0.58,9.24

130993921,7
130993921,4912,1.35,0.58,9.37

130993921,7
130993937,4925,1.37,0.57,9.33

130993937,7
130993937,4938,1.34,0.55,9.35

130993953,7
130993953,4951,1.32,0.56,9.36

130993968,7
130993968,4964,1.32,0.55,9.40

130993984,7
130993984,4977,1.32,0.52,9.42

130994000,7
130994000,4990,1.33,0.55,9.39

130994000,7
130994000,5003,1.34,0.54,9.37

130994015,7
130994015,5016,1.36,0.55,9.36

130994031,7
130994031,5029,1.33,0.57,9.28

130994046,7
130994046,5042,1.35,0.56,9.32

130994062,7
130994062,5055,1.33,0.57,9.34

130994078,7
130994078,5068,1.34,0.53,9.35

130994078,7
130994078,5081,1.35,0.54,9.36

130994093,7
130994093,5094,1.33,0.53,9.38

130994109,7
130994109,5107,1.34,0.54,9.41

130994125,7
130994125,5120,1.32,-1.03,15.09

130994140,7
130994140,5133,1.57,1.27,10.73

130994156,7
130994156,5146,1.38,0.73,10.10

130994156,7
130994156,5159,1.23,0.71,9.73

130994171,7
130994171,5172,1.34,0.72,9.31

130994187,7
130994187,5185,1.29,0.66,9.39

130994203,7
130994203,5198,1.28,0.70,9.51

130994218,7
130994218,5211,1.28,0.69,9.54

130994234,7
130994234,5224,1.37,0.73,9.77

130994234,7
130994234,5237,1.43,0.65,10.00

130994250,7
130994250,5250,1.23,-0.03,10.09

130994265,7
130994265,5263,1.18,0.94,8.32

130994281,7
130994281,5276,1.42,0.59,8.15

130994296,7
130994296,5289,1.38,0.57,9.21

130994312,7
130994312,5302,1.37,0.53,9.34

130994312,7
130994312,5315,1.36,0.57,9.29

130994328,7
130994328,5328,1.32,0.56,9.35

130994343,7
130994343,5341,1.35,0.55,9.37

130994359,7
130994359,5354,1.31,0.52,9.35

130994375,7
130994375,5367,1.34,0.54,9.36

130994390,7
130994390,5380,1.31,0.55,9.38

130994390,7
130994390,5393,1.31,0.56,9.36

130994406,7
130994406,5406,1.33,0.56,9.36

130994421,7
130994421,5419,1.35,0.55,9.36

130994437,7
130994437,5432,1.96,2.29,-1.49

130994453,7
130994453,5445,2.16,1.60,11.94

130994468,7
130994468,5458,1.40,0.91,10.11

130994468,7
130994468,5471,1.33,0.91,10.10

130994484,7
130994484,5484,1.21,0.64,9.57

130994500,7
130994500,5497,1.24,0.69,9.41

130994515,7
130994515,5510,1.27,0.73,9.49

130994531,7
130994531,5523,1.21,0.66,9.58

130994546,7
130994546,5536,1.28,0.68,9.60

130994546,7
130994546,5549,1.35,0.79,9.70

130994562,7
130994562,5562,1.28,0.64,9.76

130994578,7
130994578,5575,1.16,0.31,9.78

130994593,7
130994593,5588,1.52,1.42,9.41

130994609,7
130994609,5601,1.27,0.54,7.69

130994625,7
130994625,5614,1.39,0.54,9.20

130994625,7
130994625,5627,1.35,0.55,9.25

130994640,7
130994640,5640,1.34,0.55,9.36

130994656,7
130994656,5653,1.33,0.56,9.33

130994671,7
130994671,5666,1.33,0.56,9.39

130994687,7
130994687,5679,1.32,0.53,9.41

130994703,7
130994703,5692,1.33,0.53,9.38

130994703,7
130994703,5705,1.31,0.56,9.39

130994718,7
130994718,5718,1.33,0.54,9.37

130994734,7
130994734,5731,1.37,0.54,9.37

130994750,7
130994750,5744,1.37,0.55,9.33

130994765,7
130994765,5757,1.38,0.54,9.30

130994765,7
130994781,5770,1.35,0.54,9.30

130994781,7
130994781,5783,-1.69,-0.51,-9.10

130994796,7
130994796,5796,2.54,1.97,11.94

130994812,7
130994812,5809,1.26,0.85,10.30

130994828,7
130994828,5822,1.18,0.88,10.15

130994843,7
130994843,5835,1.23,0.65,9.55

130994859,7
130994859,5848,1.20,0.69,9.42

130994859,7
130994859,5861,1.25,0.77,9.57

130994875,7
130994875,5874,1.27,0.74,9.69

130994890,7
130994890,5887,1.31,0.80,9.71

130994906,7
130994906,5900,1.25,0.67,9.86

130994921,7
130994921,5913,1.05,-0.02,9.90

130994937,7
130994937,5926,1.31,0.73,8.52

130994937,7
130994937,5939,1.26,0.72,8.05

130994953,7
130994953,5952,1.33,0.57,9.28

130994968,7
130994968,5965,1.33,0.56,9.38

130994984,7
130994984,5978,1.36,0.55,9.29

130995000,7
130995000,5991,1.30,0.53,9.35

130995015,7
130995015,6004,1.33,0.58,9.39

130995015,7
130995015,6017,1.32,0.56,9.39

130995031,7
130995031,6030,1.33,0.52,9.37

130995046,7
130995046,6043,1.33,0.57,9.37

130995062,7
130995062,6056,1.31,0.56,9.35

130995078,7
130995078,6069,1.34,0.56,9.33

130995078,7
130995093,6082,1.33,0.56,9.33

130995093,7
130995093,6095,1.36,0.57,9.32

130995109,7
130995109,6108,1.70,2.17,-5.35

130995125,7
130995125,6121,2.25,2.08,12.27

130995140,7
130995140,6134,1.28,0.88,10.22

130995156,7
130995156,6147,1.26,0.89,10.10

130995156,7
130995171,6160,1.21,0.63,9.52

130995171,7
130995171,6173,1.22,0.67,9.37

130995187,7
130995187,6186,1.27,0.74,9.50

130995203,7
130995203,6199,1.22,0.71,9.55

130995218,7
130995218,6212,1.28,0.71,9.57

130995234,7
130995234,6225,1.27,0.73,9.73

130995234,7
130995250,6238,1.25,0.56,9.98

130995250,7
130995250,6251,1.09,-0.32,9.98

130995265,7
130995265,6264,1.28,0.61,8.17

130995281,7
130995281,6277,1.32,0.56,8.33

130995296,7
130995296,6290,1.33,0.55,9.19

130995312,7
130995312,6303,1.39,0.56,9.37

130995328,7
130995328,6316,1.33,0.55,9.32

130995328,7
130995328,6329,1.34,0.55,9.34

130995343,7
130995343,6342,1.32,0.54,9.41

130995359,7
130995359,6355,1.32,0.52,9.43

130995375,7
130995375,6368,1.32,0.54,9.37

130995390,7
130995390,6381,1.32,0.57,9.35

130995390,7
130995406,6394,1.34,0.57,9.35

130995406,7
130995406,6407,1.35,0.53,9.35

130995421,7
130995421,6420,1.37,0.54,9.34

130995437,7
130995437,6433,2.65,2.64,-3.01

130995453,7
130995453,6446,2.20,1.88,12.63

130995468,7
130995468,6459,1.28,0.83,10.15

130995468,7
130995484,6472,1.31,0.88,10.03

130995484,7
130995484,6485,1.21,0.60,9.54

130995500,7
130995500,6498,1.21,0.70,9.43

130995515,7
130995515,6511,1.25,0.73,9.51

130995531,7
130995531,6524,1.19,0.66,9.55

130995546,7
130995546,6537,1.26,0.71,9.60

130995546,7
130995562,6550,1.28,0.76,9.64

130995562,7
130995562,6563,1.21,0.68,9.77

130995578,7
130995578,6576,1.15,0.22,9.91

130995593,7
130995593,6589,1.47,0.71,9.21

130995609,7
130995609,6602,1.22,0.72,7.71

130995625,7
130995625,6615,1.38,0.56,9.25

130995625,7
130995625,6628,1.34,0.58,9.32

130995640,7
130995640,6641,1.33,0.55,9.35

130995656,7
130995656,6654,1.33,0.57,9.35

130995671,7
130995671,6667,1.31,0.53,9.38

130995687,7
130995687,6680,1.32,0.54,9.39

130995703,7
130995703,6693,1.30,0.54,9.38

130995703,7
130995703,6706,1.33,0.57,9.36

130995718,7
130995718,6719,1.32,0.56,9.34

130995734,7
130995734,6732,1.35,0.55,9.34

130995750,7
130995750,6745,1.36,0.57,9.31

130995765,7
130995765,6758,2.07,2.01,-0.01

130995781,7
130995781,6771,1.98,1.18,11.82

130995781,7
130995781,6784,1.41,1.00,10.12

130995796,7
130995796,6797,1.33,0.85,10.11

130995812,7
130995812,6810,1.17,0.62,9.66

130995828,7
130995828,6823,1.27,0.74,9.42

130995843,7
130995843,6836,1.23,0.70,9.47

130995859,7
130995859,6849,1.20,0.69,9.61

130995859,7
130995859,6862,1.31,0.76,9.66

130995875,7
130995875,6875,1.40,0.83,9.99

130995890,7
130995890,6888,1.20,0.41,10.08

130995906,7
130995906,6901,1.19,0.33,9.80

130995921,7
130995921,6914,1.20,0.49,7.66

130995937,7
130995937,6927,1.39,0.59,8.97

130995937,7
130995937,6940,1.34,0.57,9.20

130995953,7
130995953,6953,1.37,0.55,9.35

130995968,7
130995968,6966,1.36,0.55,9.31

130995984,7
130995984,6979,1.30,0.55,9.37

130996000,7
130996000,6992,1.30,0.53,9.40

130996015,7
130996015,7005,1.33,0.52,9.42

130996015,7
130996015,7018,1.32,0.55,9.40

130996031,7
130996031,7031,1.33,0.54,9.38

130996046,7
130996046,7044,1.36,0.54,9.37

130996062,7
130996062,7057,1.37,0.56,9.36

130996078,7
130996078,7070,1.37,0.54,9.30

130996093,7
130996093,7083,1.38,0.53,9.28

130996093,7
130996093,7096,-0.39,-2.42,9.41

130996109,7
130996109,7109,1.69,1.45,11.27

130996125,7
130996125,7122,1.26,0.75,10.33

130996140,7
130996140,7135,1.17,0.79,9.88

130996156,7
130996156,7148,1.28,0.71,9.50

130996171,7
130996171,7161,1.21,0.64,9.46

130996171,7
130996171,7174,1.22,0.72,9.54

130996187,7
130996187,7187,1.22,0.72,9.53

130996203,7
130996203,7200,1.18,0.74,9.73

130996218,7
130996218,7213,1.19,1.05,10.08

130996234,7
130996234,7226,1.58,-0.01,9.95

130996250,7
130996250,7239,1.63,0.62,9.68

130996250,7
130996250,7252,1.09,0.58,7.61

130996265,7
130996265,7265,1.36,0.64,9.01

130996281,7
130996281,7278,1.34,0.56,9.24

130996296,7
130996296,7291,1.36,0.56,9.38

130996312,7
130996312,7304,1.33,0.55,9.31

130996328,7
130996328,7317,1.34,0.57,9.38

130996328,7
130996328,7330,1.30,0.56,9.40

130996343,7
130996343,7343,1.32,0.55,9.42

130996359,7
130996359,7356,1.33,0.57,9.35

130996375,7
130996375,7369,1.32,0.55,9.33

130996390,7
130996390,7382,1.36,0.57,9.34

130996406,7
130996406,7395,1.35,0.56,9.30

130996406,7
130996406,7408,1.37,0.57,9.28

130996421,7
130996421,7421,2.72,2.12,1.66

130996437,7
130996437,7434,1.92,1.50,12.08

130996453,7
130996453,7447,1.35,0.91,10.11

130996468,7
130996468,7460,1.33,0.88,10.13

130996484,7
130996484,7473,1.18,0.64,9.68

130996484,7
130996484,7486,1.22,0.71,9.41

130996500,7
130996500,7499,1.26,0.71,9.50

130996515,7
130996515,7512,1.20,0.65,9.57

130996531,7
130996531,7525,1.27,0.68,9.59

130996546,7
130996546,7538,1.30,0.74,9.76

130996562,7
130996562,7551,1.24,0.63,9.87

130996562,7
130996562,7564,1.07,-0.08,10.00

130996578,7
130996578,7577,1.38,0.84,8.50

130996593,7
130996593,7590,1.28,0.51,7.97

130996609,7
130996609,7603,1.32,0.54,9.25

130996625,7
130996625,7616,1.39,0.56,9.38

130996640,7
130996640,7629,1.32,0.56,9.32

130996640,7
130996640,7642,1.33,0.56,9.35

130996656,7
130996656,7655,1.33,0.54,9.39

130996671,7
130996671,7668,1.32,0.51,9.39

130996687,7
130996687,7681,1.33,0.55,9.39

130996703,7
130996703,7694,1.32,0.56,9.38

130996718,7
130996718,7707,1.34,0.57,9.39

130996718,7
130996718,7720,1.32,0.55,9.38

130996734,7
130996734,7733,1.35,0.55,9.32

130996750,7
130996750,7746,1.35,0.55,9.33

130996765,7
130996765,7759,1.37,0.56,9.35

130996781,7
130996781,7772,-0.20,-2.85,8.82

130996781,7
130996781,7785,1.75,1.58,11.22

130996796,7
130996796,7798,1.25,0.81,10.33

130996812,7
130996812,7811,1.15,0.82,9.99

130996828,7
130996828,7824,1.26,0.69,9.43

130996843,7
130996843,7837,1.21,0.65,9.44

130996859,7
130996859,7850,1.19,0.69,9.52

130996875,7
130996875,7863,1.24,0.70,9.56

130996875,7
130996875,7876,1.22,0.68,9.71

130996890,7
130996890,7889,1.23,0.71,9.82

130996906,7
130996906,7902,1.23,0.40,9.92

130996921,7
130996921,7915,1.94,1.67,9.72

130996937,7
130996937,7928,1.15,0.37,7.93

130996937,7
130996937,7941,1.29,0.43,8.69

130996953,7
130996953,7954,1.35,0.50,9.17

130996968,7
130996968,7967,1.35,0.54,9.34

130996984,7
130996984,7980,1.30,0.56,9.28

130997000,7
130997000,7993,1.32,0.57,9.33

130997015,7
130997015,8006,1.28,0.54,9.38

130997015,7
130997031,8019,1.30,0.54,9.38

130997031,7
130997031,8032,1.31,0.53,9.39

130997046,7
130997046,8045,1.34,0.54,9.34

130997062,7
130997062,8058,1.33,0.56,9.34

130997078,7
130997078,8071,1.34,0.53,9.33

130997093,7
130997093,8084,1.35,0.56,9.32

130997093,7
130997109,8097,2.50,1.79,-6.68

130997109,7
130997109,8110,1.99,1.77,12.41

130997125,7
130997125,8123,1.22,0.75,10.17

130997140,7
130997140,8136,1.25,0.88,10.01

130997156,7
130997156,8149,1.19,0.63,9.56

130997171,7
130997171,8162,1.19,0.66,9.40

130997171,7
130997171,8175,1.23,0.73,9.49

130997187,7
130997187,8188,1.17,0.68,9.53

130997203,7
130997203,8201,1.19,0.68,9.60

130997218,7
130997218,8214,1.23,0.78,9.79

130997234,7
130997234,8227,1.33,0.78,9.98

130997250,7
130997250,8240,1.25,0.28,9.93

130997250,7
130997265,8253,1.68,0.97,9.54

130997265,7
130997265,8266,1.15,0.48,7.71

130997281,7
130997281,8279,1.38,0.56,9.03

130997296,7
130997296,8292,1.33,0.57,9.26

130997312,7
130997312,8305,1.33,0.55,9.37

130997328,7
130997328,8318,1.31,0.59,9.33

130997328,7
130997343,8331,1.30,0.55,9.39

130997343,7
130997343,8344,1.33,0.54,9.38

130997359,7
130997359,8357,1.32,0.53,9.42

130997375,7
130997375,8370,1.33,0.57,9.37

130997390,7
130997390,8383,1.35,0.54,9.34

130997406,7
130997406,8396,1.33,0.54,9.34

130997406,7
130997406,8409,1.35,0.56,9.32

130997421,7
130997421,8422,1.35,0.54,9.28

130997437,7
130997437,8435,1.36,0.55,9.30

130997453,7
130997453,8448,2.51,1.70,4.48

130997468,7
130997468,8461,2.22,2.28,12.97

130997484,7
130997484,8474,1.30,1.02,10.22

130997484,7
130997484,8487,1.27,0.90,10.27

130997500,7
130997500,8500,1.15,0.62,9.63

130997515,7
130997515,8513,1.19,0.72,9.40

130997531,7
130997531,8526,1.28,0.79,9.51

130997546,7
130997546,8539,1.23,0.80,9.73

130997562,7
130997562,8552,1.48,1.55,10.05

130997562,7
130997578,8565,0.47,-1.47,9.94

130997578,7
130997578,8578,1.30,-0.05,9.73

130997593,7
130997593,8591,1.36,0.82,7.50

130997609,7
130997609,8604,1.43,0.76,9.00

130997625,7
130997625,8617,1.31,0.57,9.20

130997640,7
130997640,8630,1.37,0.57,9.32

130997640,7
130997640,8643,1.36,0.56,9.26

130997656,7
130997656,8656,1.33,0.54,9.33

130997671,7
130997671,8669,1.32,0.56,9.36

130997687,7
130997687,8682,1.30,0.55,9.39

130997703,7
130997703,8695,1.32,0.56,9.40

130997718,7
130997718,8708,1.30,0.55,9.38

130997718,7
130997718,8721,1.33,0.54,9.35

130997734,7
130997734,8734,1.33,0.52,9.34

130997750,7
130997750,8747,1.35,0.55,9.32

130997765,7
130997765,8760,1.33,0.56,9.30

130997781,7
130997781,8773,-0.56,-3.39,7.78

130997796,7
130997796,8786,1.81,2.14,11.31

130997796,7
130997796,8799,1.25,0.89,10.34

130997812,7
130997812,8812,1.12,0.86,9.93

130997828,7
130997828,8825,1.24,0.73,9.47

130997843,7
130997843,8838,1.19,0.71,9.50

130997859,7
130997859,8851,1.18,0.72,9.53

130997875,7
130997875,8864,1.21,0.68,9.49

130997875,7
130997875,8877,1.19,0.68,9.56

130997890,7
130997890,8890,1.29,0.68,9.61

130997906,7
130997906,8903,1.28,0.61,9.59

130997921,7
130997921,8916,1.32,0.49,9.41

130997937,7
130997937,8929,1.33,0.30,9.60

130997953,7
130997953,8942,1.33,1.32,9.85

130997953,7
130997953,8955,1.23,0.47,8.07

130997968,7
130997968,8968,1.32,0.33,8.97

130997984,7
130997984,8981,1.29,0.53,9.25

130998000,7
130998000,8994,1.33,0.54,9.40

130998015,7
130998015,9007,1.28,0.54,9.35

130998031,7
130998031,9020,1.32,0.56,9.38

130998031,7
130998031,9033,1.30,0.57,9.38

130998046,7
130998046,9046,1.32,0.55,9.36

130998062,7
130998062,9059,1.33,0.56,9.38

130998078,7
130998078,9072,1.35,0.59,9.36

130998093,7
130998093,9085,1.33,0.56,9.33

130998109,7
130998109,9098,1.34,0.54,9.30

130998109,7
130998109,9111,1.32,0.55,9.33

130998125,7
130998125,9124,1.36,0.55,9.36

130998140,7
130998140,9137,1.33,0.55,9.39

130998156,7
130998156,9150,1.32,0.53,9.38

130998171,7
130998171,9163,1.50,-0.01,13.29

130998187,7
130998187,9176,1.58,1.32,10.41

130998187,7
130998187,9189,1.40,0.88,10.35

130998203,7
130998203,9202,1.16,0.65,9.53

130998218,7
130998218,9215,1.24,0.74,9.26

130998234,7
130998234,9228,1.29,0.77,9.59

130998250,7
130998250,9241,1.24,0.76,9.79

130998265,7
130998265,9254,1.60,1.09,10.00

130998265,7
130998265,9267,2.03,0.95,10.12

130998281,7
130998281,9280,0.68,0.10,9.31

130998296,7
130998296,9293,1.31,0.44,8.10

130998312,7
130998312,9306,1.42,0.70,8.77

130998328,7
130998328,9319,1.31,0.57,9.21

130998343,7
130998343,9332,1.36,0.59,9.28

130998343,7
130998343,9345,1.35,0.58,9.23

130998359,7
130998359,9358,1.32,0.54,9.33

130998375,7
130998375,9371,1.34,0.57,9.36

130998390,7
130998390,9384,1.29,0.56,9.39

130998406,7
130998406,9397,1.28,0.55,9.37

130998406,7
130998421,9410,1.28,0.55,9.41

130998421,7
130998421,9423,1.31,0.57,9.37

130998437,7
130998437,9436,1.31,0.57,9.34

130998453,7
130998453,9449,1.34,0.58,9.37

130998468,7
130998468,9462,1.35,0.59,9.31

130998484,7
130998484,9475,1.36,0.57,9.28

130998484,7
130998500,9488,1.35,0.55,9.32

130998500,7
130998500,9501,1.83,-1.40,16.43

130998515,7
130998515,9514,1.84,1.69,10.86

130998531,7
130998531,9527,1.35,0.78,10.27

130998546,7
130998546,9540,1.16,0.76,9.92

130998562,7
130998562,9553,1.33,0.73,9.37

130998578,7
130998578,9566,1.31,0.76,9.59

130998578,7
130998578,9579,1.35,0.82,9.81

130998593,7
130998593,9592,1.55,0.78,10.15

130998609,7
130998609,9605,0.28,0.05,9.99

130998625,7
130998625,9618,1.35,0.46,8.41

130998640,7
130998640,9631,1.40,0.65,8.17

130998640,7
130998640,9644,1.32,0.57,9.14

130998656,7
130998656,9657,1.36,0.62,9.33

130998671,7
130998671,9670,1.35,0.58,9.27

130998687,7
130998687,9683,1.34,0.56,9.29

130998703,7
130998703,9696,1.34,0.55,9.34

130998718,7
130998718,9709,1.33,0.55,9.40

130998718,7
130998718,9722,1.27,0.53,9.44

130998734,7
130998734,9735,1.30,0.54,9.39

130998750,7
130998750,9748,1.32,0.54,9.41

130998765,7
130998765,9761,1.32,0.56,9.39

130998781,7
130998781,9774,1.36,0.56,9.36

130998796,7
130998796,9787,1.34,0.56,9.32

130998796,7
130998796,9800,1.38,0.56,9.32

130998812,7
130998812,9813,1.33,0.56,9.32

130998828,7
130998828,9826,1.34,0.56,9.37

130998843,7
130998843,9839,1.33,0.55,9.36

130998859,7
130998859,9852,1.71,-0.88,14.88

130998875,7
130998875,9865,1.94,1.82,10.48

130998875,7
130998875,9878,1.39,0.87,10.33

130998890,7
130998890,9891,1.16,0.71,9.81

130998906,7
130998906,9904,1.29,0.73,9.20

130998921,7
130998921,9917,1.32,0.78,9.57

130998937,7
130998937,9930,1.30,0.79,9.80

130998953,7
130998953,9943,1.47,1.01,9.96

130998953,7
130998968,9956,1.33,0.54,10.15

130998968,7
130998968,9969,0.63,0.09,9.18

130998984,7
130998984,9982,1.40,0.61,7.76

130999000,7
130999000,9995,1.40,0.62,9.17

130999015,8
130999015,0008,1.31,0.59,9.31

130999031,8
130999031,0021,1.37,0.56,9.31

130999031,8
130999046,0034,1.35,0.57,9.28

130999046,8
130999046,0047,1.31,0.54,9.34

130999062,8
130999062,0060,1.34,0.57,9.36

130999078,8
130999078,0073,1.29,0.55,9.38

130999093,8
130999093,0086,1.34,0.53,9.38

130999109,8
130999109,0099,1.34,0.56,9.35

130999109,8
130999109,0112,1.32,0.55,9.38

130999125,8
130999125,0125,1.33,0.56,9.37

130999140,8
130999140,0138,1.33,0.55,9.34

130999156,8
130999156,0151,1.36,0.57,9.33

130999171,8
130999171,0164,1.33,0.59,9.30

130999187,8
130999187,0177,1.33,0.56,9.35

130999187,8
130999187,0190,-2.23,-1.44,-8.09

130999203,8
130999203,0203,2.37,2.03,11.59

130999218,8
130999218,0216,1.27,0.89,10.45

130999234,8
130999234,0229,1.17,0.91,10.17

130999250,8
130999250,0242,1.25,0.68,9.41

130999265,8
130999265,0255,1.21,0.73,9.44

130999265,8
130999265,0268,1.32,0.82,9.75

130999281,8
130999281,0281,1.36,0.87,9.81

130999296,8
130999296,0294,1.44,0.66,10.06

130999312,8
130999312,0307,1.21,-0.11,9.91

130999328,8
130999328,0320,1.29,0.58,7.82

130999343,8
130999343,0333,1.43,0.62,8.74

130999343,8
130999359,0346,1.33,0.60,9.16

130999359,8
130999359,0359,1.37,0.57,9.32

130999375,8
130999375,0372,1.35,0.56,9.25

130999390,8
130999390,0385,1.34,0.54,9.30

130999406,8
130999406,0398,1.31,0.55,9.34

130999421,8
130999421,0411,1.32,0.55,9.42

130999421,8
130999421,0424,1.31,0.53,9.41

130999437,8
130999437,0437,1.31,0.54,9.39

130999453,8
130999453,0450,1.34,0.55,9.38

130999468,8
130999468,0463,1.33,0.55,9.37

130999484,8
130999484,0476,1.35,0.56,9.37

130999500,8
130999500,0489,1.34,0.54,9.32

130999500,8
130999500,0502,1.35,0.55,9.32

130999515,8
130999515,0515,1.33,0.55,9.32

130999531,8
130999531,0528,1.34,0.57,9.35

130999546,8
130999546,0541,-1.16,-2.96,3.81

130999562,8
130999562,0554,2.09,1.99,11.34

130999578,8
130999578,0567,1.26,0.91,10.48

130999578,8
130999578,0580,1.14,0.83,10.16

130999593,8
130999593,0593,1.30,0.71,9.37

130999609,8
130999609,0606,1.25,0.69,9.45

130999625,8
130999625,0619,1.32,0.80,9.54

130999640,8
130999640,0632,1.34,0.84,9.63

130999656,8
130999656,0645,1.43,0.88,9.71

130999656,8
130999656,0658,1.81,0.85,9.61

130999671,8
130999671,0671,0.66,-0.05,9.65

130999687,8
130999687,0684,1.14,0.39,9.60

130999703,8
130999703,0697,1.43,0.92,7.69

130999718,8
130999718,0710,1.40,0.63,9.25

130999734,8
130999734,0723,1.33,0.53,9.25

130999734,8
130999734,0736,1.36,0.59,9.32

130999750,8
130999750,0749,1.29,0.59,9.31

130999765,8
130999765,0762,1.30,0.59,9.36

130999781,8
130999781,0775,1.29,0.56,9.39

130999796,8
130999796,0788,1.30,0.54,9.38

130999812,8
130999812,0801,1.30,0.58,9.35

130999812,8
130999812,0814,1.31,0.57,9.37

130999828,8
130999828,0827,1.33,0.55,9.36

130999843,8
130999843,0840,1.34,0.54,9.34

130999859,8
130999859,0853,1.36,0.57,9.32

130999875,8
130999875,0866,1.33,0.58,9.33

130999890,8
130999890,0879,1.35,0.59,9.35

130999890,8
130999890,0892,1.39,-1.43,15.73

130999906,8
130999906,0905,1.83,1.61,10.76

130999921,8
130999921,0918,1.35,0.81,10.46

130999937,8
130999937,0931,1.15,0.74,9.84

130999953,8
130999953,0944,1.31,0.72,9.23

130999968,8
130999968,0957,1.24,0.72,9.55

130999968,8
130999968,0970,1.31,0.80,9.75

130999984,8
130999984,0983,1.41,0.87,9.83

131000000,8
131000000,0996,1.38,0.41,10.13

131000015,8
131000015,1009,0.32,0.63,9.75

131000031,8
131000031,1022,1.42,0.48,8.09

131000046,8
131000046,1035,1.40,0.67,8.54

131000046,8
131000046,1048,1.36,0.61,9.19

131000062,8
131000062,1061,1.36,0.60,9.33

131000078,8
131000078,1074,1.34,0.58,9.28

131000093,8
131000093,1087,1.33,0.58,9.33

131000109,8
131000109,1100,1.31,0.56,9.41

131000109,8
131000125,1113,1.33,0.53,9.42

131000125,8
131000125,1126,1.30,0.52,9.42

131000140,8
131000140,1139,1.33,0.54,9.40

131000156,8
131000156,1152,1.32,0.54,9.41

131000171,8
131000171,1165,1.33,0.55,9.35

131000187,8
131000187,1178,1.34,0.56,9.32

131000187,8
131000203,1191,1.35,0.56,9.32

131000203,8
131000203,1204,1.36,0.57,9.30

131000218,8
131000218,1217,1.33,0.54,9.34

131000234,8
131000234,1230,1.33,0.54,9.34

131000250,8
131000250,1243,1.35,0.60,9.31

131000265,8
131000265,1256,1.68,0.04,13.57

131000265,8
131000281,1269,1.57,1.20,10.29

131000281,8
131000281,1282,1.35,0.84,10.36

131000296,8
131000296,1295,1.15,0.68,9.78

131000312,8
131000312,1308,1.26,0.74,9.33

131000328,8
131000328,1321,1.30,0.78,9.64

131000343,8
131000343,1334,1.23,0.75,9.87

131000343,8
131000343,1347,1.43,0.86,10.07

131000359,8
131000359,1360,1.15,0.03,10.17

131000375,8
131000375,1373,1.17,1.07,8.46

131000390,8
131000390,1386,1.40,0.59,7.87

131000406,8
131000406,1399,1.35,0.57,9.19

131000421,8
131000421,1412,1.37,0.59,9.35

131000421,8
131000421,1425,1.39,0.57,9.29

131000437,8
131000437,1438,1.33,0.58,9.28

131000453,8
131000453,1451,1.30,0.58,9.34

131000468,8
131000468,1464,1.32,0.57,9.39

131000484,8
131000484,1477,1.30,0.56,9.39

131000500,8
131000500,1490,1.31,0.56,9.38

131000500,8
131000500,1503,1.31,0.54,9.41

131000515,8
131000515,1516,1.31,0.58,9.40

131000531,8
131000531,1529,1.33,0.56,9.38

131000546,8
131000546,1542,1.33,0.57,9.35

131000562,8
131000562,1555,1.35,0.57,9.31

131000578,8
131000578,1568,1.45,2.10,-1.76

131000578,8
131000593,1581,2.19,1.18,11.52

131000593,8
131000593,1594,1.40,1.09,10.35

131000609,8
131000609,1607,1.27,0.87,10.32

131000625,8
131000625,1620,1.16,0.66,9.70

131000640,8
131000640,1633,1.29,0.75,9.44

131000656,8
131000656,1646,1.35,0.82,9.71

131000656,8
131000656,1659,1.45,0.95,9.99

131000671,8
131000671,1672,1.56,0.84,10.23

131000687,8
131000687,1685,0.10,-0.27,9.62

131000703,8
131000703,1698,1.46,0.69,7.84

131000718,8
131000718,1711,1.46,0.70,9.04

131000734,8
131000734,1724,1.32,0.60,9.20

131000734,8
131000734,1737,1.39,0.61,9.27

131000750,8
131000750,1750,1.37,0.59,9.28

131000765,8
131000765,1763,1.35,0.55,9.32

131000781,8
131000781,1776,1.35,0.57,9.38

131000796,8
131000796,1789,1.32,0.56,9.39

131000812,8
131000812,1802,1.30,0.53,9.43

131000812,8
131000812,1815,1.34,0.54,9.42

131000828,8
131000828,1828,1.30,0.55,9.39

131000843,8
131000843,1841,1.36,0.57,9.39

131000859,8
131000859,1854,1.36,0.57,9.38

131000875,8
131000875,1867,1.35,0.59,9.31

131000890,8
131000890,1880,1.37,0.59,9.28

131000890,8
131000890,1893,1.35,0.56,9.29

131000906,8
131000906,1906,1.35,0.58,9.34

131000921,8
131000921,1919,-2.15,-2.15,-6.26

131000937,8
131000937,1932,2.47,2.01,11.62

131000953,8
131000953,1945,1.37,1.45,10.72

131000968,8
131000968,1958,1.16,0.90,10.39

131000968,8
131000968,1971,1.22,0.74,9.61

131000984,8
131000984,1984,1.34,0.84,9.49

131001000,8
131001000,1997,1.42,0.99,9.77

131001015,8
131001015,2010,1.48,1.13,9.94

131001031,8
131001031,2023,1.31,0.23,9.79

131001046,8
131001046,2036,-0.00,-0.42,9.53

131001046,8
131001046,2049,1.58,0.79,7.94

131001062,8
131001062,2062,1.44,0.73,9.02

131001078,8
131001078,2075,1.30,0.60,9.20

131001093,8
131001093,2088,1.33,0.62,9.30

131001109,8
131001109,2101,1.34,0.58,9.28

131001125,8
131001125,2114,1.33,0.57,9.32

131001125,8
131001125,2127,1.30,0.60,9.35

131001140,8
131001140,2140,1.31,0.58,9.43

131001156,8
131001156,2153,1.31,0.54,9.37

131001171,8
131001171,2166,1.33,0.55,9.37

131001187,8
131001187,2179,1.31,0.57,9.36

131001203,8
131001203,2192,1.35,0.56,9.33

131001203,8
131001203,2205,1.33,0.57,9.32

131001218,8
131001218,2218,1.36,0.58,9.31

131001234,8
131001234,2231,1.36,0.58,9.29

131001250,8
131001250,2244,1.32,0.57,9.31

131001265,8
131001265,2257,1.36,0.57,9.33

131001281,8
131001281,2270,1.31,0.56,9.36

131001281,8
131001281,2283,1.40,-1.93,15.19

131001296,8
131001296,2296,1.97,2.14,11.02

131001312,8
131001312,2309,1.33,0.86,10.50

131001328,8
131001328,2322,1.19,0.81,9.79

131001343,8
131001343,2335,1.46,0.89,9.31

131001359,8
131001359,2348,1.49,0.96,9.69

131001359,8
131001359,2361,1.82,1.28,9.86

131001375,8
131001375,2374,0.15,-0.83,9.12

131001390,8
131001390,2387,0.98,0.06,10.70

131001406,8
131001406,2400,1.50,0.78,7.70

131001421,8
131001421,2413,1.41,0.70,8.90

131001437,8
131001437,2426,1.31,0.56,9.17

131001437,8
131001437,2439,1.36,0.60,9.30

131001453,8
131001453,2452,1.37,0.58,9.31

131001468,8
131001468,2465,1.33,0.54,9.31

131001484,8
131001484,2478,1.34,0.59,9.36

131001500,8
131001500,2491,1.32,0.55,9.40

131001515,8
131001515,2504,1.31,0.56,9.39

131001515,8
131001515,2517,1.33,0.55,9.40

131001531,8
131001531,2530,1.31,0.55,9.37

131001546,8
131001546,2543,1.34,0.56,9.35

131001562,8
131001562,2556,1.31,0.56,9.33

131001578,8
131001578,2569,1.34,0.57,9.31

131001593,8
131001593,2582,1.34,0.57,9.30

131001593,8
131001593,2595,1.35,0.56,9.31

131001609,8
131001609,2608,1.33,0.57,9.33

131001625,8
131001625,2621,-3.63,-2.91,-8.66

131001640,8
131001640,2634,2.56,2.20,11.52

131001656,8
131001656,2647,1.48,1.63,10.85

131001656,8
131001671,2660,1.22,0.98,10.19

131001671,8
131001671,2673,1.21,0.70,9.38

131001687,8
131001687,2686,1.25,0.73,9.43

131001703,8
131001703,2699,1.24,0.76,9.48

131001718,8
131001718,2712,1.21,0.68,9.46

131001734,8
131001734,2725,1.15,0.63,9.63

131001734,8
131001750,2738,1.21,0.69,9.79

131001750,8
131001750,2751,1.17,0.45,9.57

131001765,8
131001765,2764,2.24,1.05,10.01

131001781,8
131001781,2777,1.47,0.87,9.10

131001796,8
131001796,2790,1.01,0.42,7.81

131001812,8
131001812,2803,1.31,0.52,9.30

131001828,8
131001828,2816,1.30,0.59,9.34

131001828,8
131001828,2829,1.30,0.55,9.33

131001843,8
131001843,2842,1.30,0.59,9.33

131001859,8
131001859,2855,1.31,0.55,9.35

131001875,8
131001875,2868,1.31,0.57,9.38

131001890,8
131001890,2881,1.32,0.56,9.36

131001890,8
131001906,2894,1.32,0.56,9.36

131001906,8
131001906,2907,1.32,0.55,9.34

131001921,8
131001921,2920,1.33,0.56,9.33

131001937,8
131001937,2933,1.33,0.56,9.31

131001953,8
131001953,2946,1.32,0.57,9.33

131001968,8
131001968,2959,1.34,0.58,9.36

131001968,8
131001984,2972,1.63,-2.15,16.36

131001984,8
131001984,2985,2.12,2.42,11.03

131002000,8
131002000,2998,1.35,1.03,10.61

131002015,8
131002015,3011,1.19,0.89,9.93

131002031,8
131002031,3024,1.36,0.80,9.28

131002046,8
131002046,3037,1.42,0.94,9.63

131002046,8
131002046,3050,1.61,1.19,9.93

131002062,8
131002062,3063,2.18,1.39,9.91

131002078,8
131002078,3076,-0.40,-1.47,9.75

131002093,8
131002093,3089,1.22,0.39,8.35

131002109,8
131002109,3102,1.47,0.91,8.40

131002125,8
131002125,3115,1.28,0.60,9.20

131002125,8
131002125,3128,1.36,0.60,9.29

131002140,8
131002140,3141,1.35,0.60,9.27

131002156,8
131002156,3154,1.30,0.51,9.30

131002171,8
131002171,3167,1.31,0.56,9.35

131002187,8
131002187,3180,1.28,0.56,9.42

131002203,8
131002203,3193,1.29,0.55,9.44

131002203,8
131002203,3206,1.31,0.54,9.40

131002218,8
131002218,3219,1.31,0.54,9.39

131002234,8
131002234,3232,1.29,0.53,9.41

131002250,8
131002250,3245,1.34,0.54,9.39

131002265,8
131002265,3258,1.62,1.77,3.61

131002281,8
131002281,3271,1.73,-0.22,11.41

131002281,8
131002281,3284,1.80,1.72,10.51

131002296,8
131002296,3297,1.31,0.87,10.16

131002312,8
131002312,3310,1.21,0.77,9.70

131002328,8
131002328,3323,1.32,0.77,9.38

131002343,8
131002343,3336,1.29,0.80,9.56

131002359,8
131002359,3349,1.29,0.92,9.83

131002359,8
131002359,3362,1.25,0.76,10.01

131002375,8
131002375,3375,1.12,-0.12,10.26

131002390,8
131002390,3388,1.30,0.82,8.09

131002406,8
131002406,3401,1.36,0.64,8.44

131002421,8
131002421,3414,1.33,0.60,9.12

131002437,8
131002437,3427,1.36,0.63,9.24

131002437,8
131002437,3440,1.35,0.60,9.21

131002453,8
131002453,3453,1.36,0.57,9.27

131002468,8
131002468,3466,1.31,0.58,9.32

131002484,8
131002484,3479,1.29,0.58,9.36

131002500,8
131002500,3492,1.27,0.57,9.40

131002515,8
131002515,3505,1.32,0.56,9.42

131002515,8
131002515,3518,1.27,0.55,9.42

131002531,8
131002531,3531,1.32,0.57,9.39

131002546,8
131002546,3544,1.34,0.58,9.37

131002562,8
131002562,3557,1.35,0.57,9.30

131002578,8
131002578,3570,1.36,0.56,9.28

131002593,8
131002593,3583,1.34,0.57,9.28

131002593,8
131002593,3596,1.35,0.58,9.30

131002609,8
131002609,3609,1.35,0.60,9.28

131002625,8
131002625,3622,1.23,-1.48,13.43

131002640,8
131002640,3635,2.15,2.37,10.66

131002656,8
131002656,3648,1.37,0.95,10.39

131002671,8
131002671,3661,1.16,0.82,9.85

131002671,8
131002671,3674,1.35,0.80,9.36

131002687,8
131002687,3687,1.28,0.83,9.67

131002703,8
131002703,3700,1.33,0.97,9.84

131002718,8
131002718,3713,1.42,1.00,10.25

131002734,8
131002734,3726,1.06,-0.62,9.78

131002750,8
131002750,3739,1.12,0.68,7.61

131002750,8
131002750,3752,1.39,0.62,9.02

131002765,8
131002765,3765,1.29,0.57,9.18

131002781,8
131002781,3778,1.33,0.59,9.32

131002796,8
131002796,3791,1.36,0.59,9.32

131002812,8
131002812,3804,1.34,0.54,9.32

131002828,8
131002828,3817,1.32,0.55,9.33

131002828,8
131002828,3830,1.29,0.55,9.40

131002843,8
131002843,3843,1.29,0.54,9.39

131002859,8
131002859,3856,1.33,0.55,9.35

131002875,8
131002875,3869,1.31,0.54,9.38

131002890,8
131002890,3882,1.33,0.57,9.36

131002906,8
131002906,3895,1.34,0.57,9.37

131002906,8
131002906,3908,1.34,0.55,9.28

131002921,8
131002921,3921,1.34,0.56,9.29

131002937,8
131002937,3934,1.39,-2.69,14.28

131002953,8
131002953,3947,1.87,1.92,11.22

131002968,8
131002968,3960,1.28,0.92,10.51

131002968,8
131002984,3973,1.19,0.83,9.97

131002984,8
131002984,3986,1.31,0.81,9.43

131003000,8
131003000,3999,1.32,0.86,9.66

131003015,8
131003015,4012,1.36,0.94,9.77

131003031,8
131003031,4025,1.24,0.66,9.93

131003046,8
131003046,4038,0.88,-0.48,10.16

131003062,8
131003062,4051,1.21,0.74,7.88

131003062,8
131003062,4064,1.38,0.63,8.75

131003078,8
131003078,4077,1.27,0.57,9.05

131003093,8
131003093,4090,1.38,0.63,9.28

131003109,8
131003109,4103,1.35,0.61,9.27

131003125,8
131003125,4116,1.33,0.55,9.28

131003125,8
131003140,4129,1.32,0.58,9.36

131003140,8
131003140,4142,1.27,0.56,9.42

131003156,8
131003156,4155,1.29,0.56,9.42

131003171,8
131003171,4168,1.30,0.55,9.41

131003187,8
131003187,4181,1.31,0.56,9.39

131003203,8
131003203,4194,1.30,0.57,9.37

131003203,8
131003218,4207,1.32,0.58,9.35

131003218,8
131003218,4220,1.34,0.56,9.29

131003234,8
131003234,4233,1.37,0.58,9.28

131003250,8
131003250,4246,1.34,0.60,9.31

131003265,8
131003265,4259,1.33,0.59,9.36

131003281,8
131003281,4272,1.97,2.41,3.06

131003296,8
131003296,4285,2.04,0.48,12.61

131003296,8
131003296,4298,1.75,2.50,11.03

131003312,8
131003312,4311,1.30,1.03,10.44

131003328,8
131003328,4324,1.18,0.82,9.68

131003343,8
131003343,4337,1.56,1.21,9.72

131003359,8
131003359,4350,1.85,1.77,10.30

131003375,8
131003375,4363,-0.36,-2.41,10.17

131003375,8
131003375,4376,1.22,0.37,7.76

131003390,8
131003390,4389,1.35,0.86,8.42

131003406,8
131003406,4402,1.30,0.59,9.23

131003421,8
131003421,4415,1.33,0.59,9.41

131003437,8
131003437,4428,1.37,0.61,9.21

131003437,8
131003453,4441,1.34,0.56,9.27

131003453,8
131003453,4454,1.34,0.57,9.33

131003468,8
131003468,4467,1.31,0.54,9.33

131003484,8
131003484,4480,1.25,0.55,9.43

131003500,8
131003500,4493,1.28,0.57,9.45

131003515,8
131003515,4506,1.29,0.53,9.42

131003531,8
131003531,4519,1.30,0.53,9.38

131003531,8
131003531,4532,1.32,0.56,9.38

131003546,8
131003546,4545,1.31,0.57,9.37

131003562,8
131003562,4558,1.34,0.57,9.31

131003578,8
131003578,4571,1.33,0.57,9.30

131003593,8
131003593,4584,1.34,0.57,9.31

131003609,8
131003609,4597,1.10,-4.30,17.50

131003609,8
131003609,4610,2.37,3.25,11.37

131003625,8
131003625,4623,1.36,1.08,10.69

131003640,8
131003640,4636,1.14,0.85,9.91

131003656,8
131003656,4649,1.36,0.89,9.41

131003671,8
131003671,4662,1.45,1.44,10.07

131003671,8
131003671,4675,1.74,1.91,10.20

131003687,8
131003687,4688,0.13,-3.32,10.36

131003703,8
131003703,4701,1.22,0.81,7.47

131003718,8
131003718,4714,1.41,0.94,8.74

131003734,8
131003734,4727,1.30,0.62,9.21

131003750,8
131003750,4740,1.30,0.61,9.33

131003750,8
131003750,4753,1.39,0.64,9.20

131003765,8
131003765,4766,1.34,0.54,9.28

131003781,8
131003781,4779,1.33,0.58,9.33

131003796,8
131003796,4792,1.31,0.58,9.35

131003812,8
131003812,4805,1.27,0.55,9.42

131003828,8
131003828,4818,1.32,0.57,9.42

131003828,8
131003828,4831,1.29,0.54,9.40

131003843,8
131003843,4844,1.29,0.54,9.37

131003859,8
131003859,4857,1.29,0.57,9.38

131003875,8
131003875,4870,1.33,0.57,9.35

131003890,8
131003890,4883,1.36,0.59,9.29

131003906,8
131003906,4896,1.36,0.60,9.29

131003906,8
131003906,4909,1.36,0.58,9.32

131003921,8
131003921,4922,0.83,-3.53,16.86

131003937,8
131003937,4935,2.26,2.92,11.04

131003953,8
131003953,4948,1.35,1.03,10.61

131003968,8
131003968,4961,1.12,0.88,9.91

131003984,8
131003984,4974,1.37,0.88,9.44

131003984,8
131003984,4987,1.38,1.27,10.11

131004000,8
131004000,5000,1.45,1.14,10.67

131004015,8
131004015,5013,1.21,-1.09,9.15

131004031,8
131004031,5026,0.92,0.96,7.24

131004046,8
131004046,5039,1.41,0.64,9.35

131004062,8
131004062,5052,1.31,0.61,9.24

131004062,8
131004062,5065,1.36,0.57,9.24

131004078,8
131004078,5078,1.34,0.61,9.20

131004093,8
131004093,5091,1.36,0.55,9.27

131004109,8
131006109,5104,1.33,0.56,9.31
85117,1.29,0.54,9.41
85130,1.25,0.55,9.44
85143,1.30,0.54,9.43
85156,1.27,0.53,9.39
85169,1.30,0.56,9.39
85182,1.27,0.58,9.38
85195,1.31,0.59,9.33
85208,1.35,0.56,9.28
85221,1.59,0.88,8.64
85234,1.58,-1.58,12.38
85247,2.02,2
131006109,.97,10.77
85260,1.40,1.06,10.43
85273,1.11,0.79,9.66
85286,1.29,0.89,9.38
85299,1.34,1.16,9.91
85312,1.52,1.81,9.99
85325,1.64,1.04,10.42
85338,0.73,-1.28,8.78
85351,1.23,0.97,7.75
85364,1.48,0.72,9.25
85377,1.23,0.62,9.15
85390,1.36,0.62,9.19
131006109,
85403,1.35,0.60,9.23
85416,1.31,0.51,9.28
85429,1.32,0.62,9.32
85442,1.24,0.57,9.46
85455,1.25,0.57,9.42
85468,1.29,0.55,9.39
85481,1.27,0.56,9.42
85494,1.32,0.60,9.37
85507,1.31,0.56,9.33
85520,1.37,0.57,9.31
85533,1.35,0.60,9.26
85546,1.34,0
131006109,.61,9.28
85559,1.32,0.58,9.30
85572,-2.07,-2.34,-5.01
85585,2.39,2.62,11.80
85598,1.31,1.39,10.76
85611,1.14,0.92,10.25
85624,1.21,0.77,9.57
85637,1.38,1.03,9.72
85650,1.41,1.08,10.05
85663,1.54,0.53,10.44
85676,0.85,-0.44,8.64
85689,1.16,1.02,
131006125,7.76
85702,1.43,0.67,9.24
85715,1.27,0.61,9.24
85728,1.37,0.59,9.29
85741,1.31,0.59,9.30
85754,1.33,0.54,9.34
85767,1.31,0.59,9.38
85780,1.28,0.55,9.40
85793,1.28,0.57,9.43
85806,1.31,0.56,9.39
85819,1.30,0.55,9.40
85832,1.30,0.55,9.35
85845,1
131006125,.33,0.57,9.34
85858,1.32,0.56,9.29
85871,1.36,0.56,9.28
85884,1.33,0.56,9.30
85897,1.32,0.57,9.33
85910,1.28,0.56,9.36
85923,1.29,0.54,9.37
85936,1.28,0.54,9.40
85949,1.27,0.55,9.38
85962,1.31,0.56,9.33
85975,1.31,0.57,9.34
85988,1.35,0.57,9.32
131006125,
86001,1.32,0.57,9.33
86014,1.33,0.56,9.30
86027,1.31,0.57,9.32
86040,1.31,0.57,9.36
86053,1.32,0.56,9.34
86066,1.31,0.55,9.35
86079,1.31,0.54,9.36
86092,1.30,0.56,9.38
86105,1.31,0.56,9.37
86118,1.31,0.56,9.33
86131,1.34,0.58,9.36
86144,1.33,
131006125,0.57,9.33
86157,1.35,0.58,9.34
86170,1.33,0.57,9.36
86183,1.32,0.56,9.36
86196,1.32,0.58,9.36
86209,1.30,0.56,9.34
86222,1.32,0.59,9.38
86235,1.31,0.56,9.36
86248,1.34,0.56,9.37
86261,1.32,0.57,9.35
86274,1.34,0.56,9.34
86287,1.33,0.56,9.36
86
131006125,300,1.32,0.55,9.35
86313,1.34,0.58,9.36
86326,1.30,0.55,9.35
86339,1.32,0.57,9.37
86352,1.30,0.54,9.40
86365,1.33,0.55,9.40
86378,1.31,0.54,9.38
86391,1.34,0.55,9.38
86404,1.31,0.57,9.36
86417,1.33,0.55,9.36
86430,1.32,0.54,9.36
86443,1.32,0.56
131006125,,9.35
86456,1.33,0.55,9.35
86469,1.32,0.55,9.36
86482,1.34,0.55,9.39
86495,1.30,0.56,9.41
86508,1.30,0.57,9.40
86521,1.31,0.57,9.39
86534,1.31,0.54,9.37
86547,1.31,0.56,9.35
86560,1.30,0.58,9.34
86573,1.32,0.57,9.34
86586,1.29,0.56,9.31
86599,
131006125,1.33,0.58,9.34
86612,1.31,0.55,9.36
86625,1.32,0.53,9.34
86638,1.32,0.55,9.36
86651,1.31,0.54,9.35
86664,1.32,0.57,9.35
86677,1.31,0.58,9.35
86690,1.33,0.58,9.33
86703,1.31,0.57,9.31
86716,1.32,0.58,9.33
86729,1.29,0.57,9.36
86742,1.30,0.56,9.3
131006125,6
86755,1.31,0.57,9.35
86768,1.32,0.56,9.38
86781,1.32,0.56,9.36
86794,1.29,0.57,9.35
86807,1.31,0.58,9.35
86820,1.31,0.57,9.33
86833,1.31,0.56,9.35
86846,1.30,0.57,9.33
86859,1.32,0.56,9.36
86872,1.31,0.57,9.35
86885,1.30,0.56,9.36
86898,1.33
131006125,,0.57,9.36
86911,1.30,0.55,9.36
86924,1.32,0.57,9.35
86937,1.32,0.56,9.39
86950,1.33,0.56,9.35
86963,1.31,0.56,9.37
86976,1.31,0.56,9.39
86989,1.31,0.55,9.35
87002,1.31,0.56,9.35
87015,1.34,0.56,9.38
87028,1.32,0.54,9.38
87041,1.34,0.56,9.36
8
131006125,7054,1.31,0.55,9.34
87067,1.35,0.55,9.37
87080,1.30,0.54,9.37
87093,1.34,0.57,9.36
87106,1.32,0.56,9.37
87119,1.32,0.56,9.34

131006140,8
131006140,7132,1.32,0.55,9.35

131006156,8
131006156,7145,1.32,0.55,9.34

131006156,8
131006156,7158,1.31,0.56,9.34

131006171,8
131006171,7171,1.30,0.55,9.35

131006187,8
131006187,7184,1.32,0.57,9.37

131006203,8
131006203,7197,1.30,0.56,9.36

131006218,8
131006218,7210,1.31,0.56,9.37

131006234,8
131006234,7223,1.30,0.57,9.33

131006234,8
131006234,7236,1.32,0.58,9.33

131006250,8
131006250,7249,1.32,0.57,9.35

131006265,8
131006265,7262,1.30,0.58,9.34

131006281,8
131006281,7275,1.30,0.57,9.36

131006296,8
131006296,7288,1.30,0.54,9.34

131006312,8
131006312,7301,1.33,0.55,9.37

131006312,8
131006312,7314,1.30,0.54,9.35

131006328,8
131006328,7327,1.32,0.57,9.35

131006343,8
131006343,7340,1.30,0.57,9.37

131006359,8
131006359,7353,1.33,0.55,9.37

131006375,8
131006375,7366,1.34,0.59,9.36

131006375,8
131006390,7379,1.33,0.57,9.34

131006390,8
131006390,7392,1.32,0.58,9.34

131006406,8
131006406,7405,1.30,0.56,9.36

131006421,8
131006421,7418,2.56,1.21,1.70

131006437,8
131006437,7431,1.69,0.72,12.14

131006453,8
131006453,7444,1.44,1.20,10.16

131006453,8
131006468,7457,1.36,0.93,9.80

131006468,8
131006468,7470,1.26,0.84,9.89

131006484,8
131006484,7483,1.10,0.67,10.29

131006500,8
131006500,7496,1.77,0.65,10.34

131006515,8
131006515,7509,0.94,0.26,7.04

131006531,8
131006531,7522,1.26,0.51,9.44

131006531,8
131006546,7535,1.33,0.60,9.29

131006546,8
131006546,7548,1.31,0.52,9.36

131006562,8
131006562,7561,1.33,0.56,9.29

131006578,8
131006578,7574,1.49,0.67,9.08

131006593,8
131006593,7587,1.36,0.21,14.57

131006609,8
131006609,7600,1.66,1.51,10.07

131006625,8
131006625,7613,1.50,1.06,10.13

131006625,8
131006625,7626,1.31,0.88,10.08

131006640,8
131006640,7639,1.40,0.75,9.85

131006656,8
131006656,7652,1.41,0.82,10.41

131006671,8
131006671,7665,1.38,1.18,9.19

131006687,8
131006687,7678,1.05,0.03,7.23

131006687,8
131006687,7691,1.32,0.42,9.52

131006703,8
131006703,7704,1.32,0.54,9.29

131006718,8
131006718,7717,1.37,0.55,9.26

131006734,8
131006734,7730,1.32,0.59,9.23

131006750,8
131006750,7743,1.35,0.55,9.31

131006765,8
131006765,7756,1.32,0.55,9.36

131006765,8
131006781,7769,1.33,0.54,9.33

131006781,8
131006781,7782,1.28,0.56,9.36

131006796,8
131006796,7795,1.27,0.57,9.40

131006812,8
131006812,7808,1.30,0.53,9.40

131006828,8
131006828,7821,1.31,0.53,9.37

131006843,8
131006843,7834,1.33,0.55,9.37

131006843,8
131006843,7847,0.61,0.44,-10.31

131006859,8
131006859,7860,2.76,2.83,12.51

131006875,8
131006875,7873,1.38,0.92,10.21

131006890,8
131006890,7886,1.29,0.99,9.93

131006906,8
131006906,7899,1.27,0.82,9.92

131006921,8
131006921,7912,1.22,0.95,10.33

131006921,8
131006937,7925,1.79,0.32,10.06

131006937,8
131006937,7938,0.83,0.31,7.22

131006953,8
131006953,7951,1.24,0.48,9.25

131006968,8
131006968,7964,1.28,0.57,9.27

131006984,8
131006984,7977,1.33,0.54,9.37

131007000,8
131007000,7990,0.45,-1.05,9.22

131007000,8
131007000,8003,1.48,1.50,10.74

131007015,8
131007015,8016,1.26,0.88,10.18

131007031,8
131007031,8029,1.21,0.92,10.04

131007046,8
131007046,8042,1.35,0.94,9.77

131007062,8
131007062,8055,1.42,1.45,10.10

131007078,8
131007078,8068,1.14,-0.46,10.52

131007078,8
131007078,8081,1.15,0.40,7.85

131007093,8
131007093,8094,1.20,0.69,8.43

131007109,8
131007109,8107,1.30,0.55,9.28

131007125,8
131007125,8120,1.29,0.62,9.40

131007140,8
131007140,8133,1.37,0.56,9.28

131007156,8
131007156,8146,1.34,0.59,9.23

131007171,8
131007171,8159,1.35,0.57,9.25

131007171,8
131007171,8172,1.34,0.58,9.32

131007187,8
131007187,8185,1.29,0.57,9.37

131007203,8
131007203,8198,1.32,0.56,9.35

131007218,8
131007218,8211,1.29,0.54,9.41

131007234,8
131007234,8224,1.29,0.53,9.42

131007234,8
131007234,8237,1.31,0.57,9.39

131007250,8
131007250,8250,1.30,0.55,9.39

131007265,8
131007265,8263,1.31,0.57,9.37

131007281,8
131007281,8276,1.31,0.57,9.31

131007296,8
131007296,8289,1.34,0.59,9.30

131007312,8
131007312,8302,-4.18,-5.02,-1.32

131007312,8
131007312,8315,2.53,2.55,11.41

131007328,8
131007328,8328,1.46,0.95,10.22

131007343,8
131007343,8341,1.19,0.90,9.90

131007359,8
131007359,8354,1.32,0.78,9.67

131007375,8
131007375,8367,1.47,0.94,10.05

131007390,8
131007390,8380,1.46,0.68,11.07

131007390,8
131007390,8393,1.28,0.63,8.24

131007406,8
131007406,8406,0.99,0.38,7.57

131007421,8
131007421,8419,1.32,0.51,9.35

131007437,8
131007437,8432,1.29,0.56,9.36

131007453,8
131007453,8445,1.35,0.58,9.24

131007468,8
131007468,8458,2.10,1.41,6.86

131007468,8
131007468,8471,2.45,1.70,12.38

131007484,8
131007484,8484,1.43,0.90,10.00

131007500,8
131007500,8497,1.34,0.89,10.36

131007515,8
131007515,8510,1.12,0.64,9.92

131007531,8
131007531,8523,1.31,0.84,9.73

131007546,8
131007546,8536,1.43,1.02,10.13

131007546,8
131007546,8549,0.92,0.14,10.67

131007562,8
131007562,8562,1.20,0.67,7.75

131007578,8
131007578,8575,1.24,0.53,8.62

131007593,8
131007593,8588,1.33,0.53,9.10

131007609,8
131007609,8601,1.36,0.63,9.28

131007625,8
131007625,8614,1.37,0.61,9.18

131007625,8
131007625,8627,1.33,0.60,9.21

131007640,8
131007640,8640,1.36,0.59,9.27

131007656,8
131007656,8653,1.30,0.55,9.34

131007671,8
131007671,8666,1.28,0.55,9.40

131007687,8
131007687,8679,1.27,0.58,9.45

131007703,8
131007703,8692,1.25,0.55,9.45

131007703,8
131007703,8705,1.30,0.55,9.41

131007718,8
131007718,8718,1.29,0.55,9.41

131007734,8
131007734,8731,1.32,0.57,9.38

131007750,8
131007750,8744,1.34,0.58,9.35

131007765,8
131007765,8757,1.35,0.60,9.28

131007781,8
131007781,8770,1.34,0.58,9.28

131007781,8
131007796,8783,1.33,0.57,9.33

131007796,8
131007796,8796,2.41,2.55,13.78

131007812,8
131007812,8809,1.47,1.42,10.43

131007828,8
131007828,8822,1.46,1.05,10.50

131007843,8
131007843,8835,1.13,0.71,9.98

131007859,8
131007859,8848,1.35,0.83,9.82

131007859,8
131007859,8861,1.37,0.81,10.70

131007875,8
131007875,8874,1.34,0.84,9.74

131007890,8
131007890,8887,1.10,0.45,7.32

131007906,8
131007906,8900,1.26,0.43,9.19

131007921,8
131007921,8913,1.31,0.54,9.19

131007937,8
131007937,8926,1.37,0.59,9.35

131007937,8
131007937,8939,1.33,0.62,9.16

131007953,8
131007953,8952,2.01,1.05,16.19

131007968,8
131007968,8965,1.50,1.38,10.09

131007984,8
131007984,8978,1.35,0.85,10.25

131008000,8
131008000,8991,1.09,0.77,10.17

131008000,8
131008015,9004,1.23,0.81,9.75

131008015,8
131008015,9017,1.29,0.91,9.89

131008031,8
131008031,9030,1.34,1.00,10.57

131008046,8
131008046,9043,1.16,0.08,9.93

131008062,8
131008062,9056,1.08,0.49,7.30

131008078,8
131008078,9069,1.37,0.49,9.05

131008093,8
131008093,9082,1.32,0.53,9.22

131008093,8
131008093,9095,1.34,0.61,9.29

131008109,8
131008109,9108,1.33,0.62,9.13

131008125,8
131008125,9121,1.35,0.58,9.17

131008140,8
131008140,9134,1.34,0.57,9.25

131008156,8
131008156,9147,1.29,0.54,9.34

131008171,8
131008171,9160,1.24,0.53,9.42

131008171,8
131008171,9173,1.26,0.55,9.48

131008187,8
131008187,9186,1.25,0.54,9.46

131008203,8
131008203,9199,1.29,0.55,9.40

131008218,8
131008218,9212,1.29,0.56,9.42

131008234,8
131008234,9225,1.33,0.58,9.38

131008250,8
131008250,9238,1.33,0.60,9.31

131008250,8
131008250,9251,3.01,2.65,-5.43

131008265,8
131008265,9264,3.20,3.10,11.25

131008281,8
131008281,9277,1.38,0.83,9.76

131008296,8
131008296,9290,1.27,0.98,10.11

131008312,8
131008312,9303,1.24,0.71,9.85

131008312,8
131008328,9316,1.38,0.98,9.89

131008328,8
131008328,9329,1.67,1.30,10.50

131008343,8
131008343,9342,0.29,-0.62,9.80

131008359,8
131008359,9355,1.14,0.68,7.34

131008375,8
131008375,9368,1.40,0.61,9.28

131008390,8
131008390,9381,1.28,0.54,9.28

131008406,8
131008406,9394,1.34,0.60,9.35

131008406,8
131008406,9407,1.34,0.62,9.14

131008421,8
131008421,9420,1.87,0.91,14.85

131008437,8
131008437,9433,1.63,1.46,9.97

131008453,8
131008453,9446,1.36,0.83,10.16

131008468,8
131008468,9459,1.10,0.82,10.18

131008468,8
131008484,9472,1.27,0.80,9.72

131008484,8
131008484,9485,1.33,0.96,9.85

131008500,8
131008500,9498,1.54,1.46,10.28

131008515,8
131008515,9511,0.13,-1.00,10.26

131008531,8
131008531,9524,1.32,0.71,7.50

131008546,8
131008546,9537,1.45,0.61,8.98

131008546,8
131008546,9550,1.36,0.55,9.23

131008562,8
131008562,9563,1.33,0.60,9.29

131008578,8
131008578,9576,1.41,0.66,9.11

131008593,8
131008593,9589,1.36,0.59,9.12

131008609,8
131008609,9602,1.36,0.58,9.20

131008625,8
131008625,9615,1.33,0.58,9.36

131008625,8
131008640,9628,1.26,0.54,9.40

131008640,8
131008640,9641,1.29,0.56,9.46

131008656,8
131008656,9654,1.25,0.52,9.47

131008671,8
131008671,9667,1.28,0.53,9.42

131008687,8
131008687,9680,1.27,0.56,9.41

131008703,8
131008703,9693,1.33,0.56,9.39

131008703,8
131008703,9706,1.35,0.57,9.33

131008718,8
131008718,9719,1.95,1.24,7.72

131008734,8
131008734,9732,3.00,2.71,13.43

131008750,8
131008750,9745,1.76,1.68,9.98

131008765,8
131008765,9758,1.65,1.28,10.15

131008781,8
131008781,9771,1.13,0.73,9.92

131008781,8
131008796,9784,1.29,0.73,9.96

131008796,8
131008796,9797,1.56,0.59,10.72

131008812,8
131008812,9810,1.10,2.58,10.17

131008828,8
131008828,9823,0.88,-0.22,7.00

131008843,8
131008843,9836,1.18,0.26,9.22

131008859,8
131008859,9849,1.28,0.52,9.33

131008859,8
131008875,9862,1.33,0.59,9.39

131008875,8
131008875,9875,1.30,0.59,9.17

131008890,8
131008890,9888,2.07,1.29,7.25

131008906,8
131008906,9901,2.58,2.23,12.33

131008921,8
131008921,9914,1.45,1.09,9.98

131008937,8
131008937,9927,1.38,0.96,10.41

131008937,8
131008937,9940,1.07,0.74,10.12

131008953,8
131008953,9953,1.34,0.97,9.72

131008968,8
131008968,9966,1.55,1.32,9.97

131008984,8
131008984,9979,1.05,0.54,10.61

131009000,8
131009000,9992,1.06,-0.17,8.37

131009015,9
131009015,0005,1.17,0.65,8.13

131009015,9
131009015,0018,1.41,0.59,9.25

131009031,9
131009031,0031,1.29,0.58,9.30

131009046,9
131009046,0044,1.40,0.64,9.19

131009062,9
131009062,0057,1.34,0.64,9.10

131009078,9
131009078,0070,1.35,0.59,9.18

131009093,9
131009093,0083,1.33,0.60,9.32

131009093,9
131009093,0096,1.29,0.55,9.42

131009109,9
131009109,0109,1.26,0.55,9.44

131009125,9
131009125,0122,1.24,0.52,9.49

131009140,9
131009140,0135,1.27,0.55,9.48

131009156,9
131009156,0148,1.26,0.55,9.43

131009171,9
131009171,0161,1.30,0.56,9.41

131009171,9
131009171,0174,1.30,0.56,9.36

131009187,9
131009187,0187,1.34,0.57,9.31

131009203,9
131009203,0200,2.60,2.33,12.88

131009218,9
131009218,0213,1.54,1.32,10.11

131009234,9
131009234,0226,1.52,0.92,10.09

131009250,9
131009250,0239,1.13,0.70,9.79

131009250,9
131009250,0252,1.22,0.77,9.65

131009265,9
131009265,0265,1.21,0.77,10.04

131009281,9
131009281,0278,1.22,0.70,10.84

131009296,9
131009296,0291,1.46,1.27,9.09

131009312,9
131009312,0304,0.91,0.28,7.27

131009328,9
131009328,0317,1.25,0.44,9.30

131009328,9
131009328,0330,1.31,0.58,9.38

131009343,9
131009343,0343,1.32,0.55,9.31

131009359,9
131009359,0356,2.35,0.22,18.38

131009375,9
131009375,0369,1.40,1.60,10.50

131009390,9
131009390,0382,1.25,0.80,10.08

131009406,9
131009406,0395,1.05,0.87,10.28

131009406,9
131009406,0408,1.17,0.72,9.88

131009421,9
131009421,0421,1.23,0.88,9.80

131009437,9
131009437,0434,1.48,1.11,10.10

131009453,9
131009453,0447,1.40,1.40,10.74

131009468,9
131009468,0460,0.75,-0.61,8.57

131009484,9
131009484,0473,1.21,0.59,7.91

131009484,9
131009484,0486,1.38,0.57,9.27

131009500,9
131009500,0499,1.27,0.60,9.30

131009515,9
131009515,0512,1.38,0.63,9.16

131009531,9
131009531,0525,1.35,0.64,9.04

131009546,9
131009546,0538,1.36,0.58,9.09

131009562,9
131009562,0551,1.33,0.61,9.26

131009562,9
131009562,0564,1.27,0.56,9.41

131009578,9
131009578,0577,1.27,0.56,9.44

131009593,9
131009593,0590,1.24,0.54,9.49

131009609,9
131009609,0603,1.26,0.53,9.46

131009625,9
131009625,0616,1.25,0.54,9.43

131009625,9
131009625,0629,1.29,0.56,9.40

131009640,9
131009640,0642,1.30,0.55,9.38

131009656,9
131009656,0655,-3.92,-5.23,-19.61

131009671,9
131009671,0668,2.22,2.42,11.49

131009687,9
131009687,0681,1.22,0.79,9.92

131009703,9
131009703,0694,1.15,0.99,10.05

131009703,9
131009718,0707,1.17,0.73,9.80

131009718,9
131009718,0720,1.27,1.06,10.05

131009734,9
131009734,0733,1.49,1.67,10.71

131009750,9
131009750,0746,0.97,-1.11,9.47

131009765,9
131009765,0759,1.02,0.74,7.24

131009781,9
131009781,0772,1.38,0.56,9.37

131009796,9
131009796,0785,1.24,0.51,9.42

131009796,9
131009796,0798,1.31,0.55,9.40

131009812,9
131009812,0811,1.34,0.62,9.18

131009828,9
131009828,0824,2.51,2.46,12.24

131009843,9
131009843,0837,1.64,1.44,9.77

131009859,9
131009859,0850,1.42,0.99,10.16

131009875,9
131009875,0863,1.05,0.77,10.15

131009875,9
131009875,0876,1.24,0.88,9.82

131009890,9
131009890,0889,1.46,1.13,9.91

131009906,9
131009906,0902,1.35,1.36,10.71

131009921,9
131009921,0915,0.48,-1.06,9.08

131009937,9
131009937,0928,1.12,0.67,7.61

131009937,9
131009937,0941,1.38,0.62,9.31

131009953,9
131009953,0954,1.25,0.55,9.40

131009968,9
131009968,0967,1.32,0.58,9.32

131009984,9
131009984,0980,1.38,0.66,9.14

131010000,9
131010000,0993,1.33,0.59,9.05

131010015,9
131010015,1006,1.36,0.62,9.16

131010015,9
131010015,1019,1.29,0.58,9.33

131010031,9
131010031,1032,1.27,0.56,9.42

131010046,9
131010046,1045,1.24,0.55,9.46

131010062,9
131010062,1058,1.22,0.53,9.45

131010078,9
131010078,1071,1.27,0.55,9.47

131010093,9
131010093,1084,1.25,0.57,9.43

131010109,9
131010109,1097,1.28,0.59,9.37

131010109,9
131010109,1110,1.28,0.58,9.35

131010125,9
131010125,1123,1.33,0.59,9.28

131010140,9
131010140,1136,1.36,-3.32,19.61

131010156,9
131010156,1149,1.85,2.33,10.33

131010171,9
131010171,1162,1.42,0.89,10.01

131010171,9
131010171,1175,1.09,0.89,9.81

131010187,9
131010187,1188,1.28,0.78,9.65

131010203,9
131010203,1201,1.31,0.87,10.04

131010218,9
131010218,1214,1.71,1.41,10.89

131010234,9
131010234,1227,1.01,0.28,9.50

131010250,9
131010250,1240,1.05,0.34,7.30

131010250,9
131010250,1253,1.33,0.50,9.25

131010265,9
131010265,1266,1.26,0.54,9.35

131010281,9
131010281,1279,1.33,0.58,9.33

131010296,9
131010296,1292,-6.80,-8.82,-14.54

131010312,9
131010312,1305,2.77,3.47,10.35

131010328,9
131010328,1318,1.41,1.03,9.67

131010328,9
131010328,1331,1.11,1.16,10.49

131010343,9
131010343,1344,1.05,0.72,10.09

131010359,9
131010359,1357,1.25,0.96,9.88

131010375,9
131010375,1370,1.56,1.18,9.99

131010390,9
131010390,1383,1.42,1.31,10.70

131010406,9
131010406,1396,-0.04,-0.55,8.97

131010406,9
131010421,1409,1.14,0.46,7.67

131010421,9
131010421,1422,1.40,0.59,9.27

131010437,9
131010437,1435,1.27,0.58,9.36

131010453,9
131010453,1448,1.36,0.59,9.28

131010468,9
131010468,1461,1.36,0.67,9.07

131010484,9
131010484,1474,1.35,0.61,9.03

131010484,9
131010484,1487,1.34,0.61,9.16

131010500,9
131010500,1500,1.27,0.58,9.38

131010515,9
131010515,1513,1.26,0.56,9.43

131010531,9
131010531,1526,1.24,0.56,9.50

131010546,9
131010546,1539,1.25,0.53,9.46

131010562,9
131010562,1552,1.24,0.53,9.45

131010562,9
131010562,1565,1.28,0.55,9.42

131010578,9
131010578,1578,1.26,0.57,9.39

131010593,9
131010593,1591,1.30,0.59,9.38

131010609,9
131010609,1604,-4.72,-5.91,-1.95

131010625,9
131010625,1617,2.04,2.28,10.30

131010640,9
131010640,1630,1.36,0.79,9.91

131010640,9
131010640,1643,1.09,0.88,9.96

131010656,9
131010656,1656,1.22,0.71,9.92

131010671,9
131010671,1669,1.40,0.90,10.35

131010687,9
131010687,1682,1.47,0.70,10.98

131010703,9
131010703,1695,1.08,0.48,7.80

131010718,9
131010718,1708,1.14,0.37,8.07

131010718,9
131010718,1721,1.25,0.53,9.42

131010734,9
131010734,1734,1.28,0.56,9.49

131010750,9
131010750,1747,1.31,0.58,9.33

131010765,9
131010765,1760,2.01,0.56,14.96

131010781,9
131010781,1773,1.79,1.85,9.98

131010796,9
131010796,1786,1.40,0.94,10.04

131010796,9
131010796,1799,1.06,0.83,10.01

131010812,9
131010812,1812,1.22,0.82,9.68

131010828,9
131010828,1825,1.33,1.00,9.87

131010843,9
131010843,1838,1.47,1.27,10.33

131010859,9
131010859,1851,0.45,-0.63,10.61

131010875,9
131010875,1864,1.02,0.40,7.27

131010875,9
131010875,1877,1.31,0.48,9.04

131010890,9
131010890,1890,1.25,0.55,9.36

131010906,9
131010906,1903,1.28,0.59,9.42

131010921,9
131010921,1916,1.35,0.65,9.21

131010937,9
131010937,1929,1.33,0.62,9.06

131010953,9
131010953,1942,1.35,0.64,9.11

131010953,9
131010953,1955,1.29,0.59,9.26

131010968,9
131010968,1968,1.25,0.58,9.42

131010984,9
131010984,1981,1.23,0.57,9.44

131011000,9
131011000,1994,1.24,0.54,9.46

131011015,9
131011015,2007,1.22,0.54,9.45

131011031,9
131011031,2020,1.21,0.56,9.44

131011031,9
131011031,2033,1.27,0.57,9.40

131011046,9
131011046,2046,1.27,0.58,9.37

131011062,9
131011062,2059,1.31,0.59,9.32

131011078,9
131011078,2072,1.72,-0.60,15.78

131011093,9
131011093,2085,1.53,1.77,9.97

131011109,9
131011109,2098,1.40,0.91,10.01

131011109,9
131011109,2111,1.14,0.78,9.59

131011125,9
131011125,2124,1.29,0.93,9.67

131011140,9
131011140,2137,1.25,1.39,10.42

131011156,9
131011156,2150,1.53,-0.80,10.59

131011171,9
131011171,2163,0.95,0.54,7.53

131011171,9
131011187,2176,1.18,0.47,8.94

131011187,9
131011187,2189,1.22,0.53,9.31

131011203,9
131011203,2202,1.28,0.61,9.40

131011218,9
131011218,2215,1.32,0.58,9.23

131011234,9
131011234,2228,2.12,0.29,13.06

131011250,9
131011250,2241,1.69,1.99,10.08

131011265,9
131011265,2254,1.38,0.92,10.15

131011265,9
131011265,2267,1.04,0.81,10.03

131011281,9
131011281,2280,1.27,0.88,9.72

131011296,9
131011296,2293,1.41,1.12,10.06

131011312,9
131011312,2306,1.36,1.14,10.85

131011328,9
131011328,2319,1.01,-0.07,8.36

131011343,9
131011343,2332,0.94,0.40,7.89

131011343,9
131011343,2345,1.32,0.53,9.33

131011359,9
131011359,2358,1.25,0.61,9.41

131011375,9
131011375,2371,1.30,0.60,9.29

131011390,9
131011390,2384,1.30,0.66,9.13

131011406,9
131011406,2397,1.30,0.59,9.12

131011421,9
131011421,2410,1.32,0.60,9.21

131011421,9
131011421,2423,1.27,0.56,9.32

131011437,9
131011437,2436,1.25,0.57,9.40

131011453,9
131011453,2449,1.22,0.56,9.41

131011468,9
131011468,2462,1.21,0.54,9.45

131011484,9
131011484,2475,1.24,0.54,9.45

131011484,9
131011484,2488,1.23,0.54,9.41

131011500,9
131011500,2501,1.28,0.58,9.36

131011515,9
131011515,2514,1.26,0.58,9.33

131011531,9
131011531,2527,1.29,0.59,9.30

131011546,9
131011546,2540,2.57,2.44,0.19

131011562,9
131011562,2553,3.99,4.85,6.70

131011578,9
131011578,2566,1.46,1.18,9.07

131011578,9
131011578,2579,1.41,1.10,9.81

131011593,9
131011593,2592,1.20,0.68,9.71

131011609,9
131011609,2605,1.48,1.14,9.91

131011625,9
131011625,2618,1.44,0.77,10.95

131011640,9
131011640,2631,0.93,0.37,8.04

131011640,9
131011656,2644,1.12,0.50,8.10

131011656,9
131011656,2657,1.25,0.54,9.35

131011671,9
131011671,2670,1.26,0.58,9.37

131011687,9
131011687,2683,1.34,0.62,9.31

131011703,9
131011703,2696,-3.90,-4.88,-15.69

131011718,9
131011718,2709,2.20,2.35,11.17

131011718,9
131011734,2722,1.21,0.83,9.99

131011734,9
131011734,2735,1.05,0.97,10.35

131011750,9
131011750,2748,1.16,0.76,9.92

131011765,9
131011765,2761,1.35,1.13,10.10

131011781,9
131011781,2774,1.72,1.36,10.66

131011796,9
131011796,2787,0.20,-0.71,9.13

131011796,9
131011796,2800,1.02,0.58,7.52

131011812,9
131011812,2813,1.33,0.60,9.38

131011828,9
131011828,2826,1.24,0.57,9.41

131011843,9
131011843,2839,1.31,0.56,9.33

131011859,9
131011859,2852,1.34,0.65,9.14

131011875,9
131011875,2865,1.29,0.61,9.14

131011890,9
131011890,2878,1.33,0.64,9.22

131011890,9
131011890,2891,1.27,0.55,9.34

131011906,9
131011906,2904,1.24,0.56,9.40

131011921,9
131011921,2917,1.22,0.56,9.45

131011937,9
131011937,2930,1.22,0.56,9.45

131011953,9
131011953,2943,1.24,0.54,9.41

131011953,9
131011953,2956,1.25,0.54,9.38

131011968,9
131011968,2969,1.26,0.57,9.37

131011984,9
131011984,2982,1.28,0.58,9.37

131012000,9
131012000,2995,1.32,0.57,9.31

131012015,9
131012015,3008,0.40,0.52,-10.32

131012031,9
131012031,3021,3.05,3.30,11.09

131012031,9
131012031,3034,1.28,1.00,10.06

131012046,9
131012046,3047,1.23,1.19,10.23

131012062,9
131012062,3060,1.44,1.24,10.30

131012078,9
131012078,3073,0.98,0.87,10.84

131012093,9
131012093,3086,1.22,0.07,7.77

131012109,9
131012109,3099,1.04,0.49,8.42

131012109,9
131012125,3112,1.24,0.57,9.36

131012125,9
131012125,3125,1.24,0.59,9.48

131012140,9
131012140,3138,1.33,0.60,9.29

131012156,9
131012156,3151,2.19,0.96,19.61

131012171,9
131012171,3164,1.33,1.69,10.53

131012187,9
131012187,3177,1.30,0.90,10.22

131012187,9
131012187,3190,1.06,0.86,10.12

131012203,9
131012203,3203,1.26,0.84,9.78

131012218,9
131012218,3216,1.31,1.00,10.06

131012234,9
131012234,3229,1.24,0.75,10.55

131012250,9
131012250,3242,1.15,0.71,8.45

131012265,9
131012265,3255,1.02,0.44,7.96

131012265,9
131012265,3268,1.27,0.52,9.37

131012281,9
131012281,3281,1.25,0.58,9.43

131012296,9
131012296,3294,1.31,0.62,9.29

131012312,9
131012312,3307,1.26,0.65,9.17

131012328,9
131012328,3320,1.31,0.62,9.15

131012343,9
131012343,3333,1.28,0.59,9.27

131012343,9
131012343,3346,1.26,0.60,9.34

131012359,9
131012359,3359,1.23,0.57,9.39

131012375,9
131012375,3372,1.23,0.57,9.40

131012390,9
131012390,3385,1.22,0.57,9.43

131012406,9
131012406,3398,1.22,0.57,9.41

131012421,9
131012421,3411,1.24,0.60,9.41

131012421,9
131012421,3424,1.24,0.59,9.38

131012437,9
131012437,3437,1.29,0.62,9.33

131012453,9
131012453,3450,1.30,0.61,9.29

131012468,9
131012468,3463,-4.55,-4.43,-19.61

131012484,9
131012484,3476,2.86,2.94,9.15

131012500,9
131012500,3489,1.29,0.93,9.77

131012500,9
131012500,3502,1.08,1.10,10.43

131012515,9
131012515,3515,1.27,0.76,10.01

131012531,9
131012531,3528,1.50,1.21,10.56

131012546,9
131012546,3541,0.80,0.33,10.50

131012562,9
131012562,3554,0.93,0.26,7.10

131012578,9
131012578,3567,1.19,0.48,8.98

131012578,9
131012578,3580,1.24,0.57,9.43

131012593,9
131012593,3593,1.29,0.57,9.43

131012609,9
131012609,3606,1.40,0.64,9.19

131012625,9
131012625,3619,1.85,2.28,12.00

131012640,9
131012640,3632,1.37,1.14,9.83

131012656,9
131012656,3645,1.36,1.11,10.41

131012656,9
131012656,3658,1.08,0.74,10.09

131012671,9
131012671,3671,1.24,0.90,9.86

131012687,9
131012687,3684,1.31,0.90,10.16

131012703,9
131012703,3697,1.24,0.30,10.56

131012718,9
131012718,3710,0.91,0.25,7.51

131012734,9
131012734,3723,1.17,0.30,9.02

131012734,9
131012734,3736,1.24,0.50,9.30

131012750,9
131012750,3749,1.33,0.60,9.38

131012765,9
131012765,3762,1.30,0.61,9.22

131012781,9
131012781,3775,1.30,0.63,9.12

131012796,9
131012796,3788,1.34,0.62,9.17

131012812,9
131012812,3801,1.28,0.59,9.27

131012812,9
131012812,3814,1.28,0.58,9.34

131012828,9
131012828,3827,1.22,0.56,9.39

131012843,9
131012843,3840,1.24,0.57,9.44

131012859,9
131012859,3853,1.20,0.54,9.47

131012875,9
131012875,3866,1.24,0.54,9.45

131012890,9
131012890,3879,1.25,0.58,9.37

131012890,9
131012890,3892,1.26,0.59,9.35

131012906,9
131012906,3905,1.28,0.60,9.33

131012921,9
131012921,3918,1.29,0.60,9.24

131012937,9
131012937,3931,-3.40,-3.09,-19.61

131012953,9
131012953,3944,2.18,2.06,10.85

131012968,9
131012968,3957,1.16,0.79,10.12

131012968,9
131012968,3970,1.02,1.04,10.33

131012984,9
131012984,3983,1.21,0.80,10.20

131013000,9
131013000,3996,1.11,1.35,10.95

131013015,9
131013015,4009,1.41,0.23,8.38

131013031,9
131013031,4022,0.93,0.41,7.62

131013031,9
131013031,4035,1.21,0.53,9.37

131013046,9
131013046,4048,1.26,0.61,9.49

131013062,9
131013062,4061,1.28,0.60,9.36

131013078,9
131013078,4074,-2.31,-5.25,-15.97

131013093,9
131013093,4087,1.77,2.25,11.01

131013109,9
131013109,4100,1.14,0.86,10.11

131013125,9
131013125,4113,1.07,1.11,10.53

131013125,9
131013125,4126,1.15,0.75,10.03

131013140,9
131013140,4139,1.31,1.01,10.04

131013156,9
131013156,4152,1.72,1.18,10.62

131013171,9
131013171,4165,0.64,0.31,8.83

131013187,9
131013187,4178,0.99,0.30,7.73

131013203,9
131013203,4191,1.30,0.50,9.36

131013203,9
131013203,4204,1.26,0.54,9.42

131013218,9
131013218,4217,1.33,0.60,9.30

131013234,9
131013234,4230,1.30,0.65,9.14

131013250,9
131013250,4243,1.31,0.61,9.13

131013265,9
131013265,4256,1.34,0.62,9.19

131013265,9
131013281,4269,1.28,0.59,9.33

131013281,9
131013281,4282,1.26,0.60,9.43

131013296,9
131013296,4295,1.20,0.57,9.42

131013312,9
131013312,4308,1.23,0.56,9.44

131013328,9
131013328,4321,1.21,0.55,9.47

131013343,9
131013343,4334,1.24,0.56,9.42

131013343,9
131013359,4347,1.23,0.59,9.40

131013359,9
131013359,4360,1.25,0.62,9.38

131013375,9
131013375,4373,1.28,0.60,9.35

131013390,9
131013390,4386,1.28,0.60,9.28

131013406,9
131013406,4399,1.30,0.62,9.27

131013421,9
131013421,4412,2.70,0.09,3.07

131013421,9
131013421,4425,1.68,2.12,8.89

131013437,9
131013437,4438,1.38,1.12,10.32

131013453,9
131013453,4451,1.13,0.94,10.24

131013468,9
131013468,4464,1.44,1.44,10.39

131013484,9
131013484,4477,1.08,0.10,8.90

131013500,9
131013500,4490,0.91,0.22,7.55

131013515,9
131013515,4503,1.26,0.52,9.28

131013515,9
131013515,4516,1.20,0.60,9.52

131013531,9
131013531,4529,1.29,0.58,9.29

131013546,9
131013546,4542,1.30,0.63,9.23

131013562,9
131013562,4555,2.02,-0.07,19.61

131013578,9
131013578,4568,1.31,1.75,11.06

131013578,9
131013593,4581,1.25,0.92,10.61

131013593,9
131013593,4594,0.97,0.85,10.47

131013609,9
131013609,4607,1.21,0.85,9.98

131013625,9
131013625,4620,1.25,0.83,10.32

131013640,9
131013640,4633,1.86,1.82,10.14

131013656,9
131013656,4646,0.73,-0.03,7.19

131013656,9
131013656,4659,1.13,0.36,9.21

131013671,9
131013671,4672,1.24,0.58,9.34

131013687,9
131013687,4685,1.32,0.57,9.42

131013703,9
131013703,4698,1.29,0.65,9.20

131013718,9
131013718,4711,1.30,0.66,9.13

131013734,9
131013734,4724,1.30,0.63,9.13

131013734,9
131013734,4737,1.27,0.59,9.30

131013750,9
131013750,4750,1.28,0.59,9.38

131013765,9
131013765,4763,1.22,0.58,9.42

131013781,9
131013781,4776,1.25,0.57,9.45

131013796,9
131013796,4789,1.19,0.57,9.44

131013812,9
131013812,4802,1.25,0.57,9.43

131013812,9
131013812,4815,1.24,0.56,9.38

131013828,9
131013828,4828,1.25,0.58,9.38

131013843,9
131013843,4841,1.29,0.60,9.32

131013859,9
131013859,4854,1.30,0.58,9.29

131013875,9
131013875,4867,1.32,0.61,9.27

131013890,9
131013890,4880,2.41,1.81,15.23

131013890,9
131013890,4893,1.55,1.39,10.32

131013906,9
131013906,4906,1.34,0.93,10.37

131013921,9
131013921,4919,1.43,0.97,10.49

131013937,9
131013937,4932,1.06,0.41,11.32

131013953,9
131013953,4945,1.03,0.23,7.22

131013968,9
131013968,4958,1.17,0.29,8.62

131013968,9
131013968,4971,1.22,0.54,9.30

131013984,9
131013984,4984,1.27,0.59,9.53

131014000,9
131014000,4997,1.28,0.57,9.28

131014015,9
131014015,5010,1.32,0.62,9.24

131014031,9
131014031,5023,1.85,1.68,5.63

131014046,9
131014046,5036,2.25,1.85,11.44

131014046,9
131014046,5049,1.19,0.84,9.96

131014062,9
131014062,5062,1.19,1.00,10.61

131014078,9
131014078,5075,1.10,0.70,9.95

131014093,9
131014093,5088,1.14,0.89,10.27

131014109,9
131014109,5101,1.76,0.26,11.23

131014125,9
131014125,5114,0.65,0.18,7.49

131014125,9
131014125,5127,1.10,0.40,8.63

131014140,9
131014140,5140,1.20,0.51,9.28

131014156,9
131014156,5153,1.33,0.62,9.38

131014171,9
131014171,5166,1.28,0.62,9.28

131014187,9
131014187,5179,1.31,0.64,9.14

131014203,9
131014203,5192,1.31,0.64,9.18

131014203,9
131014203,5205,1.28,0.59,9.32

131014218,9
131014218,5218,1.26,0.57,9.36

131014234,9
131014234,5231,1.22,0.58,9.41

131014250,9
131014250,5244,1.22,0.59,9.42

131014265,9
131014265,5257,1.20,0.57,9.44

131014281,9
131014281,5270,1.25,0.60,9.43

131014281,9
131014281,5283,1.24,0.58,9.41

131014296,9
131014296,5296,1.25,0.58,9.38

131014312,9
131014312,5309,1.27,0.61,9.32

131014328,9
131014328,5322,1.29,0.60,9.29

131014343,9
131014343,5335,1.29,0.61,9.29

131014359,9
131014359,5348,-5.48,-6.11,-13.48

131014359,9
131014359,5361,2.19,2.01,8.71

131014375,9
131014375,5374,1.16,0.85,9.81

131014390,9
131014390,5387,1.12,0.89,10.15

131014406,9
131014406,5400,1.59,0.61,10.30

131014421,9
131014421,5413,0.49,1.43,10.62

131014437,9
131014437,5426,1.22,0.14,7.80

131014437,9
131014437,5439,1.16,0.35,8.62

131014453,9
131014453,5452,1.20,0.52,9.30

131014468,9
131014468,5465,1.31,0.60,9.37

131014484,9
131014484,5478,1.27,0.62,9.28

131014500,9
131014500,5491,-2.17,-2.69,-14.98

131014515,9
131014515,5504,1.82,1.74,11.06

131014515,9
131014515,5517,1.06,0.79,10.18

131014531,9
131014531,5530,1.05,0.96,10.36

131014546,9
131014546,5543,1.19,0.79,9.94

131014562,9
131014562,5556,1.23,1.25,10.38

131014578,9
131014578,5569,1.13,0.11,10.86

131014593,9
131014593,5582,1.10,0.62,7.80

131014593,9
131014593,5595,1.14,0.56,8.40

131014609,9
131014609,5608,1.28,0.55,9.34

131014625,9
131014625,5621,1.27,0.59,9.44

131014640,9
131014640,5634,1.34,0.61,9.25

131014656,9
131014656,5647,1.31,0.65,9.14

131014671,9
131014671,5660,1.31,0.63,9.17

131014671,9
131014671,5673,1.30,0.63,9.27

131014687,9
131014687,5686,1.27,0.59,9.36

131014703,9
131014703,5699,1.23,0.57,9.40

131014718,9
131014718,5712,1.24,0.56,9.43

131014734,9
131014734,5725,1.21,0.56,9.44

131014750,9
131014750,5738,1.26,0.56,9.42

131014750,9
131014750,5751,1.25,0.58,9.39

131014765,9
131014765,5764,1.27,0.58,9.40

131014781,9
131014781,5777,1.27,0.60,9.32

131014796,9
131014796,5790,1.44,2.41,2.07

131014812,9
131014812,5803,3.31,3.14,9.15

131014812,9
131014828,5816,1.44,1.04,9.58

131014828,9
131014828,5829,1.40,1.11,10.14

131014843,9
131014843,5842,1.29,1.15,10.68

131014859,9
131014859,5855,2.05,0.11,9.90

131014875,9
131014875,5868,0.84,0.49,7.13

131014890,9
131014890,5881,1.20,0.46,9.28

131014890,9
131014906,5894,1.21,0.63,9.35

131014906,9
131014906,5907,1.28,0.58,9.41

131014921,9
131014921,5920,1.27,0.62,9.30

131014937,9
131014937,5933,1.30,0.59,9.29

131014953,9
131014953,5946,3.16,0.28,19.61

131014968,9
131014968,5959,1.22,1.71,10.43

131014968,9
131014984,5972,1.29,0.90,10.33

131014984,9
131014984,5985,1.00,0.87,10.12

131015000,9
131015000,5998,1.24,0.84,9.80

131015015,9
131015015,6011,1.34,0.98,10.11

131015031,9
131015031,6024,1.12,0.09,10.77

131015046,9
131015046,6037,1.05,0.35,7.59

131015046,9
131015046,6050,1.16,0.45,8.85

131015062,9
131015062,6063,1.26,0.57,9.23

131015078,9
131015078,6076,1.32,0.62,9.42

131015093,9
131015093,6089,1.32,0.63,9.23

131015109,9
131015109,6102,1.29,0.65,9.16

131015125,9
131015125,6115,1.29,0.64,9.19

131015125,9
131015125,6128,1.30,0.60,9.33

131015140,9
131015140,6141,1.25,0.60,9.39

131015156,9
131015156,6154,1.24,0.58,9.40

131015171,9
131015171,6167,1.21,0.57,9.42

131015187,9
131015187,6180,1.25,0.57,9.42

131015203,9
131015203,6193,1.24,0.57,9.42

131015203,9
131015203,6206,1.26,0.59,9.42

131015218,9
131015218,6219,1.25,0.61,9.40

131015234,9
131015234,6232,3.42,1.18,9.75

131015250,9
131015250,6245,1.56,1.53,9.76

131015265,9
131015265,6258,1.35,1.00,10.06

131015281,9
131015281,6271,1.18,0.83,9.83

131015281,9
131015281,6284,1.21,1.01,10.37

131015296,9
131015296,6297,1.12,0.56,8.77

131015312,9
131015312,6310,0.97,0.33,7.87

131015328,9
131015328,6323,1.20,0.48,9.24

131015343,9
131015343,6336,1.23,0.62,9.50

131015359,9
131015359,6349,1.23,0.56,9.38

131015359,9
131015359,6362,1.28,0.60,9.35

131015375,9
131015375,6375,-3.76,-3.53,-15.15

131015390,9
131015390,6388,1.98,1.69,11.20

131015406,9
131015406,6401,1.17,0.77,10.17

131015421,9
131015421,6414,1.08,0.97,10.15

131015437,9
131015437,6427,1.22,0.77,9.86

131015437,9
131015437,6440,1.38,1.10,10.30

131015453,9
131015453,6453,1.29,0.15,10.57

131015468,9
131015468,6466,0.88,0.48,7.58

131015484,9
131015484,6479,1.15,0.51,8.91

131015500,9
131015500,6492,1.23,0.56,9.32

131015515,9
131015515,6505,1.26,0.59,9.42

131015515,9
131015515,6518,1.27,0.61,9.25

131015531,9
131015531,6531,1.28,0.64,9.21

131015546,9
131015546,6544,1.27,0.61,9.21

131015562,9
131015562,6557,1.30,0.60,9.30

131015578,9
131015578,6570,1.26,0.61,9.34

131015593,9
131015593,6583,1.25,0.59,9.35

131015593,9
131015593,6596,1.23,0.60,9.38

131015609,9
131015609,6609,1.23,0.58,9.41

131015625,9
131015625,6622,1.26,0.57,9.39

131015640,9
131015640,6635,1.22,0.57,9.40

131015656,9
131015656,6648,1.28,0.60,9.38

131015671,9
131015671,6661,-3.00,-2.69,-19.61

131015671,9
131015671,6674,2.33,2.42,9.75

131015687,9
131015687,6687,1.17,0.78,9.82

131015703,9
131015703,6700,1.09,1.01,9.96

131015718,9
131015718,6713,1.18,0.76,9.72

131015734,9
131015734,6726,1.06,0.97,10.30

131015750,9
131015750,6739,2.52,1.25,10.87

131015750,9
131015750,6752,0.70,0.25,7.06

131015765,9
131015765,6765,1.17,0.46,8.99

131015781,9
131015781,6778,1.27,0.57,9.32

131015796,9
131015796,6791,1.27,0.59,9.42

131015812,9
131015812,6804,1.28,0.61,9.26

131015828,9
131015828,6817,-2.04,-5.90,-10.69

131015828,9
131015843,6830,1.43,1.94,10.99

131015843,9
131015843,6843,1.16,0.75,10.02

131015859,9
131015859,6856,1.04,1.01,10.25

131015875,9
131015875,6869,1.10,0.72,9.84

131015890,9
131015890,6882,1.11,0.83,9.76

131015906,9
131015906,6895,1.16,1.05,9.97

131015906,9
131015906,6908,1.12,0.36,10.59

131015921,9
131015921,6921,0.84,0.43,8.04

131015937,9
131015937,6934,1.15,0.42,8.68

131015953,9
131015953,6947,1.26,0.51,9.22

131015968,9
131015968,6960,1.31,0.65,9.31

131015984,9
131015984,6973,1.31,0.62,9.20

131015984,9
131015984,6986,1.27,0.64,9.10

131016000,9
131016000,6999,1.34,0.62,9.26

131016015,9
131016015,7012,1.27,0.58,9.37

131016031,9
131016031,7025,1.25,0.58,9.41

131016046,9
131016046,7038,1.22,0.57,9.41

131016062,9
131016062,7051,1.21,0.55,9.46

131016062,9
131016062,7064,1.22,0.57,9.45

131016078,9
131016078,7077,1.23,0.58,9.39

131016093,9
131016093,7090,1.25,0.59,9.42

131016109,9
131016109,7103,1.25,0.59,9.35

131016125,9
131016125,7116,-2.39,-4.36,-0.77

131016140,9
131016140,7129,1.57,1.65,11.15

131016140,9
131016140,7142,1.27,0.79,10.13

131016156,9
131016156,7155,1.05,0.94,10.02

131016171,9
131016171,7168,1.20,0.76,9.77

131016187,9
131016187,7181,1.14,0.97,10.40

131016203,9
131016203,7194,2.07,0.75,10.61

131016203,9
131016203,7207,0.73,0.30,7.45

131016218,9
131016218,7220,1.07,0.45,8.92

131016234,9
131016234,7233,1.22,0.55,9.34

131016250,9
131016250,7246,1.27,0.59,9.43

131016265,9
131016265,7259,1.94,-0.65,13.03

131016281,9
131016281,7272,1.10,1.43,10.43

131016296,9
131016296,7285,1.17,0.85,10.00

131016296,9
131016296,7298,1.04,0.85,9.97

131016312,9
131016312,7311,1.19,0.85,9.75

131016328,9
131016328,7324,1.21,1.18,9.85

131016343,9
131016343,7337,1.38,1.49,10.43

131016359,9
131016359,7350,1.26,-0.54,10.14

131016375,9
131016375,7363,0.94,0.87,7.65

131016375,9
131016375,7376,1.32,0.63,9.14

131016390,9
131016390,7389,1.19,0.56,9.40

131016406,9
131016406,7402,1.28,0.64,9.37

131016421,9
131016421,7415,1.28,0.66,9.19

131016437,9
131016437,7428,1.32,0.64,9.14

131016453,9
131016453,7441,1.33,0.68,9.17

131016453,9
131016453,7454,1.28,0.61,9.30

131016468,9
131016468,7467,1.25,0.61,9.36

131016484,9
131016484,7480,1.24,0.59,9.45

131016500,9
131016500,7493,1.23,0.58,9.45

131016515,9
131016515,7506,1.21,0.57,9.44

131016515,9
131016531,7519,1.22,0.57,9.42

131016531,9
131016531,7532,1.25,0.58,9.40

131016546,9
131016546,7545,1.27,0.61,9.38

131016562,9
131016562,7558,1.92,1.52,7.05

131016578,9
131016578,7571,1.92,2.01,12.50

131016593,9
131016593,7584,1.19,0.87,9.92

131016593,9
131016609,7597,1.25,0.98,10.22

131016609,9
131016609,7610,1.18,0.77,9.78

131016625,9
131016625,7623,1.23,1.08,10.04

131016640,9
131016640,7636,1.29,0.48,10.68

131016656,9
131016656,7649,1.11,0.44,8.14

131016671,9
131016671,7662,1.15,0.71,8.24

131016671,9
131016671,7675,1.28,0.59,9.40

131016687,9
131016687,7688,1.21,0.59,9.44

131016703,9
131016703,7701,1.32,0.61,9.30

131016718,9
131016718,7714,2.60,2.00,15.46

131016734,9
131016734,7727,1.35,1.43,9.72

131016750,9
131016750,7740,1.30,0.95,10.03

131016750,9
131016750,7753,1.10,0.77,9.84

131016765,9
131016765,7766,1.21,0.91,9.81

131016781,9
131016781,7779,1.30,1.11,10.11

131016796,9
131016796,7792,1.50,1.09,10.36

131016812,9
131016812,7805,0.63,-0.84,9.03

131016828,9
131016828,7818,1.00,0.86,8.00

131016828,9
131016843,7831,1.33,0.65,9.31

131016843,9
131016843,7844,1.20,0.58,9.40

131016859,9
131016859,7857,1.29,0.64,9.28

131016875,9
131016875,7870,1.30,0.67,9.15

131016890,9
131016890,7883,1.29,0.63,9.14

131016906,9
131016906,7896,1.31,0.63,9.22

131016906,9
131016906,7909,1.26,0.62,9.34

131016921,9
131016921,7922,1.23,0.58,9.39

131016937,9
131016937,7935,1.25,0.59,9.46

131016953,9
131016953,7948,1.20,0.58,9.45

131016968,9
131016968,7961,1.22,0.57,9.43

131016984,9
131016984,7974,1.21,0.59,9.37

131016984,9
131016984,7987,1.25,0.61,9.38

131017000,9
131017000,8000,1.26,0.61,9.34

131017015,9
131017015,8013,1.29,0.62,9.29

131017031,9
131017031,8026,-6.33,-5.80,-18.92

131017046,9
131017046,8039,2.25,2.20,10.86

131017062,9
131017062,8052,1.27,0.81,10.05

131017062,9
131017062,8065,1.05,1.04,10.15

131017078,9
131017078,8078,1.31,0.83,10.02

131017093,9
131017093,8091,1.39,1.03,10.34

131017109,9
131017109,8104,0.95,0.53,9.02

131017125,9
131017125,8117,1.01,0.48,7.91

131017140,9
131017140,8130,1.20,0.55,9.30

131017140,9
131017140,8143,1.25,0.61,9.45

131017156,9
131017156,8156,1.31,0.58,9.36

131017171,9
131017171,8169,1.30,0.65,9.21

131017187,9
131017187,8182,2.42,2.05,13.64

131017203,9
131017203,8195,1.32,1.21,9.64

131017218,9
131017218,8208,1.35,1.00,10.18

131017218,9
131017218,8221,1.10,0.80,9.93

131017234,9
131017234,8234,1.18,0.86,9.80

131017250,9
131017250,8247,1.23,1.00,9.95

131017265,9
131017265,8260,1.22,0.83,10.55

131017281,9
131017281,8273,1.13,0.58,8.24

131017296,9
131017296,8286,1.10,0.44,8.45

131017296,9
131017296,8299,1.27,0.55,9.25

131017312,9
131017312,8312,1.29,0.63,9.41

131017328,9
131017328,8325,1.29,0.61,9.25

131017343,9
131017343,8338,1.29,0.67,9.12

131017359,9
131017359,8351,1.28,0.63,9.18

131017375,9
131017375,8364,1.30,0.60,9.28

131017375,9
131017375,8377,1.25,0.58,9.34

131017390,9
131017390,8390,1.21,0.58,9.42

131017406,9
131017406,8403,1.22,0.57,9.42

131017421,9
131017421,8416,1.20,0.58,9.45

131017437,9
131017437,8429,1.24,0.58,9.44

131017453,9
131017453,8442,1.24,0.59,9.41

131017453,9
131017453,8455,1.27,0.60,9.37

131017468,9
131017468,8468,1.28,0.60,9.33

131017484,9
131017484,8481,-3.82,-5.10,-2.41

131017500,9
131017500,8494,1.80,1.84,11.24

131017515,9
131017515,8507,1.27,0.80,10.17

131017531,9
131017531,8520,1.05,0.96,10.10

131017531,9
131017531,8533,1.17,0.74,9.83

131017546,9
131017546,8546,1.19,1.10,10.50

131017562,9
131017562,8559,1.88,0.46,10.60

131017578,9
131017578,8572,0.75,0.39,7.38

131017593,9
131017593,8585,1.10,0.51,9.00

131017609,9
131017609,8598,1.23,0.55,9.33

131017609,9
131017609,8611,1.26,0.59,9.42

131017625,9
131017625,8624,1.60,1.10,5.14

131017640,9
131017640,8637,1.83,2.04,11.57

131017656,9
131017656,8650,1.23,0.91,9.70

131017671,9
131017671,8663,1.27,1.00,10.16

131017687,9
131017687,8676,1.11,0.71,9.94

131017687,9
131017687,8689,1.14,0.92,9.80

131017703,9
131017703,8702,1.25,1.39,10.26

131017718,9
131017718,8715,1.11,0.52,10.42

131017734,9
131017734,8728,1.17,-0.39,8.53

131017750,9
131017750,8741,0.97,0.92,8.23

131017765,9
131017765,8754,1.31,0.66,9.31

131017765,9
131017765,8767,1.18,0.65,9.39

131017781,9
131017781,8780,1.29,0.66,9.26

131017796,9
131017796,8793,1.26,0.67,9.10

131017812,9
131017812,8806,1.32,0.64,9.14

131017828,9
131017828,8819,1.27,0.66,9.27

131017843,9
131017843,8832,1.24,0.61,9.38

131017843,9
131017843,8845,1.22,0.62,9.39

131017859,9
131017859,8858,1.23,0.61,9.42

131017875,9
131017875,8871,1.22,0.58,9.45

131017890,9
131017890,8884,1.21,0.59,9.43

131017906,9
131017906,8897,1.24,0.61,9.42

131017921,9
131017921,8910,1.25,0.61,9.38

131017921,9
131017921,8923,1.30,0.62,9.34

131017937,9
131017937,8936,1.28,0.63,9.28

131017953,9
131017953,8949,2.89,-0.61,12.55

131017968,9
131017968,8962,1.40,1.82,9.68

131017984,9
131017984,8975,1.30,0.94,10.16

131017984,9
131017984,8988,1.03,0.82,9.99

131018000,9
131018000,9001,1.16,0.88,9.92

131018015,9
131018015,9014,1.18,1.04,10.08

131018031,9
131018031,9027,1.20,1.52,10.82

131018046,9
131018046,9040,1.18,-0.58,7.93

131018062,9
131018062,9053,0.93,0.77,8.06

131018062,9
131018078,9066,1.31,0.59,9.21

131018078,9
131018078,9079,1.24,0.63,9.45

131018093,9
131018093,9092,1.31,0.62,9.33

131018109,9
131018109,9105,3.16,1.24,19.50

131018125,9
131018125,9118,1.29,1.67,10.20

131018140,9
131018140,9131,1.28,0.96,10.01

131018140,9
131018156,9144,1.03,0.87,10.08

131018156,9
131018156,9157,1.17,0.78,9.90

131018171,9
131018171,9170,1.11,0.90,9.88

131018187,9
131018187,9183,1.48,1.44,10.26

131018203,9
131018203,9196,1.24,0.82,10.69

131018218,9
131018218,9209,1.02,-0.09,8.09

131018218,9
131018218,9222,1.15,0.67,8.28

131018234,9
131018234,9235,1.31,0.60,9.25

131018250,9
131018250,9248,1.25,0.65,9.39

131018265,9
131018265,9261,1.32,0.67,9.21

131018281,9
131018281,9274,1.30,0.71,9.05

131018296,9
131018296,9287,1.29,0.66,9.05

131018296,9
131018296,9300,1.29,0.68,9.24

131018312,9
131018312,9313,1.24,0.61,9.39

131018328,9
131018328,9326,1.22,0.60,9.45

131018343,9
131018343,9339,1.22,0.60,9.44

131018359,9
131018359,9352,1.19,0.56,9.46

131018375,9
131018375,9365,1.23,0.57,9.46

131018375,9
131018375,9378,1.21,0.62,9.42

131018390,9
131018390,9391,1.25,0.60,9.39

131018406,9
131018406,9404,1.25,0.63,9.33

131018421,9
131018421,9417,1.61,1.24,8.28

131018437,9
131018437,9430,2.75,3.07,10.85

131018453,9
131018453,9443,1.29,0.99,9.58

131018453,9
131018468,9456,1.31,1.11,10.36

131018468,9
131018468,9469,1.11,0.72,9.81

131018484,9
131018484,9482,1.38,1.14,10.46

131018500,9
131018500,9495,1.03,-0.01,10.76

131018515,9
131018515,9508,0.84,0.45,7.38

131018531,9
131018531,9521,1.19,0.56,8.94

131018531,9
131018531,9534,1.19,0.57,9.44

131018546,9
131018546,9547,1.28,0.60,9.44

131018562,9
131018562,9560,1.30,0.62,9.35

131018578,9
131018578,9573,-2.39,-5.74,-7.20

131018593,9
131018593,9586,1.54,1.97,10.78

131018609,9
131018609,9599,1.19,0.87,9.97

131018609,9
131018609,9612,1.03,1.04,10.44

131018625,9
131018625,9625,1.12,0.74,10.04

131018640,9
131018640,9638,1.10,0.90,9.81

131018656,9
131018656,9651,1.30,1.11,10.15

131018671,9
131018671,9664,1.06,0.14,10.69

131018687,9
131018687,9677,0.93,0.61,7.73

131018687,9
131018687,9690,1.21,0.51,8.83

131018703,9
131018703,9703,1.23,0.55,9.29

131018718,9
131018718,9716,1.30,0.65,9.37

131018734,9
131018734,9729,1.30,0.63,9.21

131018750,9
131018750,9742,1.32,0.68,9.08

131018765,9
131018765,9755,1.30,0.63,9.11

131018765,9
131018765,9768,1.28,0.62,9.27

131018781,9
131018781,9781,1.24,0.61,9.39

131018796,9
131018796,9794,1.21,0.59,9.44

131018812,9
131018812,9807,1.22,0.57,9.47

131018828,9
131018828,9820,1.20,0.56,9.47

131018843,9
131018843,9833,1.22,0.57,9.46

131018843,9
131018843,9846,1.21,0.59,9.42

131018859,9
131018859,9859,1.24,0.60,9.39

131018875,9
131018875,9872,2.95,3.32,10.93

131018890,9
131018890,9885,1.53,1.29,9.64

131018906,9
131018906,9898,1.40,1.03,10.13

131018921,9
131018921,9911,1.17,0.89,9.75

131018921,9
131018921,9924,1.55,1.60,10.02

131018937,9
131018937,9937,1.88,2.28,10.81

131018953,9
131018953,9950,0.75,-1.23,9.14

131018968,9
131018968,9963,0.85,0.83,7.44

131018984,9
131018984,9976,1.29,0.70,9.40

131019000,9
131019000,9989,1.11,0.56,9.45

131019000,1
131019000,00002,1.26,0.63,9.40

131019015,1
131019015,00015,-0.83,-5.56,1.64

131019031,1
131019031,00028,1.35,2.44,10.87

131019046,1
131019046,00041,1.16,1.04,10.00

131019062,1
131019062,00054,0.99,1.01,10.30

131019078,1
131019078,00067,1.11,0.80,9.82

131019078,1
131019078,00080,1.05,0.98,9.80

131019093,1
131019093,00093,1.24,1.55,10.25

131019109,1
131019109,00106,1.09,0.66,10.56

131019125,1
131019125,00119,1.14,-0.15,8.06

131019140,1
131019140,00132,1.05,0.80,8.39

131019156,1
131019156,00145,1.27,0.61,9.34

131019156,1
131019156,00158,1.18,0.66,9.45

131019171,1
131019171,00171,1.29,0.65,9.26

131019187,1
131019187,00184,1.28,0.70,9.12

131019203,1
131019203,00197,1.27,0.66,9.08

131019218,1
131019218,00210,1.29,0.67,9.19

131019234,1
131019234,00223,1.25,0.62,9.35

131019234,1
131019234,00236,1.22,0.61,9.42

131019250,1
131019250,00249,1.24,0.60,9.44

131019265,1
131019265,00262,1.21,0.58,9.45

131019281,1
131019281,00275,1.21,0.58,9.47

131019296,1
131019296,00288,1.22,0.59,9.43

131019312,1
131019312,00301,-3.99,-3.94,-19.61

131019312,1
131019312,00314,2.00,2.09,10.94

131019328,1
131019328,00327,1.12,0.76,10.06

131019343,1
131019343,00340,1.07,1.03,10.25

131019359,1
131019359,00353,1.19,0.87,9.82

131019375,1
131019375,00366,1.20,1.39,10.55

131019390,1
131019390,00379,1.57,-0.85,10.61

131019390,1
131019390,00392,0.82,0.76,7.58

131019406,1
131019406,00405,1.10,0.64,8.58

131019421,1
131019421,00418,1.22,0.58,9.40

131019437,1
131019437,00431,1.18,0.62,9.48

131019453,1
131019453,00444,0.14,-3.89,6.68

131019468,1
131019468,00457,1.27,2.03,10.80

131019468,1
131019468,00470,1.10,0.96,10.13

131019484,1
131019484,00483,0.98,0.95,10.28

131019500,1
131019500,00496,1.15,0.79,9.78

131019515,1
131019515,00509,1.10,0.87,9.79

131019531,1
131019531,00522,1.33,1.34,10.36

131019546,1
131019546,00535,1.01,0.31,10.57

131019546,1
131019546,00548,1.08,0.30,7.80

131019562,1
131019562,00561,1.15,0.63,8.56

131019578,1
131019578,00574,1.24,0.57,9.38

131019593,1
131019593,00587,1.20,0.65,9.46

131019609,1
131019609,00600,1.30,0.66,9.27

131019625,1
131019625,00613,1.26,0.68,9.12

131019625,1
131019625,00626,1.28,0.66,9.11

131019640,1
131019640,00639,1.27,0.66,9.23

131019656,1
131019656,00652,1.25,0.60,9.34

131019671,1
131019671,00665,1.19,0.60,9.38

131019687,1
131019687,00678,1.22,0.60,9.39

131019687,1
131019687,00691,1.20,0.60,9.43

131019703,1
131019703,00704,1.20,0.61,9.45

131019718,1
131019718,00717,1.22,0.60,9.44

131019734,1
131019734,00730,1.23,0.62,9.39

131019750,1
131019750,00743,1.25,0.63,9.34

131019765,1
131019765,00756,1.25,0.65,9.31

131019765,1
131019765,00769,1.27,0.66,9.28

131019781,1
131019781,00782,1.24,0.65,9.27

131019796,1
131019796,00795,1.25,0.64,9.33

131019812,1
131019812,00808,2.90,1.52,17.60

131019828,1
131019828,00821,1.23,1.46,10.33

131019843,1
131019843,00834,1.20,0.93,10.41

131019859,1
131019859,00847,0.99,0.78,9.98

131019859,1
131019859,00860,1.29,1.02,9.83

131019875,1
131019875,00873,1.59,1.60,10.53

131019890,1
131019890,00886,0.48,-1.28,9.98

131019906,1
131019906,00899,1.15,0.84,7.60

131019921,1
131019921,00912,1.30,0.71,8.90

131019921,1
131019921,00925,1.25,0.61,9.22

131019937,1
131019937,00938,1.28,0.64,9.37

131019953,1
131019953,00951,2.52,0.95,14.03

131019968,1
131019968,00964,1.60,1.74,9.80

131019984,1
131019984,00977,1.33,1.13,10.05

131020000,1
131020000,00990,1.06,0.87,10.06

131020000,1
131020015,01003,1.19,0.87,9.75

131020015,1
131020015,01016,1.22,0.91,9.83

131020031,1
131020031,01029,1.26,1.09,10.12

131020046,1
131020046,01042,1.00,-0.06,10.26

131020062,1
131020062,01055,1.03,0.58,7.69

131020078,1
131020078,01068,1.26,0.55,8.92

131020078,1
131020078,01081,1.24,0.58,9.25

131020093,1
131020093,01094,1.28,0.64,9.32

131020109,1
131020109,01107,1.26,0.66,9.18

131020125,1
131020125,01120,1.28,0.66,9.12

131020140,1
131020140,01133,1.24,0.64,9.27

131020156,1
131020156,01146,1.26,0.61,9.36

131020156,1
131020156,01159,1.22,0.59,9.38

131020171,1
131020171,01172,1.20,0.62,9.46

131020187,1
131020187,01185,1.18,0.58,9.48

131020203,1
131020203,01198,1.22,0.58,9.43

131020218,1
131020218,01211,1.26,0.60,9.42

131020234,1
131020234,01224,1.21,0.60,9.39

131020234,1
131020234,01237,1.27,0.63,9.34

131020250,1
131020250,01250,1.26,0.63,9.28

131020265,1
131020265,01263,1.28,0.64,9.30

131020281,1
131020281,01276,1.26,0.63,9.28

131020296,1
131020296,01289,0.71,1.17,-5.33

131020312,1
131020312,01302,1.95,2.09,11.62

131020312,1
131020312,01315,1.05,0.86,10.16

131020328,1
131020328,01328,1.04,1.02,10.58

131020343,1
131020343,01341,1.06,0.71,10.05

131020359,1
131020359,01354,1.20,1.00,10.17

131020375,1
131020375,01367,1.22,1.08,10.81

131020390,1
131020390,01380,1.09,0.39,7.85

131020390,1
131020390,01393,1.10,0.57,8.24

131020406,1
131020406,01406,1.25,0.59,9.22

131020421,1
131020421,01419,1.23,0.66,9.39

131020437,1
131020437,01432,1.30,0.66,9.26

131020453,1
131020453,01445,1.63,1.81,4.77

131020468,1
131020468,01458,1.86,1.56,11.41

131020468,1
131020468,01471,1.22,0.90,9.79

131020484,1
131020484,01484,1.18,0.93,10.27

131020500,1
131020500,01497,1.12,0.80,10.16

131020515,1
131020515,01510,1.06,0.87,9.93

131020531,1
131020531,01523,1.14,0.91,9.98

131020546,1
131020546,01536,1.17,0.89,10.63

131020546,1
131020546,01549,1.27,0.58,8.49

131020562,1
131020562,01562,0.96,0.52,7.93

131020578,1
131020578,01575,1.27,0.57,9.13

131020593,1
131020593,01588,1.27,0.67,9.33

131020609,1
131020609,01601,1.31,0.64,9.26

131020625,1
131020625,01614,1.30,0.67,9.09

131020625,1
131020640,01627,1.27,0.66,9.18

131020640,1
131020640,01640,1.27,0.64,9.34

131020656,1
131020656,01653,1.22,0.63,9.41

131020671,1
131020671,01666,1.19,0.62,9.43

131020687,1
131020687,01679,1.20,0.61,9.48

131020703,1
131020703,01692,1.18,0.60,9.46

131020703,1
131020703,01705,1.23,0.63,9.41

131020718,1
131020718,01718,1.23,0.63,9.38

131020734,1
131020734,01731,1.27,0.63,9.37

131020750,1
131020750,01744,1.26,0.64,9.27

131020765,1
131020765,01757,1.29,0.64,9.25

131020781,1
131020781,01770,1.28,0.65,9.27

131020781,1
131020781,01783,1.26,0.64,9.30

131020796,1
131020796,01796,2.78,0.20,14.05

131020812,1
131020812,01809,1.24,1.55,9.99

131020828,1
131020828,01822,1.23,0.92,10.44

131020843,1
131020843,01835,0.95,0.81,10.19

131020859,1
131020859,01848,1.28,0.94,10.10

131020859,1
131020859,01861,1.53,1.19,11.37

131020875,1
131020875,01874,1.02,0.54,7.74

131020890,1
131020890,01887,1.09,0.49,7.97

131020906,1
131020906,01900,1.22,0.56,9.18

131020921,1
131020921,01913,1.27,0.65,9.38

131020937,1
131020937,01926,1.28,0.64,9.34

131020937,1
131020937,01939,1.25,0.67,9.13

131020953,1
131020953,01952,-4.76,-3.70,-14.88

131020968,1
131020968,01965,1.96,1.66,11.05

131020984,1
131020984,01978,1.12,0.81,10.14

131021000,1
131021000,01991,0.96,0.99,10.64

131021015,1
131021015,02004,1.04,0.73,10.16

131021015,1
131021015,02017,1.11,0.91,9.91

131021031,1
131021031,02030,1.53,1.37,10.59

131021046,1
131021046,02043,0.52,-0.43,10.43

131021062,1
131021062,02056,0.99,0.73,7.17

131021078,1
131021078,02069,1.26,0.64,8.90

131021078,1
131021093,02082,1.27,0.65,9.25

131021093,1
131021093,02095,1.25,0.66,9.36

131021109,1
131021109,02108,1.29,0.69,9.18

131021125,1
131021125,02121,1.28,0.67,9.11

131021140,1
131021140,02134,1.29,0.67,9.22

131021156,1
131021156,02147,1.25,0.65,9.34

131021171,1
131021171,02160,1.19,0.61,9.41

131021171,1
131021171,02173,1.20,0.62,9.44

131021187,1
131021187,02186,1.19,0.61,9.44

131021203,1
131021203,02199,1.22,0.61,9.44

131021218,1
131021218,02212,1.21,0.62,9.40

131021234,1
131021234,02225,1.24,0.63,9.38

131021250,1
131021250,02238,1.25,0.63,9.32

131021250,1
131021250,02251,1.27,0.65,9.30

131021265,1
131021265,02264,1.27,0.65,9.26

131021281,1
131021281,02277,-2.89,-3.85,-8.57

131021296,1
131021296,02290,1.58,1.58,11.17

131021312,1
131021312,02303,1.13,0.74,10.15

131021328,1
131021328,02316,0.98,0.93,10.28

131021328,1
131021328,02329,1.10,0.80,9.99

131021343,1
131021343,02342,1.22,1.79,11.08

131021359,1
131021359,02355,1.35,-1.25,10.50

131021375,1
131021375,02368,0.81,0.85,7.26

131021390,1
131021390,02381,1.21,0.75,8.87

131021390,1
131021406,02394,1.19,0.61,9.34

131021406,1
131021406,02407,1.26,0.64,9.43

131021421,1
131021421,02420,1.30,0.67,9.23

131021437,1
131021437,02433,1.27,0.66,9.13

131021453,1
131021453,02446,2.44,1.53,12.26

131021468,1
131021468,02459,1.45,1.28,10.04

131021468,1
131021468,02472,1.31,1.00,10.49

131021484,1
131021484,02485,0.98,0.82,10.23

131021500,1
131021500,02498,1.17,0.98,9.85

131021515,1
131021515,02511,1.24,1.48,10.04

131021531,1
131021531,02524,1.18,-0.26,10.39

131021546,1
131021546,02537,1.05,0.47,8.08

131021546,1
131021562,02550,1.05,0.84,8.34

131021562,1
131021562,02563,1.26,0.65,9.24

131021578,1
131021578,02576,1.20,0.65,9.34

131021593,1
131021593,02589,1.30,0.67,9.19

131021609,1
131021609,02602,1.27,0.70,9.11

131021625,1
131021625,02615,1.29,0.66,9.15

131021625,1
131021640,02628,1.26,0.67,9.31

131021640,1
131021640,02641,1.24,0.62,9.41

131021656,1
131021656,02654,1.19,0.61,9.41

131021671,1
131021671,02667,1.18,0.61,9.45

131021687,1
131021687,02680,1.16,0.59,9.45

131021703,1
131021703,02693,1.20,0.60,9.43

131021703,1
131021703,02706,1.21,0.61,9.42

131021718,1
131021718,02719,1.21,0.61,9.37

131021734,1
131021734,02732,1.26,0.64,9.31

131021750,1
131021750,02745,1.27,0.66,9.25

131021765,1
131021765,02758,1.28,0.66,9.25

131021781,1
131021781,02771,1.25,0.66,9.28

131021781,1
131021781,02784,2.43,0.02,16.67

131021796,1
131021796,02797,1.28,1.51,10.35

131021812,1
131021812,02810,1.20,0.88,10.46

131021828,1
131021828,02823,1.02,0.99,10.13

131021843,1
131021843,02836,1.30,1.85,10.54

131021859,1
131021859,02849,1.41,-1.18,10.65

131021859,1
131021875,02862,0.85,0.77,7.32

131021875,1
131021875,02875,1.23,0.77,8.77

131021890,1
131021890,02888,1.14,0.63,9.37

131021906,1
131021906,02901,1.27,0.70,9.39

131021921,1
131021921,02914,1.30,0.65,9.26

131021937,1
131021937,02927,-3.53,-3.47,-17.87

131021937,1
131021937,02940,1.94,1.88,10.88

131021953,1
131021953,02953,1.09,0.83,10.22

131021968,1
131021968,02966,0.93,1.05,10.80

131021984,1
131021984,02979,1.03,0.78,10.18

131022000,1
131022000,02992,1.08,1.01,10.10

131022015,1
131022015,03005,1.27,0.56,10.80

131022015,1
131022015,03018,0.75,0.48,7.77

131022031,1
131022031,03031,1.00,0.59,8.29

131022046,1
131022046,03044,1.18,0.57,9.30

131022062,1
131022062,03057,1.22,0.69,9.45

131022078,1
131022078,03070,1.30,0.65,9.30

131022093,1
131022093,03083,1.26,0.69,9.10

131022093,1
131022093,03096,1.29,0.69,9.10

131022109,1
131022109,03109,1.28,0.68,9.26

131022125,1
131022125,03122,1.24,0.63,9.36

131022140,1
131022140,03135,1.24,0.62,9.39

131022156,1
131022156,03148,1.19,0.61,9.42

131022171,1
131022171,03161,1.20,0.60,9.47

131022171,1
131022171,03174,1.19,0.61,9.44

131022187,1
131022187,03187,1.21,0.60,9.46

131022203,1
131022203,03200,1.22,0.64,9.41

131022218,1
131022218,03213,1.24,0.63,9.35

131022234,1
131022234,03226,1.27,0.66,9.32

131022250,1
131022250,03239,1.26,0.66,9.28

131022250,1
131022250,03252,1.29,0.66,9.31

131022265,1
131022265,03265,-3.97,-4.87,-19.61

131022281,1
131022281,03278,2.57,3.09,10.13

131022296,1
131022296,03291,1.15,0.98,10.00

131022312,1
131022312,03304,1.01,1.09,10.37

131022328,1
131022328,03317,1.18,0.78,10.05

131022328,1
131022328,03330,1.01,0.99,10.64

131022343,1
131022343,03343,1.29,0.68,8.29

131022359,1
131022359,03356,0.96,0.38,8.01

131022375,1
131022375,03369,1.17,0.56,9.17

131022390,1
131022390,03382,1.25,0.70,9.37

131022406,1
131022406,03395,1.27,0.62,9.27

131022406,1
131022406,03408,1.26,0.67,9.19

131022421,1
131022421,03421,-2.17,-2.63,-10.69

131022437,1
131022437,03434,1.85,1.87,11.28

131022453,1
131022453,03447,1.11,0.86,10.19

131022468,1
131022468,03460,1.03,1.05,10.54

131022484,1
131022484,03473,1.07,0.77,10.10

131022484,1
131022484,03486,1.20,1.09,10.29

131022500,1
131022500,03499,1.52,0.20,10.69

131022515,1
131022515,03512,0.72,0.35,7.43

131022531,1
131022531,03525,1.12,0.53,8.99

131022546,1
131022546,03538,1.22,0.60,9.29

131022562,1
131022562,03551,1.27,0.67,9.37

131022562,1
131022562,03564,1.27,0.65,9.21

131022578,1
131022578,03577,1.27,0.68,9.14

131022593,1
131022593,03590,1.23,0.67,9.25

131022609,1
131022609,03603,1.25,0.65,9.35

131022625,1
131022625,03616,1.22,0.63,9.36

131022640,1
131022640,03629,1.20,0.64,9.42

131022640,1
131022640,03642,1.19,0.62,9.43

131022656,1
131022656,03655,1.21,0.61,9.44

131022671,1
131022671,03668,1.23,0.62,9.42

131022687,1
131022687,03681,1.22,0.62,9.38

131022703,1
131022703,03694,1.27,0.64,9.36

131022718,1
131022718,03707,1.26,0.65,9.36

131022718,1
131022718,03720,2.47,-1.00,19.61

131022734,1
131022734,03733,1.26,1.65,10.96

131022750,1
131022750,03746,1.24,0.92,10.39

131022765,1
131022765,03759,1.01,0.89,10.03

131022781,1
131022781,03772,1.32,0.93,10.14

131022781,1
131022796,03785,1.41,0.55,10.83

131022796,1
131022796,03798,0.97,0.55,7.47

131022812,1
131022812,03811,1.18,0.53,8.75

131022828,1
131022828,03824,1.20,0.57,9.34

131022843,1
131022843,03837,1.25,0.62,9.41

131022859,1
131022859,03850,1.26,0.64,9.31

131022875,1
131022875,03863,0.83,-2.15,6.38

131022875,1
131022875,03876,1.07,1.64,10.37

131022890,1
131022890,03889,1.15,0.94,10.07

131022906,1
131022906,03902,0.99,0.98,10.23

131022921,1
131022921,03915,1.12,0.85,9.87

131022937,1
131022937,03928,1.20,1.03,9.99

131022937,1
131022953,03941,1.43,1.13,10.21

131022953,1
131022953,03954,0.42,-0.17,9.16

131022968,1
131022968,03967,1.04,0.59,7.94

131022984,1
131022984,03980,1.28,0.63,9.27

131023000,1
131023000,03993,1.18,0.61,9.39

131023015,1
131023015,04006,1.27,0.65,9.30

131023015,1
131023031,04019,1.25,0.71,9.17

131023031,1
131023031,04032,1.25,0.67,9.16

131023046,1
131023046,04045,1.27,0.68,9.24

131023062,1
131023062,04058,1.23,0.64,9.32

131023078,1
131023078,04071,1.22,0.65,9.36

131023093,1
131023093,04084,1.17,0.64,9.42

131023093,1
131023109,04097,1.20,0.60,9.43

131023109,1
131023109,04110,1.19,0.59,9.42

131023125,1
131023125,04123,1.23,0.62,9.41

131023140,1
131023140,04136,1.23,0.65,9.39

131023156,1
131023156,04149,1.24,0.65,9.36

131023171,1
131023171,04162,1.26,0.66,9.30

131023171,1
131023187,04175,2.42,0.99,19.60

131023187,1
131023187,04188,1.18,1.36,10.22

131023203,1
131023203,04201,1.21,0.92,10.23

131023218,1
131023218,04214,1.04,0.88,10.02

131023234,1
131023234,04227,1.20,0.87,9.89

131023250,1
131023250,04240,1.32,1.06,10.66

131023250,1
131023250,04253,1.04,0.42,10.94

131023265,1
131023265,04266,1.00,0.57,7.13

131023281,1
131023281,04279,1.23,0.59,8.95

131023296,1
131023296,04292,1.22,0.60,9.33

131023312,1
131023312,04305,1.25,0.64,9.46

131023328,1
131023328,04318,1.46,1.02,8.39

131023328,1
131023343,04331,1.87,1.41,11.25

131023343,1
131023343,04344,1.37,0.96,9.53

131023359,1
131023359,04357,1.24,0.95,9.98

131023375,1
131023375,04370,1.13,0.82,9.96

131023390,1
131023390,04383,1.12,0.85,9.87

131023406,1
131023406,04396,1.21,0.91,9.96

131023406,1
131023421,04409,1.22,1.09,10.24

131023421,1
131023421,04422,0.77,-0.09,9.91

131023437,1
131023437,04435,1.13,0.69,7.79

131023453,1
131023453,04448,1.32,0.64,9.14

131023468,1
131023468,04461,1.25,0.65,9.34

131023484,1
131023484,04474,1.26,0.64,9.30

131023484,1
131023484,04487,1.29,0.73,9.13

131023500,1
131023500,04500,1.26,0.68,9.09

131023515,1
131023515,04513,1.30,0.67,9.23

131023531,1
131023531,04526,1.24,0.63,9.32

131023546,1
131023546,04539,1.21,0.61,9.40

131023562,1
131023562,04552,1.18,0.61,9.44

131023562,1
131023562,04565,1.18,0.60,9.45

131023578,1
131023578,04578,1.22,0.59,9.43

131023593,1
131023593,04591,1.24,0.61,9.42

131023609,1
131023609,04604,1.24,0.64,9.38

131023625,1
131023625,04617,1.24,0.65,9.35

131023640,1
131023640,04630,-0.38,-1.53,-13.59

131023640,1
131023640,04643,1.78,2.15,11.05

131023656,1
131023656,04656,1.11,0.83,9.98

131023671,1
131023671,04669,1.00,1.10,10.49

131023687,1
131023687,04682,1.08,0.73,9.99

131023703,1
131023703,04695,1.08,0.88,9.85

131023718,1
131023718,04708,1.26,1.14,10.74

131023718,1
131023718,04721,1.10,0.28,10.24

131023734,1
131023734,04734,0.88,0.44,7.30

131023750,1
131023750,04747,1.20,0.53,9.10

131023765,1
131023765,04760,1.21,0.59,9.40

131023781,1
131023781,04773,1.27,0.64,9.40

131023796,1
131023796,04786,2.30,1.49,15.62

131023796,1
131023796,04799,1.28,1.23,9.61

131023812,1
131023812,04812,1.25,0.95,9.71

131023828,1
131023828,04825,1.07,0.89,9.95

131023843,1
131023843,04838,1.16,0.86,9.98

131023859,1
131023859,04851,1.07,0.79,9.83

131023875,1
131023875,04864,1.18,0.82,10.04

131023875,1
131023875,04877,1.26,0.68,10.44

131023890,1
131023890,04890,0.98,1.11,8.53

131023906,1
131023906,04903,1.13,0.42,8.12

131023921,1
131023921,04916,1.25,0.56,9.21

131023937,1
131023937,04929,1.25,0.66,9.39

131023953,1
131023953,04942,1.31,0.67,9.27

131023953,1
131023953,04955,1.28,0.71,9.08

131023968,1
131023968,04968,1.28,0.69,9.04

131023984,1
131023984,04981,1.29,0.68,9.18

131024000,1
131024000,04994,1.22,0.63,9.33

131024015,1
131024015,05007,1.22,0.63,9.42

131024031,1
131024031,05020,1.16,0.60,9.46

131024031,1
131024031,05033,1.21,0.59,9.47

131024046,1
131024046,05046,1.21,0.60,9.45

131024062,1
131024062,05059,1.21,0.60,9.42

131024078,1
131024078,05072,1.21,0.63,9.40

131024093,1
131024093,05085,1.22,0.63,9.37

131024109,1
131024109,05098,2.83,2.06,13.30

131024109,1
131024109,05111,1.43,1.40,10.25

131024125,1
131024125,05124,1.31,0.93,10.17

131024140,1
131024140,05137,1.06,0.80,9.89

131024156,1
131024156,05150,1.24,0.91,9.91

131024171,1
131024171,05163,1.44,1.05,10.96

131024187,1
131024187,05176,0.86,0.71,9.87

131024187,1
131024187,05189,0.89,0.42,7.38

131024203,1
131024203,05202,1.14,0.50,9.21

131024218,1
131024218,05215,1.19,0.60,9.46

131024234,1
131024234,05228,1.26,0.63,9.44

131024250,1
131024250,05241,0.83,-0.03,-2.56

131024265,1
131024265,05254,1.76,2.13,11.35

131024265,1
131024265,05267,1.12,0.85,9.69

131024281,1
131024281,05280,1.10,1.02,10.25

131024296,1
131024296,05293,1.07,0.73,9.98

131024312,1
131024312,05306,1.06,0.85,9.85

131024328,1
131024328,05319,1.11,0.87,9.80

131024343,1
131024343,05332,1.22,1.04,10.42

131024343,1
131024343,05345,1.16,0.42,10.38

131024359,1
131024359,05358,0.92,0.74,8.10

131024375,1
131024375,05371,1.21,0.54,8.68

131024390,1
131024390,05384,1.25,0.61,9.25

131024406,1
131024406,05397,1.26,0.66,9.33

131024406,1
131024421,05410,1.31,0.71,9.19

131024421,1
131024421,05423,1.27,0.72,9.07

131024437,1
131024437,05436,1.28,0.69,9.13

131024453,1
131024453,05449,1.25,0.69,9.29

131024468,1
131024468,05462,1.20,0.64,9.38

131024484,1
131024484,05475,1.22,0.64,9.43

131024500,1
131024500,05488,1.18,0.61,9.47

131024500,1
131024500,05501,1.16,0.60,9.48

131024515,1
131024515,05514,1.18,0.60,9.47

131024531,1
131024531,05527,1.21,0.62,9.42

131024546,1
131024546,05540,1.22,0.64,9.38

131024562,1
131024562,05553,2.53,0.19,18.64

131024578,1
131024578,05566,1.37,1.78,10.36

131024578,1
131024578,05579,1.29,0.97,10.08

131024593,1
131024593,05592,1.11,0.88,9.80

131024609,1
131024609,05605,1.21,0.89,9.71

131024625,1
131024625,05618,1.24,0.96,9.89

131024640,1
131024640,05631,1.32,1.43,10.28

131024656,1
131024656,05644,0.76,-0.54,8.96

131024656,1
131024656,05657,0.99,0.62,8.08

131024671,1
131024671,05670,1.25,0.64,9.24

131024687,1
131024687,05683,1.20,0.63,9.48

131024703,1
131024703,05696,1.26,0.64,9.34

131024718,1
131024718,05709,2.49,1.39,17.18

131024734,1
131024734,05722,1.24,1.65,9.77

131024734,1
131024734,05735,1.29,0.99,9.90

131024750,1
131024750,05748,1.05,0.85,9.89

131024765,1
131024765,05761,1.18,0.83,9.78

131024781,1
131024781,05774,1.20,0.94,9.96

131024796,1
131024796,05787,1.50,1.53,10.46

131024812,1
131024812,05800,-0.07,-0.47,9.81

131024812,1
131024812,05813,1.02,0.50,7.71

131024828,1
131024828,05826,1.30,0.61,9.21

131024843,1
131024843,05839,1.18,0.62,9.45

131024859,1
131024859,05852,1.30,0.65,9.33

131024875,1
131024875,05865,1.28,0.71,9.18

131024875,1
131024890,05878,1.27,0.68,9.13

131024890,1
131024890,05891,1.29,0.68,9.18

131024906,1
131024906,05904,1.26,0.66,9.32

131024921,1
131024921,05917,1.23,0.66,9.40

131024937,1
131024937,05930,1.19,0.62,9.44

131024953,1
131024953,05943,1.20,0.62,9.45

131024953,1
131024953,05956,1.18,0.60,9.46

131024968,1
131024968,05969,1.21,0.62,9.45

131024984,1
131024984,05982,1.22,0.62,9.41

131025000,1
131025000,05995,1.78,1.73,6.91

131025015,1
131025015,06008,2.54,2.90,8.67

131025031,1
131025031,06021,1.22,0.88,9.34

131025031,1
131025046,06034,1.21,1.10,10.13

131025046,1
131025046,06047,1.06,0.70,9.70

131025062,1
131025062,06060,1.18,0.98,10.23

131025078,1
131025078,06073,1.29,0.85,10.61

131025093,1
131025093,06086,0.86,0.50,7.63

131025109,1
131025109,06099,1.05,0.52,8.55

131025109,1
131025125,06112,1.16,0.58,9.38

131025125,1
131025125,06125,1.21,0.62,9.50

131025140,1
131025140,06138,1.25,0.63,9.33

131025156,1
131025156,06151,1.56,1.43,6.23

131025171,1
131025171,06164,1.85,1.68,11.23

131025187,1
131025187,06177,1.32,0.97,9.73

131025187,1
131025187,06190,1.28,1.02,10.13

131025203,1
131025203,06203,1.09,0.77,9.99

131025218,1
131025218,06216,1.11,0.89,9.87

131025234,1
131025234,06229,1.30,1.05,10.14

131025250,1
131025250,06242,1.06,0.21,10.55

131025265,1
131025265,06255,1.07,0.63,7.58

131025265,1
131025265,06268,1.19,0.55,9.00

131025281,1
131025281,06281,1.18,0.60,9.31

131025296,1
131025296,06294,1.27,0.66,9.40

131025312,1
131025312,06307,1.27,0.69,9.25

131025328,1
131025328,06320,1.25,0.73,9.15

131025343,1
131025343,06333,1.27,0.71,9.18

131025343,1
131025343,06346,1.25,0.66,9.28

131025359,1
131025359,06359,1.23,0.64,9.37

131025375,1
131025375,06372,1.17,0.63,9.39

131025390,1
131025390,06385,1.19,0.63,9.42

131025406,1
131025406,06398,1.19,0.63,9.46

131025421,1
131025421,06411,1.20,0.62,9.43

131025421,1
131025437,06424,1.20,0.62,9.41

131025437,1
131025437,06437,1.21,0.65,9.36

131025453,1
131025453,06450,-2.68,-6.83,-12.80

131025468,1
131025468,06463,1.79,2.40,10.91

131025484,1
131025484,06476,1.10,0.86,9.87

131025500,1
131025500,06489,1.06,1.07,9.88

131025500,1
131025500,06502,1.14,0.80,9.75

131025515,1
131025515,06515,1.07,0.89,9.88

131025531,1
131025531,06528,1.17,1.29,10.50

131025546,1
131025546,06541,1.15,0.57,10.87

131025562,1
131025562,06554,0.87,0.79,7.22

131025578,1
131025578,06567,1.15,0.57,8.84

131025578,1
131025578,06580,1.23,0.55,9.32

131025593,1
131025593,06593,1.22,0.65,9.41

131025609,1
131025609,06606,1.36,0.76,9.02

131025625,1
131025625,06619,2.02,3.06,11.32

131025640,1
131025640,06632,1.39,1.27,9.59

131025656,1
131025656,06645,1.30,1.05,10.07

131025656,1
131025656,06658,1.03,0.70,9.88

131025671,1
131025671,06671,1.10,0.87,9.78

131025687,1
131025687,06684,1.14,0.88,9.91

131025703,1
131025703,06697,1.44,1.06,10.40

131025718,1
131025718,06710,1.10,0.20,10.15

131025734,1
131025734,06723,1.10,0.53,7.82

131025734,1
131025734,06736,1.29,0.57,8.86

131025750,1
131025750,06749,1.26,0.65,9.24

131025765,1
131025765,06762,1.27,0.67,9.28

131025781,1
131025781,06775,1.27,0.73,9.19

131025796,1
131025796,06788,1.26,0.71,9.09

131025812,1
131025812,06801,1.26,0.69,9.20

131025812,1
131025812,06814,1.27,0.67,9.35

131025828,1
131025828,06827,1.19,0.63,9.37

131025843,1
131025843,06840,1.17,0.62,9.43

131025859,1
131025859,06853,1.20,0.62,9.46

131025875,1
131025875,06866,1.17,0.62,9.46

131025890,1
131025890,06879,1.19,0.63,9.44

131025890,1
131025890,06892,2.66,3.03,10.49

131025906,1
131025906,06905,1.50,1.33,9.84

131025921,1
131025921,06918,1.33,1.00,10.07

131025937,1
131025937,06931,1.15,0.82,9.67

131025953,1
131025953,06944,1.35,1.12,9.86

131025968,1
131025968,06957,1.65,1.53,10.78

131025968,1
131025968,06970,-0.28,-1.41,10.04

131025984,1
131025984,06983,1.03,1.02,7.31

131026000,1
131026000,06996,1.26,0.72,9.19

131026015,1
131026015,07009,1.17,0.58,9.46

131026031,1
131026031,07022,1.25,0.64,9.41

131026031,1
131026046,07035,1.24,0.69,9.31

131026046,1
131026046,07048,1.34,0.78,-4.25

131026062,1
131026062,07061,1.96,2.65,11.37

131026078,1
131026078,07074,1.03,0.84,9.81

131026093,1
131026093,07087,1.12,1.13,10.48

131026109,1
131026109,07100,1.05,0.75,10.06

131026109,1
131026109,07113,1.13,0.97,9.92

131026125,1
131026125,07126,1.48,1.34,10.30

131026140,1
131026140,07139,1.28,0.28,10.23

131026156,1
131026156,07152,1.10,0.60,7.52

131026171,1
131026171,07165,1.26,0.59,8.74

131026187,1
131026187,07178,1.28,0.64,9.29

131026187,1
131026187,07191,1.23,0.62,9.38

131026203,1
131026203,07204,1.33,0.70,9.25

131026218,1
131026218,07217,1.25,0.72,9.11

131026234,1
131026234,07230,1.27,0.68,9.14

131026250,1
131026250,07243,1.27,0.68,9.27

131026265,1
131026265,07256,1.24,0.65,9.38

131026265,1
131026281,07269,1.20,0.64,9.41

131026281,1
131026281,07282,1.16,0.64,9.46

131026296,1
131026296,07295,1.17,0.60,9.47

131026312,1
131026312,07308,1.20,0.60,9.46

131026328,1
131026328,07321,1.21,0.62,9.41

131026343,1
131026343,07334,1.19,0.65,9.39

131026343,1
131026343,07347,1.23,0.67,9.34

131026359,1
131026359,07360,1.26,0.65,9.31

131026375,1
131026375,07373,1.25,-4.51,11.73

131026390,1
131026390,07386,1.76,2.98,8.99

131026406,1
131026406,07399,1.42,1.11,10.00

131026421,1
131026421,07412,1.01,1.02,10.14

131026421,1
131026437,07425,1.28,0.95,9.98

131026437,1
131026437,07438,1.51,1.24,11.10

131026453,1
131026453,07451,0.53,0.48,9.34

131026468,1
131026468,07464,0.96,0.25,7.59

131026484,1
131026484,07477,1.17,0.55,9.18

131026500,1
131026500,07490,1.21,0.66,9.46

131026500,1
131026515,07503,1.24,0.64,9.38

131026515,1
131026515,07516,1.48,1.18,7.52

131026531,1
131026531,07529,1.96,1.96,11.28

131026546,1
131026546,07542,1.37,1.13,9.59

131026562,1
131026562,07555,1.34,1.12,10.07

131026578,1
131026578,07568,1.07,0.86,10.06

131026578,1
131026578,07581,1.13,0.92,9.87

131026593,1
131026593,07594,1.20,0.99,10.08

131026609,1
131026609,07607,1.15,0.77,10.29

131026625,1
131026625,07620,1.19,1.30,8.59

131026640,1
131026640,07633,1.00,0.34,8.29

131026656,1
131026656,07646,1.24,0.58,9.24

131026656,1
131026671,07659,1.24,0.67,9.37

131026671,1
131026671,07672,1.29,0.70,9.26

131026687,1
131026687,07685,1.25,0.73,9.14

131026703,1
131026703,07698,1.28,0.71,9.16

131026718,1
131026718,07711,1.26,0.69,9.26

131026734,1
131026734,07724,1.24,0.66,9.35

131026734,1
131026734,07737,1.18,0.65,9.41

131026750,1
131026750,07750,1.16,0.61,9.41

131026765,1
131026765,07763,1.18,0.63,9.43

131026781,1
131026781,07776,1.18,0.62,9.43

131026796,1
131026796,07789,1.23,0.65,9.43

131026812,1
131026812,07802,1.22,0.65,9.39

131026812,1
131026812,07815,1.25,0.66,9.34

131026828,1
131026828,07828,1.24,0.68,9.28

131026843,1
131026843,07841,1.27,0.69,9.26

131026859,1
131026859,07854,1.24,0.66,9.30

131026875,1
131026875,07867,1.92,0.16,15.47

131026890,1
131026890,07880,1.38,1.49,10.24

131026890,1
131026890,07893,1.21,0.99,10.48

131026906,1
131026906,07906,1.01,0.80,9.99

131026921,1
131026921,07919,1.24,1.07,10.13

131026937,1
131026937,07932,1.24,1.04,10.89

131026953,1
131026953,07945,0.88,0.37,7.64

131026968,1
131026968,07958,1.19,0.56,8.60

131026968,1
131026984,07971,1.20,0.56,9.23

131026984,1
131026984,07984,1.22,0.65,9.37

131027000,1
131027000,07997,1.29,0.68,9.30

131027015,1
131027015,08010,0.72,-1.55,-5.62

131027031,1
131027031,08023,1.37,2.06,11.08

131027046,1
131027046,08036,0.94,0.85,10.03

131027046,1
131027046,08049,1.02,1.12,10.56

131027062,1
131027062,08062,1.05,0.78,10.09

131027078,1
131027078,08075,1.13,1.21,10.25

131027093,1
131027093,08088,1.55,1.91,10.60

131027109,1
131027109,08101,0.90,-0.76,7.98

131027125,1
131027125,08114,1.05,0.65,8.34

131027125,1
131027125,08127,1.27,0.66,9.31

131027140,1
131027140,08140,1.17,0.67,9.40

131027156,1
131027156,08153,1.25,0.68,9.25

131027171,1
131027171,08166,1.25,0.73,9.11

131027187,1
131027187,08179,1.22,0.68,9.16

131027203,1
131027203,08192,1.23,0.70,9.28

131027203,1
131027203,08205,1.22,0.65,9.37

131027218,1
131027218,08218,1.17,0.65,9.39

131027234,1
131027234,08231,1.19,0.66,9.44

131027250,1
131027250,08244,1.16,0.62,9.45

131027265,1
131027265,08257,1.20,0.64,9.42

131027281,1
131027281,08270,1.17,0.65,9.36

131027281,1
131027281,08283,1.21,0.65,9.39

131027296,1
131027296,08296,1.24,0.68,9.36

131027312,1
131027312,08309,1.24,0.69,9.32

131027328,1
131027328,08322,1.24,0.69,9.27

131027343,1
131027343,08335,1.25,0.69,9.27

131027359,1
131027359,08348,-5.41,-5.74,-19.61

131027359,1
131027375,08361,2.24,2.50,11.07

131027375,1
131027375,08374,1.18,0.89,10.18

131027390,1
131027390,08387,0.96,1.01,10.45

131027406,1
131027406,08400,1.15,0.83,10.00

131027421,1
131027421,08413,1.54,1.55,10.63

131027437,1
131027437,08426,-0.29,-0.93,10.49

131027437,1
131027437,08439,1.06,0.71,7.20

131027453,1
131027453,08452,1.26,0.69,8.76

131027468,1
131027468,08465,1.24,0.70,9.37

131027484,1
131027484,08478,1.19,0.65,9.40

131027500,1
131027500,08491,1.30,0.70,9.21

131027515,1
131027515,08504,2.71,0.78,19.61

131027515,1
131027515,08517,1.18,2.07,10.42

131027531,1
131027531,08530,1.18,1.02,10.32

131027546,1
131027546,08543,0.93,0.96,10.54

131027562,1
131027562,08556,1.09,0.89,10.04

131027578,1
131027578,08569,1.09,1.18,9.90

131027593,1
131027593,08582,1.19,1.26,10.67

131027593,1
131027593,08595,1.50,-0.81,9.85

131027609,1
131027609,08608,0.86,0.74,7.53

131027625,1
131027625,08621,1.24,0.67,9.12

131027640,1
131027640,08634,1.22,0.68,9.30

131027656,1
131027656,08647,1.25,0.69,9.31

131027671,1
131027671,08660,1.27,0.71,9.13

131027671,1
131027671,08673,1.24,0.70,9.06

131027687,1
131027687,08686,1.27,0.70,9.18

131027703,1
131027703,08699,1.22,0.65,9.36

131027718,1
131027718,08712,1.20,0.63,9.40

131027734,1
131027734,08725,1.19,0.63,9.46

131027734,1
131027734,08738,1.14,0.61,9.46

131027750,1
131027750,08751,1.18,0.61,9.45

131027765,1
131027765,08764,1.19,0.62,9.41

131027781,1
131027781,08777,1.22,0.65,9.40

131027796,1
131027796,08790,1.22,0.68,9.34

131027812,1
131027812,08803,2.79,0.41,18.25

131027828,1
131027828,08816,1.35,1.89,10.36

131027828,1
131027828,08829,1.24,1.03,10.35

131027843,1
131027843,08842,1.03,0.91,10.11

131027859,1
131027859,08855,1.20,1.03,10.14

131027875,1
131027875,08868,1.08,0.93,10.95

131027890,1
131027890,08881,0.86,0.41,7.41

131027906,1
131027906,08894,1.08,0.43,8.60

131027906,1
131027906,08907,1.12,0.56,9.41

131027921,1
131027921,08920,1.21,0.65,9.50

131027937,1
131027937,08933,1.24,0.65,9.35

131027953,1
131027953,08946,1.65,-0.02,-0.19

131027968,1
131027968,08959,1.59,2.63,11.55

131027968,1
131027968,08972,1.05,1.08,9.95

131027984,1
131027984,08985,1.08,1.13,10.54

131028000,1
131028000,08998,1.04,0.81,10.13

131028015,1
131028015,09011,1.22,1.18,10.56

131028031,1
131028031,09024,1.28,0.40,10.54

131028046,1
131028046,09037,0.90,0.42,7.35

131028046,1
131028062,09050,1.21,0.56,8.91

131028062,1
131028062,09063,1.17,0.57,9.43

131028078,1
131028078,09076,1.24,0.64,9.49

131028093,1
131028093,09089,1.26,0.69,9.28

131028109,1
131028109,09102,1.23,0.72,9.17

131028125,1
131028125,09115,1.25,0.72,9.14

131028140,1
131028140,09128,1.27,0.71,9.16

131028140,1
131028140,09141,1.24,0.66,9.29

131028156,1
131028156,09154,1.21,0.66,9.37

131028171,1
131028171,09167,1.19,0.64,9.43

131028187,1
131028187,09180,1.18,0.62,9.46

131028203,1
131028203,09193,1.20,0.62,9.44

131028203,1
131028203,09206,1.18,0.62,9.43

131028218,1
131028218,09219,1.21,0.64,9.37

131028234,1
131028234,09232,1.19,0.65,9.38

131028250,1
131028250,09245,1.24,0.67,9.33

131028265,1
131028265,09258,-5.63,-6.28,-19.61

131028281,1
131028281,09271,2.24,2.39,9.52

131028281,1
131028281,09284,1.22,0.86,9.78

131028296,1
131028296,09297,1.05,1.10,10.11

131028312,1
131028312,09310,1.43,1.13,10.01

131028328,1
131028328,09323,1.91,2.48,10.70

131028343,1
131028343,09336,1.04,-0.02,8.13

131028359,1
131028359,09349,1.05,0.55,8.02

131028359,1
131028359,09362,1.24,0.67,9.33

131028375,1
131028375,09375,1.18,0.62,9.53

131028390,1
131028390,09388,1.28,0.65,9.36

131028406,1
131028406,09401,1.25,0.71,9.20

131028421,1
131028421,09414,-3.69,-4.26,-15.94

131028437,1
131028437,09427,2.16,2.22,10.86

131028437,1
131028437,09440,1.15,0.88,10.07

131028453,1
131028453,09453,1.01,1.08,10.49

131028468,1
131028468,09466,1.10,0.79,10.03

131028484,1
131028484,09479,1.38,1.11,10.06

131028500,1
131028500,09492,1.75,0.94,10.27

131028515,1
131028515,09505,0.98,0.56,8.23

131028515,1
131028515,09518,1.11,0.54,8.37

131028531,1
131028531,09531,1.21,0.62,9.26

131028546,1
131028546,09544,1.23,0.66,9.40

131028562,1
131028562,09557,1.26,0.69,9.28

131028578,1
131028578,09570,1.22,0.72,9.14

131028593,1
131028593,09583,1.21,0.71,9.14

131028593,1
131028593,09596,1.26,0.71,9.24

131028609,1
131028609,09609,1.22,0.66,9.33

131028625,1
131028625,09622,1.22,0.66,9.39

131028640,1
131028640,09635,1.19,0.66,9.44

131028656,1
131028656,09648,1.18,0.64,9.46

131028671,1
131028671,09661,1.20,0.66,9.43

131028671,1
131028671,09674,1.18,0.65,9.39

131028687,1
131028687,09687,1.22,0.66,9.40

131028703,1
131028703,09700,1.22,0.66,9.36

131028718,1
131028718,09713,1.24,0.68,9.29

131028734,1
131028734,09726,3.40,-0.49,19.61

131028750,1
131028750,09739,1.12,1.71,9.95

131028750,1
131028750,09752,1.29,0.93,10.18

131028765,1
131028765,09765,1.03,1.00,10.05

131028781,1
131028781,09778,1.38,1.27,10.16

131028796,1
131028796,09791,1.51,1.54,10.81

131028812,1
131028812,09804,1.11,0.36,8.04

131028828,1
131028828,09817,1.18,0.70,8.06

131028828,1
131028828,09830,1.21,0.66,9.36

131028843,1
131028843,09843,1.18,0.63,9.49

131028859,1
131028859,09856,1.28,0.67,9.35

131028875,1
131028875,09869,1.24,0.75,9.19

131028890,1
131028890,09882,2.36,1.75,15.99

131028906,1
131028906,09895,1.35,1.57,9.78

131028906,1
131028906,09908,1.25,0.98,10.27

131028921,1
131028921,09921,1.06,0.90,10.10

131028937,1
131028937,09934,1.26,1.11,9.91

131028953,1
131028953,09947,1.89,1.99,10.27

131028968,1
131028968,09960,0.21,-0.77,10.39

131028984,1
131028984,09973,0.99,0.59,7.63

131028984,1
131028984,09986,1.32,0.74,9.07

131029000,1
131029000,09999,1.17,0.60,9.36

131029015,1
131029015,10012,1.27,0.66,9.40

131029031,1
131029031,10025,1.26,0.73,9.20

131029046,1
131029046,10038,1.22,0.72,9.13

131029062,1
131029062,10051,1.22,0.72,9.17

131029062,1
131029062,10064,1.22,0.69,9.28

131029078,1
131029078,10077,1.22,0.67,9.39

131029093,1
131029093,10090,1.19,0.65,9.41

131029109,1
131029109,10103,1.18,0.62,9.43

131029125,1
131029125,10116,1.17,0.61,9.45

131029125,1
131029140,10129,1.19,0.63,9.45

131029140,1
131029140,10142,1.16,0.65,9.41

131029156,1
131029156,10155,1.20,0.66,9.39

131029171,1
131029171,10168,1.20,0.69,9.34

131029187,1
131029187,10181,1.27,0.72,9.26

131029203,1
131029203,10194,2.32,3.07,9.82

131029218,1
131029218,10207,1.31,1.12,9.48

131029218,1
131029218,10220,1.27,1.12,10.32

131029234,1
131029234,10233,1.12,0.82,10.02

131029250,1
131029250,10246,1.55,1.03,11.32

131029265,1
131029265,10259,0.86,0.73,8.20

131029281,1
131029281,10272,0.98,0.44,7.96

131029281,1
131029296,10285,1.16,0.56,9.18

131029296,1
131029296,10298,1.16,0.67,9.56

131029312,1
131029312,10311,1.24,0.64,9.35

131029328,1
131029328,10324,1.24,0.72,9.27

131029343,1
131029343,10337,1.24,0.73,9.18

131029359,1
131029359,10350,2.87,1.78,19.61

131029359,1
131029375,10363,1.15,1.53,10.33

131029375,1
131029375,10376,1.19,0.98,10.44

131029390,1
131029390,10389,0.94,0.93,10.28

131029406,1
131029406,10402,1.17,0.92,10.10

131029421,1
131029421,10415,1.55,0.85,10.46

131029437,1
131029437,10428,0.70,1.00,8.44

131029437,1
131029437,10441,1.09,0.39,8.11

131029453,1
131029453,10454,1.15,0.54,9.30

131029468,1
131029468,10467,1.23,0.67,9.44

131029484,1
131029484,10480,1.30,0.67,9.34

131029500,1
131029500,10493,1.23,0.72,9.18

131029515,1
131029515,10506,1.26,0.72,9.16

131029531,1
131029531,10519,1.21,0.70,9.21

131029531,1
131029531,10532,1.22,0.67,9.33

131029546,1
131029546,10545,1.19,0.67,9.36

131029562,1
131029562,10558,1.18,0.64,9.41

131029578,1
131029578,10571,1.17,0.63,9.43

131029593,1
131029593,10584,1.15,0.62,9.45

131029593,1
131029593,10597,1.20,0.63,9.42

131029609,1
131029609,10610,1.19,0.66,9.40

131029625,1
131029625,10623,1.24,0.66,9.39

131029640,1
131029640,10636,1.23,0.69,9.31

131029656,1
131029656,10649,-0.22,0.71,-11.03

131029671,1
131029671,10662,2.49,2.66,6.00

131029687,1
131029687,10675,1.08,0.81,9.23

131029687,1
131029687,10688,1.14,1.20,10.18

131029703,1
131029703,10701,1.75,1.52,10.21

131029718,1
131029718,10714,0.28,-0.10,10.83

131029734,1
131029734,10727,1.09,0.53,7.58

131029750,1
131029750,10740,1.18,0.60,8.51

131029750,1
131029765,10753,1.10,0.55,9.31

131029765,1
131029765,10766,1.21,0.68,9.50

131029781,1
131029781,10779,1.26,0.66,9.35

131029796,1
131029796,10792,1.23,0.69,9.21

131029812,1
131029812,10805,-2.88,-3.80,-13.97

131029828,1
131029828,10818,2.05,2.11,10.90

131029828,1
131029843,10831,1.19,0.89,10.08

131029843,1
131029843,10844,0.98,1.10,10.46

131029859,1
131029859,10857,1.18,0.78,9.96

131029875,1
131029875,10870,1.45,0.94,10.46

131029890,1
131029890,10883,0.31,1.08,10.11

131029906,1
131029906,10896,1.03,0.19,7.83

131029906,1
131029906,10909,1.16,0.52,9.11

131029921,1
131029921,10922,1.18,0.61,9.37

131029937,1
131029937,10935,1.23,0.66,9.40

131029953,1
131029953,10948,1.27,0.74,9.26

131029968,1
131029968,10961,1.23,0.73,9.13

131029984,1
131029984,10974,1.25,0.72,9.13

131029984,1
131029984,10987,1.23,0.69,9.28

131030000,1
131030000,11000,1.23,0.66,9.38

131030015,1
131030015,11013,1.20,0.66,9.42

131030031,1
131030031,11026,1.16,0.65,9.45

131030046,1
131030046,11039,1.17,0.62,9.46

131030062,1
131030062,11052,1.18,0.65,9.40

131030062,1
131030062,11065,1.21,0.67,9.39

131030078,1
131030078,11078,1.18,0.66,9.38

131030093,1
131030093,11091,1.35,0.85,9.08

131030109,1
131030109,11104,1.64,2.22,11.75

131030125,1
131030125,11117,1.28,1.11,9.86

131030140,1
131030140,11130,1.23,1.05,10.14

131030140,1
131030140,11143,1.11,0.83,9.81

131030156,1
131030156,11156,1.18,1.16,10.25

131030171,1
131030171,11169,1.01,0.95,10.97

131030187,1
131030187,11182,0.88,0.60,7.46

131030203,1
131030203,11195,1.13,0.63,8.63

131030218,1
131030218,11208,1.19,0.59,9.44

131030218,1
131030218,11221,1.17,0.65,9.49

131030234,1
131030234,11234,1.25,0.69,9.32

131030250,1
131030250,11247,-1.19,-4.17,-0.79

131030265,1
131030265,11260,1.29,1.81,10.48

131030281,1
131030281,11273,1.13,1.00,9.85

131030296,1
131030296,11286,0.95,1.03,10.38

131030296,1
131030296,11299,1.09,0.78,9.96

131030312,1
131030312,11312,1.02,0.83,9.80

131030328,1
131030328,11325,1.13,0.90,10.11

131030343,1
131030343,11338,1.02,0.25,10.82

131030359,1
131030359,11351,0.68,0.31,7.45

131030375,1
131030375,11364,1.09,0.39,8.82

131030375,1
131030375,11377,1.16,0.56,9.25

131030390,1
131030390,11390,1.25,0.72,9.46

131030406,1
131030406,11403,1.22,0.68,9.25

131030421,1
131030421,11416,1.24,0.74,9.09

131030437,1
131030437,11429,1.26,0.73,9.10

131030453,1
131030453,11442,1.26,0.68,9.27

131030453,1
131030453,11455,1.20,0.65,9.38

131030468,1
131030468,11468,1.17,0.62,9.44

131030484,1
131030484,11481,1.15,0.62,9.46

131030500,1
131030500,11494,1.16,0.62,9.47

131030515,1
131030515,11507,1.18,0.62,9.45

131030531,1
131030531,11520,1.17,0.63,9.41

131030531,1
131030531,11533,1.21,0.67,9.38

131030546,1
131030546,11546,1.20,0.67,9.34

131030562,1
131030562,11559,1.23,0.67,9.28

131030578,1
131030578,11572,2.96,-0.60,19.61

131030593,1
131030593,11585,1.15,1.68,11.00

131030609,1
131030609,11598,1.20,0.90,10.37

131030609,1
131030609,11611,0.95,0.96,10.28

131030625,1
131030625,11624,1.23,0.90,10.04

131030640,1
131030640,11637,1.52,1.36,11.09

131030656,1
131030656,11650,0.79,0.06,8.75

131030671,1
131030671,11663,0.99,0.47,7.84

131030687,1
131030687,11676,1.20,0.62,9.31

131030687,1
131030687,11689,1.17,0.65,9.49

131030703,1
131030703,11702,1.26,0.66,9.40

131030718,1
131030718,11715,1.23,0.74,9.20

131030734,1
131030734,11728,2.07,2.01,11.99

131030750,1
131030750,11741,1.39,1.27,9.66

131030765,1
131030765,11754,1.27,1.04,10.17

131030765,1
131030765,11767,1.03,0.88,10.16

131030781,1
131030781,11780,1.12,0.94,9.97

131030796,1
131030796,11793,1.45,1.38,10.54

131030812,1
131030812,11806,-0.26,-0.78,10.40

131030828,1
131030828,11819,1.13,0.82,7.37

131030843,1
131030843,11832,1.25,0.64,9.04

131030843,1
131030843,11845,1.20,0.68,9.40

131030859,1
131030859,11858,1.21,0.69,9.42

131030875,1
131030875,11871,1.27,0.75,9.22

131030890,1
131030890,11884,1.23,0.75,9.11

131030906,1
131030906,11897,1.22,0.75,9.11

131030921,1
131030921,11910,1.26,0.72,9.26

131030921,1
131030921,11923,1.22,0.69,9.35

131030937,1
131030937,11936,1.19,0.67,9.43

131030953,1
131030953,11949,1.17,0.67,9.47

131030968,1
131030968,11962,1.14,0.62,9.49

131030984,1
131030984,11975,1.18,0.63,9.46

131031000,1
131031000,11988,1.18,0.64,9.41

131031000,1
131031000,12001,1.20,0.66,9.41

131031015,1
131031015,12014,1.20,0.66,9.38

131031031,1
131031031,12027,1.24,0.69,9.30

131031046,1
131031046,12040,3.15,1.32,1.76

131031062,1
131031062,12053,1.53,2.09,8.70

131031062,1
131031078,12066,1.29,1.11,10.32

131031078,1
131031078,12079,1.06,0.90,10.09

131031093,1
131031093,12092,1.57,1.16,10.32

131031109,1
131031109,12105,-0.14,0.07,10.63

131031125,1
131031125,12118,0.97,0.41,7.30

131031140,1
131031140,12131,1.17,0.60,8.92

131031156,1
131031156,12144,1.11,0.62,9.46

131031156,1
131031156,12157,1.20,0.64,9.48

131031171,1
131031171,12170,1.24,0.72,9.32

131031187,1
131031187,12183,1.22,0.73,9.17

131031203,1
131031203,12196,-1.87,-1.90,-12.41

131031218,1
131031218,12209,2.03,2.03,10.84

131031218,1
131031234,12222,1.09,0.85,10.05

131031234,1
131031234,12235,1.02,1.07,10.63

131031250,1
131031250,12248,1.08,0.79,10.27

131031265,1
131031265,12261,1.53,1.28,10.45

131031281,1
131031281,12274,-0.31,-0.02,10.39

131031296,1
131031296,12287,0.94,0.44,7.43

131031296,1
131031296,12300,1.19,0.64,9.09

131031312,1
131031312,12313,1.12,0.63,9.44

131031328,1
131031328,12326,1.22,0.68,9.41

131031343,1
131031343,12339,1.25,0.73,9.22

131031359,1
131031359,12352,1.20,0.74,9.11

131031375,1
131031375,12365,1.22,0.75,9.09

131031375,1
131031390,12378,1.26,0.72,9.25

131031390,1
131031390,12391,1.20,0.68,9.36

131031406,1
131031406,12404,1.18,0.67,9.40

131031421,1
131031421,12417,1.13,0.66,9.43

131031437,1
131031437,12430,1.13,0.65,9.45

131031453,1
131031453,12443,1.15,0.65,9.45

131031453,1
131031453,12456,1.16,0.65,9.42

131031468,1
131031468,12469,1.21,0.69,9.38

131031484,1
131031484,12482,0.28,0.89,-8.06

131031500,1
131031500,12495,2.67,3.12,8.03

131031515,1
131031515,12508,1.15,0.91,9.45

131031531,1
131031531,12521,1.12,1.19,10.23

131031531,1
131031531,12534,1.32,0.99,9.90

131031546,1
131031546,12547,1.64,1.35,10.85

131031562,1
131031562,12560,1.01,0.50,7.84

131031578,1
131031578,12573,1.05,0.49,8.19

131031593,1
131031593,12586,1.19,0.62,9.27

131031609,1
131031609,12599,1.15,0.67,9.50

131031609,1
131031609,12612,1.23,0.64,9.36

131031625,1
131031625,12625,1.21,0.69,9.27

131031640,1
131031640,12638,1.20,0.70,9.25

131031656,1
131031656,12651,2.39,1.87,13.27

131031671,1
131031671,12664,1.30,1.19,9.78

131031687,1
131031687,12677,1.34,1.00,10.23

131031687,1
131031687,12690,1.03,0.86,10.08

131031703,1
131031703,12703,1.24,0.99,10.08

131031718,1
131031718,12716,1.44,1.11,10.67

131031734,1
131031734,12729,0.77,0.48,7.65

131031750,1
131031750,12742,1.08,0.55,8.52

131031765,1
131031765,12755,1.14,0.58,9.33

131031765,1
131031765,12768,1.18,0.68,9.46

131031781,1
131031781,12781,1.24,0.67,9.31

131031796,1
131031796,12794,1.21,0.74,9.17

131031812,1
131031812,12807,1.22,0.72,9.15

131031828,1
131031828,12820,1.24,0.72,9.24

131031843,1
131031843,12833,1.21,0.67,9.33

131031843,1
131031843,12846,1.19,0.66,9.38

131031859,1
131031859,12859,1.16,0.67,9.41

131031875,1
131031875,12872,1.16,0.64,9.42

131031890,1
131031890,12885,1.17,0.63,9.43

131031906,1
131031906,12898,1.15,0.64,9.40

131031921,1
131031921,12911,1.19,0.67,9.39

131031921,1
131031921,12924,1.18,0.67,9.37

131031937,1
131031937,12937,1.24,0.70,9.36

131031953,1
131031953,12950,2.30,3.57,5.30

131031968,1
131031968,12963,1.20,1.13,8.84

131031984,1
131031984,12976,1.31,1.23,10.01

131032000,1
131032000,12989,1.39,1.09,9.96

131032000,1
131032000,13002,0.19,0.26,10.26

131032015,1
131032015,13015,1.16,0.71,8.35

131032031,1
131032031,13028,1.07,0.53,8.25

131032046,1
131032046,13041,1.14,0.64,9.29

131032062,1
131032062,13054,1.18,0.70,9.52

131032062,1
131032078,13067,1.20,0.68,9.35

131032078,1
131032078,13080,1.21,0.70,9.26

131032093,1
131032093,13093,1.19,0.72,9.22

131032109,1
131032109,13106,2.76,2.27,12.93

131032125,1
131032125,13119,1.37,1.34,10.06

131032140,1
131032140,13132,1.24,0.97,10.29

131032156,1
131032156,13145,1.01,0.84,9.95

131032156,1
131032156,13158,1.19,1.11,10.09

131032171,1
131032171,13171,1.38,1.00,10.66

131032187,1
131032187,13184,0.82,0.42,7.59

131032203,1
131032203,13197,1.06,0.63,8.54

131032218,1
131032218,13210,1.15,0.63,9.37

131032234,1
131032234,13223,1.16,0.70,9.45

131032234,1
131032234,13236,1.26,0.68,9.29

131032250,1
131032250,13249,1.20,0.73,9.17

131032265,1
131032265,13262,1.22,0.72,9.16

131032281,1
131032281,13275,1.19,0.71,9.31

131032296,1
131032296,13288,1.19,0.67,9.33

131032312,1
131032312,13301,1.17,0.68,9.39

131032312,1
131032312,13314,1.16,0.68,9.41

131032328,1
131032328,13327,1.14,0.65,9.45

131032343,1
131032343,13340,1.16,0.65,9.41

131032359,1
131032359,13353,1.18,0.68,9.40

131032375,1
131032375,13366,1.20,0.67,9.38

131032390,1
131032390,13379,1.23,0.69,9.34

131032390,1
131032390,13392,1.20,0.71,9.32

131032406,1
131032406,13405,2.34,2.64,10.87

131032421,1
131032421,13418,1.32,1.46,9.96

131032437,1
131032437,13431,1.30,1.08,10.15

131032453,1
131032453,13444,1.01,0.76,9.70

131032468,1
131032468,13457,1.25,1.01,10.04

131032468,1
131032468,13470,1.41,0.95,10.39

131032484,1
131032484,13483,0.70,0.88,8.53

131032500,1
131032500,13496,1.02,0.46,8.00

131032515,1
131032515,13509,1.14,0.60,9.30

131032531,1
131032531,13522,1.17,0.68,9.43

131032546,1
131032546,13535,1.24,0.66,9.36

131032546,1
131032546,13548,2.09,0.75,16.68

131032562,1
131032562,13561,0.98,1.48,10.20

131032578,1
131032578,13574,1.11,0.87,10.08

131032593,1
131032593,13587,0.96,0.89,10.07

131032609,1
131032609,13600,1.12,0.91,9.97

131032625,1
131032625,13613,1.26,1.21,10.12

131032625,1
131032625,13626,1.48,1.46,10.44

131032640,1
131032640,13639,0.93,-0.10,8.25

131032656,1
131032656,13652,1.02,0.69,8.25

131032671,1
131032671,13665,1.27,0.75,9.31

131032687,1
131032687,13678,1.14,0.66,9.44

131032687,1
131032703,13691,1.27,0.73,9.28

131032703,1
131032703,13704,1.24,0.77,9.13

131032718,1
131032718,13717,1.19,0.70,9.11

131032734,1
131032734,13730,1.24,0.75,9.22

131032750,1
131032750,13743,1.18,0.68,9.35

131032765,1
131032765,13756,1.17,0.67,9.39

131032765,1
131032765,13769,1.17,0.67,9.43

131032781,1
131032781,13782,1.16,0.65,9.45

131032796,1
131032796,13795,1.17,0.66,9.44

131032812,1
131032812,13808,1.16,0.66,9.42

131032828,1
131032828,13821,1.18,0.67,9.38

131032843,1
131032843,13834,1.17,0.70,9.34

131032843,1
131032859,13847,1.21,0.70,9.29

131032859,1
131032859,13860,1.23,0.71,9.27

131032875,1
131032875,13873,1.22,0.72,9.26

131032890,1
131032890,13886,1.18,0.69,9.32

131032906,1
131032906,13899,-5.04,-5.61,-15.73

131032921,1
131032921,13912,1.94,2.15,11.02

131032937,1
131032937,13925,1.14,0.85,10.20

131032937,1
131032937,13938,0.89,1.00,10.28

131032953,1
131032953,13951,1.13,0.88,10.05

131032968,1
131032968,13964,1.05,1.36,10.82

131032984,1
131032984,13977,1.25,0.49,8.52

131033000,1
131033000,13990,0.95,0.46,7.89

131033000,1
131033000,14003,1.17,0.61,9.15

131033015,1
131033015,14016,1.22,0.73,9.38

131033031,1
131033031,14029,1.22,0.68,9.32

131033046,1
131033046,14042,1.20,0.70,9.19

131033062,1
131033062,14055,2.70,2.04,19.12

131033078,1
131033078,14068,1.03,1.33,10.10

131033078,1
131033093,14081,1.17,0.91,10.24

131033093,1
131033093,14094,0.94,0.85,10.10

131033109,1
131033109,14107,1.12,0.92,9.90

131033125,1
131033125,14120,1.21,1.07,10.03

131033140,1
131033140,14133,1.26,1.06,10.37

131033156,1
131033156,14146,0.95,0.05,8.09

131033171,1
131033171,14159,1.07,0.68,8.48

131033171,1
131033171,14172,1.25,0.72,9.17

131033187,1
131033187,14185,1.18,0.67,9.34

131033203,1
131033203,14198,1.25,0.70,9.24

131033218,1
131033218,14211,1.22,0.73,9.18

131033234,1
131033234,14224,1.21,0.71,9.27

131033234,1
131033234,14237,1.20,0.70,9.38

131033250,1
131033250,14250,1.19,0.65,9.39

131033265,1
131033265,14263,1.15,0.66,9.42

131033281,1
131033281,14276,1.13,0.67,9.43

131033296,1
131033296,14289,1.15,0.65,9.43

131033312,1
131033312,14302,1.15,0.65,9.40

131033312,1
131033312,14315,1.20,0.69,9.38

131033328,1
131033328,14328,1.19,0.68,9.35

131033343,1
131033343,14341,1.20,0.71,9.28

131033359,1
131033359,14354,1.19,0.73,9.27

131033375,1
131033375,14367,-4.97,-7.24,-19.61

131033390,1
131033390,14380,1.92,2.60,10.17

131033406,1
131033406,14393,1.14,0.89,10.02

131033406,1
131033406,14406,0.92,1.15,10.41

131033421,1
131033421,14419,1.25,0.90,10.15

131033437,1
131033437,14432,1.42,1.30,11.29

131033453,1
131033453,14445,1.02,0.55,8.17

131033468,1
131033468,14458,1.09,0.48,7.96

131033468,1
131033468,14471,1.19,0.66,9.17

131033484,1
131033484,14484,1.18,0.70,9.47

131033500,1
131033500,14497,1.24,0.72,9.36

131033515,1
131033515,14510,-0.52,-2.28,-8.88

131033531,1
131033531,14523,1.70,2.18,10.77

131033546,1
131033546,14536,1.04,0.90,9.84

131033546,1
131033546,14549,0.99,1.14,10.67

131033562,1
131033562,14562,1.01,0.79,10.28

131033578,1
131033578,14575,1.07,0.93,10.05

131033593,1
131033593,14588,1.40,1.01,10.80

131033609,1
131033609,14601,0.61,1.41,9.31

131033625,1
131033625,14614,0.97,0.24,7.51

131033625,1
131033625,14627,1.16,0.56,9.31

131033640,1
131033640,14640,1.20,0.69,9.44

131033656,1
131033656,14653,1.26,0.69,9.36

131033671,1
131033671,14666,1.22,0.74,9.14

131033687,1
131033687,14679,1.23,0.75,9.09

131033703,1
131033703,14692,1.24,0.74,9.18

131033703,1
131033703,14705,1.22,0.68,9.32

131033718,1
131033718,14718,1.20,0.67,9.41

131033734,1
131033734,14731,1.17,0.68,9.46

131033750,1
131033750,14744,1.16,0.66,9.46

131033765,1
131033765,14757,1.18,0.67,9.46

131033781,1
131033781,14770,1.16,0.64,9.43

131033781,1
131033781,14783,1.18,0.65,9.42

131033796,1
131033796,14796,1.20,0.68,9.39

131033812,1
131033812,14809,1.22,0.70,9.34

131033828,1
131033828,14822,1.20,0.71,9.28

131033843,1
131033843,14835,3.11,0.99,17.48

131033859,1
131033859,14848,1.29,1.47,10.37

131033859,1
131033859,14861,1.19,0.97,10.48

131033875,1
131033875,14874,1.01,0.91,10.22

131033890,1
131033890,14887,1.38,1.68,10.74

131033906,1
131033906,14900,0.85,-1.60,10.41

131033921,1
131033921,14913,0.79,1.05,7.04

131033937,1
131033937,14926,1.23,0.75,9.02

131033937,1
131033937,14939,1.09,0.66,9.55

131033953,1
131033953,14952,1.21,0.69,9.45

131033968,1
131033968,14965,1.24,0.73,9.32

131033984,1
131033984,14978,1.20,0.73,9.18

131034000,1
131034000,14991,2.91,1.61,18.43

131034015,1
131034015,15004,1.24,1.54,10.09

131034015,1
131034015,15017,1.18,0.99,10.39

131034031,1
131034031,15030,0.95,0.90,10.18

131034046,1
131034046,15043,1.18,1.20,10.25

131034062,1
131034062,15056,1.26,1.28,11.03

131034078,1
131034078,15069,0.74,0.42,6.99

131034093,1
131034093,15082,1.12,0.65,8.80

131034093,1
131034093,15095,1.13,0.61,9.45

131034109,1
131034109,15108,1.16,0.69,9.50

131034125,1
131034125,15121,1.25,0.70,9.30

131034140,1
131034140,15134,1.23,0.75,9.13

131034156,1
131034156,15147,1.20,0.74,9.14

131034171,1
131034171,15160,1.22,0.74,9.19

131034171,1
131034171,15173,1.19,0.69,9.33

131034187,1
131034187,15186,1.18,0.69,9.40

131034203,1
131034203,15199,1.16,0.68,9.40

131034218,1
131034218,15212,1.14,0.66,9.43

131034234,1
131034234,15225,1.15,0.68,9.45

131034250,1
131034250,15238,1.14,0.67,9.41

131034250,1
131034250,15251,1.19,0.69,9.39

131034265,1
131034265,15264,1.18,0.70,9.37

131034281,1
131034281,15277,1.22,0.73,9.33

131034296,1
131034296,15290,2.47,2.23,-2.57

131034312,1
131034312,15303,2.03,2.83,7.47

131034328,1
131034328,15316,0.96,0.81,9.35

131034328,1
131034328,15329,0.96,1.18,10.34

131034343,1
131034343,15342,1.05,0.93,10.01

131034359,1
131034359,15355,1.06,1.68,11.13

131034375,1
131034375,15368,1.29,-0.55,8.95

131034390,1
131034390,15381,0.85,0.67,7.76

131034390,1
131034406,15394,1.20,0.71,9.19

131034406,1
131034406,15407,1.11,0.68,9.52

131034421,1
131034421,15420,1.24,0.67,9.39

131034437,1
131034437,15433,1.26,0.75,9.22

131034453,1
131034453,15446,1.07,1.29,4.03

131034468,1
131034468,15459,2.04,2.72,11.85

131034484,1
131034484,15472,1.15,0.99,9.82

131034484,1
131034484,15485,1.17,1.15,10.58

131034500,1
131034500,15498,1.02,0.72,10.15

131034515,1
131034515,15511,1.24,0.99,10.14

131034531,1
131034531,15524,1.45,0.84,10.63

131034546,1
131034546,15537,1.02,0.15,7.46

131034546,1
131034562,15550,1.16,0.53,8.78

131034562,1
131034562,15563,1.13,0.59,9.32

131034578,1
131034578,15576,1.21,0.70,9.47

131034593,1
131034593,15589,1.25,0.70,9.29

131034609,1
131034609,15602,1.21,0.75,9.11

131034625,1
131034625,15615,1.19,0.75,9.10

131034640,1
131034640,15628,1.23,0.74,9.21

131034640,1
131034640,15641,1.19,0.69,9.32

131034656,1
131034656,15654,1.18,0.66,9.38

131034671,1
131034671,15667,1.15,0.67,9.43

131034687,1
131034687,15680,1.15,0.63,9.47

131034703,1
131034703,15693,1.17,0.65,9.45

131034703,1
131034703,15706,1.14,0.65,9.41

131034718,1
131034718,15719,1.17,0.69,9.37

131034734,1
131034734,15732,1.17,0.68,9.37

131034750,1
131034750,15745,1.21,0.69,9.33

131034765,1
131034765,15758,1.20,0.70,9.27

131034781,1
131034781,15771,2.62,2.45,7.73

131034781,1
131034796,15784,1.01,1.32,9.63

131034796,1
131034796,15797,1.16,1.00,10.29

131034812,1
131034812,15810,0.96,0.84,9.92

131034828,1
131034828,15823,1.16,1.51,10.23

131034843,1
131034843,15836,1.00,-0.63,10.53

131034859,1
131034859,15849,0.93,0.64,7.96

131034859,1
131034875,15862,1.16,0.78,8.38

131034875,1
131034875,15875,1.14,0.66,9.38

131034890,1
131034890,15888,1.17,0.69,9.43

131034906,1
131034906,15901,1.26,0.70,9.34

131034921,1
131034921,15914,1.45,0.91,8.35

131034937,1
131034937,15927,1.47,2.89,11.98

131034937,1
131034937,15940,1.14,1.06,9.60

131034953,1
131034953,15953,1.18,1.08,10.34

131034968,1
131034968,15966,0.96,0.73,10.12

131034984,1
131034984,15979,1.10,1.00,10.01

131035000,1
131035000,15992,1.59,1.42,10.62

131035015,1
131035015,16005,-0.23,-0.62,10.10

131035015,1
131035015,16018,0.96,0.65,7.54

131035031,1
131035031,16031,1.19,0.68,9.15

131035046,1
131035046,16044,1.14,0.67,9.43

131035062,1
131035062,16057,1.23,0.68,9.43

131035078,1
131035078,16070,1.29,0.78,9.18

131035093,1
131035093,16083,1.19,0.76,9.01

131035093,1
131035093,16096,1.23,0.77,9.09

131035109,1
131035109,16109,1.23,0.70,9.25

131035125,1
131035125,16122,1.18,0.68,9.38

131035140,1
131035140,16135,1.15,0.67,9.42

131035156,1
131035156,16148,1.13,0.65,9.47

131035171,1
131035171,16161,1.14,0.65,9.48

131035171,1
131035171,16174,1.14,0.64,9.44

131035187,1
131035187,16187,1.17,0.67,9.41

131035203,1
131035203,16200,3.02,-0.27,19.61

131035218,1
131035218,16213,1.10,1.88,10.44

131035234,1
131035234,16226,1.20,0.87,10.26

131035250,1
131035250,16239,1.06,0.98,10.03

131035250,1
131035250,16252,1.44,1.37,10.11

131035265,1
131035265,16265,1.50,1.56,10.78

131035281,1
131035281,16278,1.05,0.50,7.07

131035296,1
131035296,16291,1.22,0.73,8.49

131035312,1
131035312,16304,1.16,0.63,9.42

131035328,1
131035328,16317,1.12,0.66,9.45

131035328,1
131035328,16330,1.24,0.70,9.37

131035343,1
131035343,16343,0.94,-0.67,-1.66

131035359,1
131035359,16356,1.77,2.81,11.49

131035375,1
131035375,16369,1.07,1.01,9.86

131035390,1
131035390,16382,1.05,1.19,10.37

131035406,1
131035406,16395,1.06,0.79,10.03

131035406,1
131035406,16408,1.13,1.03,10.07

131035421,1
131035421,16421,1.66,1.25,10.43

131035437,1
131035437,16434,0.55,0.42,8.06

131035453,1
131035453,16447,1.04,0.51,8.39

131035468,1
131035468,16460,1.19,0.60,9.29

131035484,1
131035484,16473,1.15,0.66,9.50

131035484,1
131035484,16486,1.24,0.67,9.38

131035500,1
131035500,16499,1.17,0.73,9.23

131035515,1
131035515,16512,1.19,0.75,9.18

131035531,1
131035531,16525,1.22,0.74,9.19

131035546,1
131035546,16538,1.21,0.71,9.28

131035562,1
131035562,16551,1.19,0.68,9.34

131035562,1
131035562,16564,1.16,0.71,9.39

131035578,1
131035578,16577,1.13,0.68,9.40

131035593,1
131035593,16590,1.14,0.64,9.45

131035609,1
131035609,16603,1.14,0.67,9.40

131035625,1
131035625,16616,1.14,0.66,9.37

131035640,1
131035640,16629,1.16,0.70,9.37

131035640,1
131035640,16642,1.19,0.71,9.36

131035656,1
131035656,16655,1.22,0.72,9.31

131035671,1
131035671,16668,1.74,3.06,6.85

131035687,1
131035687,16681,1.14,1.08,9.11

131035703,1
131035703,16694,1.23,1.03,9.94

131035718,1
131035718,16707,0.99,0.78,9.71

131035718,1
131035718,16720,1.04,0.86,9.90

131035734,1
131035734,16733,1.25,1.29,10.51

131035750,1
131035750,16746,1.18,-0.23,10.79

131035765,1
131035765,16759,0.73,0.75,7.07

131035781,1
131035781,16772,1.19,0.71,9.13

131035796,1
131035796,16785,1.16,0.65,9.33

131035796,1
131035796,16798,1.23,0.70,9.38

131035812,1
131035812,16811,1.20,0.71,9.23

131035828,1
131035828,16824,3.37,1.69,19.61

131035843,1
131035843,16837,1.18,1.97,10.15

131035859,1
131035859,16850,1.19,1.03,10.22

131035859,1
131035859,16863,0.93,0.91,10.20

131035875,1
131035875,16876,1.05,0.85,9.85

131035890,1
131035890,16889,1.07,0.87,9.82

131035906,1
131035906,16902,1.26,1.03,10.34

131035921,1
131035921,16915,1.06,0.35,10.67

131035937,1
131035937,16928,0.93,0.34,7.38

131035937,1
131035953,16941,1.25,0.57,9.00

131035953,1
131035953,16954,1.18,0.65,9.22

131035968,1
131035968,16967,1.23,0.71,9.34

131035984,1
131035984,16980,1.24,0.74,9.17

131036000,1
131036000,16993,1.19,0.76,9.07

131036015,1
131036015,17006,1.23,0.73,9.19

131036015,1
131036015,17019,1.17,0.68,9.34

131036031,1
131036031,17032,1.17,0.67,9.39

131036046,1
131036046,17045,1.11,0.67,9.46

131036062,1
131036062,17058,1.13,0.67,9.47

131036078,1
131036078,17071,1.12,0.64,9.43

131036093,1
131036093,17084,1.15,0.67,9.39

131036093,1
131038109,17097,1.14,0.69,9.39
117110,1.17,0.72,9.35
117123,1.21,0.71,9.28
117136,1.20,0.73,9.25
117149,1.23,0.72,9.28
117162,1.69,2.33,11.35
117175,1.10,1.16,10.06
117188,1.19,0.99,10.25
117201,0.93,0.78,9.93
117214,1.11,1.03,10.12
117227,1.11,0.97,10.51
131038109,
117240,1.01,0.62,7.90
117253,1.11,0.61,8.45
117266,1.19,0.61,9.25
117279,1.18,0.71,9.35
117292,1.24,0.73,9.27
117305,2.18,1.72,16.09
117318,1.10,1.54,9.77
117331,1.22,1.21,10.16
117344,0.95,0.94,10.12
117357,1.08,0.93,9.95
117370,0.94,1.02,10.
131038109,06
117383,1.02,1.05,10.34
117396,0.75,0.47,7.85
117409,1.02,0.38,8.69
117422,1.18,0.60,9.28
117435,1.19,0.73,9.44
117448,1.21,0.70,9.27
117461,1.19,0.77,9.13
117474,1.23,0.74,9.16
117487,1.21,0.70,9.28
117500,1.19,0.66,9.36
117513,1.16,0.67,9.4
131038109,3
117526,1.14,0.66,9.44
117539,1.14,0.66,9.44
117552,1.14,0.62,9.41
117565,1.17,0.67,9.44
117578,1.17,0.69,9.39
117591,1.19,0.72,9.35
117604,1.20,0.71,9.33
117617,1.22,0.72,9.29
117630,-4.22,-6.29,-19.61
117643,1.68,2.11,10.80
117656,1.04,0.79,
131038109,10.12
117669,0.90,1.03,10.32
117682,1.10,0.82,9.98
117695,1.32,1.39,10.88
117708,0.37,-0.44,10.22
117721,0.96,0.59,7.30
117734,1.20,0.70,9.06
117747,1.14,0.68,9.43
117760,1.20,0.67,9.41
117773,1.23,0.74,9.21
117786,1.13,0.53,-1.11
117799,1.53,2
131038109,.06,11.43
117812,1.02,0.88,10.07
117825,0.98,1.04,10.67
117838,1.07,0.81,10.55
117851,1.39,0.74,11.21
117864,0.96,0.40,7.09
117877,1.19,0.47,8.72
117890,1.10,0.61,9.29
117903,1.16,0.69,9.53
117916,1.21,0.71,9.35
117929,1.19,0.77,9.18
117942,1.2
131038109,5,0.72,9.15
117955,1.17,0.76,9.20
117968,1.22,0.73,9.31
117981,1.17,0.69,9.38
117994,1.16,0.70,9.36
118007,1.15,0.66,9.41
118020,1.15,0.67,9.45
118033,1.19,0.68,9.43
118046,1.17,0.67,9.39
118059,1.22,0.69,9.38
118072,1.21,0.71,9.36
118085,1.23,
131038125,0.61,9.34
118098,1.18,0.73,9.33
118111,1.18,0.78,9.32
118124,1.17,0.71,9.37
118137,1.10,0.54,9.38
118150,-0.65,0.13,10.78
118163,-4.36,0.81,10.56
118176,-4.67,1.00,8.80
118189,-0.96,2.05,9.68
118202,9.58,3.06,7.98
118215,2.08,1.03,8.42
118228,1
131038125,.66,1.20,9.76
118241,1.25,1.07,9.64
118254,0.56,-1.66,7.89
118267,1.48,-0.92,8.55
118280,1.71,0.23,10.34
118293,0.40,3.25,11.39
118306,2.43,2.17,9.26
118319,1.70,1.30,9.63
118332,1.05,0.97,9.30
118345,1.48,0.31,8.87
118358,1.21,0.31,9.19
118371
131038125,,2.01,-0.01,9.09
118384,2.10,-0.77,9.53
118397,2.72,-2.85,10.49
118410,-4.25,4.88,-0.94
118423,-0.53,-0.40,8.49
118436,2.57,1.48,12.96
118449,2.23,0.48,11.87
118462,2.41,0.65,10.77
118475,0.46,0.82,4.82
118488,-0.18,-0.69,8.43
118501,0.65,2.14,9
131038125,.67
118514,0.42,0.69,10.06
118527,0.26,0.59,9.45
118540,-0.03,-3.54,7.61
118553,0.61,-1.63,10.94
118566,1.42,1.23,8.78
118579,1.45,-0.50,9.60
118592,2.29,-0.53,9.76
118605,1.45,0.56,9.22
118618,0.83,0.66,9.19
118631,0.42,0.73,9.89
118644,1.30,0
131038125,.74,9.76
118657,1.33,1.67,9.08
118670,0.92,1.70,9.38
118683,1.45,1.67,9.31
118696,4.45,-0.78,8.02
118709,0.45,-0.02,8.43
118722,-1.54,1.24,11.11
118735,0.64,0.54,9.73
118748,1.06,0.54,9.45
118761,0.96,0.80,9.88
118774,0.86,0.71,9.52
118787,0.85
131038125,,0.48,9.27
118800,1.53,-0.17,9.23
118813,1.34,0.17,9.39
118826,1.30,0.23,9.42
118839,1.25,0.28,9.49
118852,1.27,0.37,9.66
118865,1.48,1.40,9.75
118878,1.49,1.85,9.50
118891,2.22,2.66,8.86
118904,2.01,2.83,8.86
118917,1.61,2.21,9.37
118930,1.23,
131038125,1.83,9.12
118943,1.03,0.71,9.51
118956,0.80,-0.25,9.75
118969,0.99,-0.46,8.98
118982,1.30,-2.67,9.68
118995,0.88,-5.34,9.35
119008,2.69,-0.81,9.58
119021,1.69,0.32,9.72
119034,1.52,0.45,8.94
119047,1.27,0.72,9.45
119060,1.24,0.45,9.42
119073,1.
131038140,28,0.31,9.23
119086,1.42,0.35,9.33
119099,1.61,0.20,7.68
119112,1.08,0.97,10.15
119125,1.43,0.24,10.14

131038140,1
131038140,19138,1.49,0.12,9.47

131038156,1
131038156,19151,1.28,0.59,9.20

131038171,1
131038171,19164,1.32,0.50,9.11

131038187,1
131038187,19177,1.46,0.50,9.38

131038187,1
131038187,19190,1.32,0.40,9.35

131038203,1
131038203,19203,1.40,0.40,9.31

131038218,1
131038218,19216,1.41,0.44,9.36

131038234,1
131038234,19229,1.34,0.46,9.38

131038250,1
131038250,19242,1.36,0.44,9.36

131038265,1
131038265,19255,1.34,0.45,9.35

131038265,1
131038265,19268,1.45,0.41,9.30

131038281,1
131038281,19281,1.37,0.44,9.37

131038296,1
131038296,19294,1.38,0.45,9.37

131038312,1
131038312,19307,1.38,0.42,9.39

131038328,1
131038328,19320,1.36,0.48,9.36

131038343,1
131038343,19333,1.41,0.46,9.36

131038343,1
131038343,19346,1.46,0.42,9.36

131038359,1
131038359,19359,1.39,0.44,9.36

131038375,1
131038375,19372,1.40,0.44,9.33

131038390,1
131038390,19385,1.39,0.44,9.34

131038406,1
131038406,19398,1.37,0.42,9.35

131038421,1
131038421,19411,1.38,0.42,9.34

131038421,1
131038421,19424,1.34,0.43,9.37

131038437,1
131038437,19437,1.36,0.43,9.37

131038453,1
131038453,19450,1.35,0.43,9.39

131038468,1
131038468,19463,1.37,0.44,9.37

131038484,1
131038484,19476,1.36,0.44,9.39

131038500,1
131038500,19489,1.36,0.45,9.37

131038500,1
131038500,19502,1.36,0.43,9.37

131038515,1
131038515,19515,1.36,0.42,9.37

131038531,1
131038531,19528,-1.29,-0.83,-3.29

131038546,1
131038546,19541,2.44,0.94,12.00

131038562,1
131038562,19554,1.47,0.79,10.17

131038578,1
131038578,19567,1.50,1.59,9.56

131038578,1
131038578,19580,1.11,1.05,9.10

131038593,1
131038593,19593,1.32,-0.68,9.69

131038609,1
131038609,19606,1.35,0.29,9.91

131038625,1
131038625,19619,1.39,0.19,10.67

131038640,1
131038640,19632,0.94,0.42,8.87

131038656,1
131038656,19645,1.10,0.81,7.71

131038656,1
131038656,19658,1.68,0.45,9.42

131038671,1
131038671,19671,1.38,0.48,9.30

131038687,1
131038687,19684,1.37,0.46,9.38

131038703,1
131038703,19697,1.35,0.49,9.33

131038718,1
131038718,19710,1.32,0.46,9.36

131038734,1
131038734,19723,1.34,0.48,9.34

131038734,1
131038734,19736,1.35,0.47,9.37

131038750,1
131038750,19749,1.32,0.46,9.35

131038765,1
131038765,19762,1.36,0.44,9.36

131038781,1
131038781,19775,1.32,0.46,9.38

131038796,1
131038796,19788,1.38,0.45,9.33

131038812,1
131038812,19801,1.35,0.46,9.35

131038812,1
131038812,19814,1.36,0.47,9.35

131038828,1
131038828,19827,1.35,0.47,9.35

131038843,1
131038843,19840,1.35,0.44,9.33

131038859,1
131038859,19853,1.36,0.46,9.34

131038875,1
131038875,19866,1.34,0.45,9.34

131038890,1
131038890,19879,1.34,0.47,9.35

131038890,1
131038890,19892,1.31,0.48,9.38

131038906,1
131038906,19905,1.33,0.48,9.36

131038921,1
131038921,19918,1.34,0.47,9.35

131038937,1
131038937,19931,1.36,0.48,9.34

131038953,1
131038953,19944,-0.60,-0.11,8.83

131038968,1
131038968,19957,1.69,0.64,11.78

131038968,1
131038968,19970,1.19,0.67,10.36

131038984,1
131038984,19983,1.20,1.35,9.56

131039000,1
131039000,19996,1.38,0.33,9.60

131039015,1
131039015,20009,1.35,0.48,9.77

131039031,1
131039031,20022,1.34,0.33,9.68

131039046,1
131039046,20035,1.30,0.39,9.54

131039046,1
131039046,20048,1.10,0.51,8.60

131039062,1
131039062,20061,1.42,0.60,8.67

131039078,1
131039078,20074,1.41,0.53,9.38

131039093,1
131039093,20087,1.36,0.48,9.30

131039109,1
131039109,20100,1.33,0.48,9.36

131039125,1
131039125,20113,1.39,0.47,9.33

131039125,1
131039125,20126,1.35,0.45,9.36

131039140,1
131039140,20139,1.34,0.48,9.39

131039156,1
131039156,20152,1.32,0.47,9.37

131039171,1
131039171,20165,1.32,0.46,9.39

131039187,1
131039187,20178,1.33,0.45,9.40

131039187,1
131039203,20191,1.34,0.48,9.36

131039203,1
131039203,20204,1.36,0.50,9.35

131039218,1
131039218,20217,1.34,0.44,9.36

131039234,1
131039234,20230,1.36,0.46,9.35

131039250,1
131039250,20243,1.35,0.47,9.32

131039265,1
131039265,20256,1.36,0.46,9.35

131039281,1
131039281,20269,1.32,0.47,9.36

131039281,1
131039281,20282,1.33,0.48,9.38

131039296,1
131039296,20295,-0.49,3.08,-2.78

131039312,1
131039312,20308,1.84,0.18,12.00

131039328,1
131039328,20321,1.32,0.33,10.09

131039343,1
131039343,20334,1.41,0.53,9.47

131039343,1
131039359,20347,1.40,0.53,9.56

131039359,1
131039359,20360,1.34,0.50,9.74

131039375,1
131039375,20373,1.40,0.34,10.04

131039390,1
131039390,20386,1.33,0.07,10.45

131039406,1
131039406,20399,1.15,0.85,7.80

131039421,1
131039421,20412,1.58,0.65,8.92

131039421,1
131039421,20425,1.32,0.49,9.43

131039437,1
131039437,20438,1.35,0.47,9.35

131039453,1
131039453,20451,1.33,0.47,9.33

131039468,1
131039468,20464,1.36,0.46,9.38

131039484,1
131039484,20477,1.31,0.48,9.35

131039500,1
131039500,20490,1.35,0.48,9.36

131039500,1
131039500,20503,1.33,0.48,9.34

131039515,1
131039515,20516,1.35,0.48,9.37

131039531,1
131039531,20529,1.33,0.47,9.34

131039546,1
131039546,20542,1.33,0.48,9.33

131039562,1
131039562,20555,1.35,0.48,9.38

131039578,1
131039578,20568,1.33,0.47,9.37

131039578,1
131039578,20581,1.34,0.46,9.35

131039593,1
131039593,20594,1.33,0.46,9.35

131039609,1
131039609,20607,1.34,0.48,9.34

131039625,1
131039625,20620,1.35,0.48,9.35

131039640,1
131039640,20633,1.34,0.48,9.36

131039656,1
131039656,20646,1.35,0.48,9.36

131039656,1
131039671,20659,1.33,0.48,9.34

131039671,1
131039671,20672,1.36,0.48,9.38

131039687,1
131039687,20685,1.57,0.62,8.97

131039703,1
131039703,20698,2.04,0.96,16.23

131039718,1
131039718,20711,1.59,0.86,9.46

131039734,1
131039734,20724,1.41,2.17,9.71

131039734,1
131039734,20737,1.44,-2.75,9.25

131039750,1
131039750,20750,1.35,0.11,9.47

131039765,1
131039765,20763,1.47,0.55,9.64

131039781,1
131039781,20776,1.36,0.47,10.02

131039796,1
131039796,20789,1.40,0.28,10.60

131039812,1
131039812,20802,1.08,0.64,8.57

131039812,1
131039812,20815,1.33,0.50,7.71

131039828,1
131039828,20828,1.38,0.56,9.62

131039843,1
131039843,20841,1.37,0.55,9.24

131039859,1
131039859,20854,1.35,0.48,9.39

131039875,1
131039875,20867,1.33,0.47,9.30

131039890,1
131039890,20880,1.38,0.49,9.37

131039890,1
131039890,20893,1.33,0.49,9.39

131039906,1
131039906,20906,1.35,0.46,9.37

131039921,1
131039921,20919,1.34,0.48,9.39

131039937,1
131039937,20932,1.35,0.49,9.41

131039953,1
131039953,20945,1.33,0.46,9.37

131039968,1
131039968,20958,1.36,0.48,9.38

131039968,1
131039968,20971,1.34,0.47,9.35

131039984,1
131039984,20984,1.33,0.46,9.35

131040000,1
131040000,20997,1.35,0.46,9.33

131040015,1
131040015,21010,1.34,0.45,9.34

131040031,1
131040031,21023,1.34,0.50,9.36

131040046,1
131040046,21036,1.31,0.48,9.37

131040046,1
131040046,21049,1.47,0.37,18.44

131040062,1
131040062,21062,1.19,0.22,10.74

131040078,1
131040078,21075,1.31,0.37,10.01

131040093,1
131040093,21088,1.35,0.48,9.32

131040109,1
131040109,21101,1.36,0.62,9.45

131040125,1
131040125,21114,1.39,0.51,9.63

131040125,1
131040125,21127,1.36,0.47,10.17

131040140,1
131040140,21140,1.41,0.07,10.92

131040156,1
131040156,21153,1.22,0.88,7.90

131040171,1
131040171,21166,1.40,0.89,8.01

131040187,1
131040187,21179,1.30,0.44,9.65

131040203,1
131040203,21192,1.33,0.48,9.27

131040203,1
131040203,21205,1.36,0.48,9.33

131040218,1
131040218,21218,1.34,0.49,9.31

131040234,1
131040234,21231,1.37,0.52,9.36

131040250,1
131040250,21244,1.33,0.49,9.35

131040265,1
131040265,21257,1.32,0.49,9.34

131040281,1
131040281,21270,1.34,0.49,9.37

131040281,1
131040281,21283,1.34,0.50,9.37

131040296,1
131040296,21296,1.32,0.49,9.31

131040312,1
131040312,21309,1.36,0.48,9.34

131040328,1
131040328,21322,1.33,0.50,9.34

131040343,1
131040343,21335,1.36,0.49,9.35

131040359,1
131040359,21348,1.36,0.53,9.34

131040359,1
131040359,21361,1.33,0.48,9.34

131040375,1
131040375,21374,1.35,0.49,9.35

131040390,1
131040390,21387,1.33,0.48,9.37

131040406,1
131040406,21400,1.34,0.50,9.39

131040421,1
131040421,21413,2.19,-0.63,19.61

131040437,1
131040437,21426,1.19,1.12,10.43

131040437,1
131040437,21439,1.73,-0.92,9.88

131040453,1
131040453,21452,1.40,0.28,9.15

131040468,1
131040468,21465,1.41,0.60,9.48

131040484,1
131040484,21478,1.41,0.53,9.61

131040500,1
131040500,21491,1.36,0.55,9.86

131040515,1
131040515,21504,1.44,0.23,10.41

131040515,1
131040515,21517,1.17,0.15,8.96

131040531,1
131040531,21530,1.28,0.98,7.73

131040546,1
131040546,21543,1.40,0.69,9.48

131040562,1
131040562,21556,1.34,0.52,9.24

131040578,1
131040578,21569,1.36,0.49,9.37

131040593,1
131040593,21582,1.35,0.48,9.28

131040593,1
131040593,21595,1.35,0.51,9.42

131040609,1
131040609,21608,1.35,0.49,9.39

131040625,1
131040625,21621,1.33,0.47,9.35

131040640,1
131040640,21634,1.35,0.49,9.37

131040656,1
131040656,21647,1.31,0.49,9.37

131040671,1
131040671,21660,1.33,0.49,9.37

131040671,1
131040671,21673,1.37,0.49,9.36

131040687,1
131040687,21686,1.36,0.50,9.34

131040703,1
131040703,21699,1.33,0.49,9.35

131040718,1
131040718,21712,1.33,0.49,9.40

131040734,1
131040734,21725,1.36,0.51,9.40

131040750,1
131040750,21738,1.35,0.48,9.34

131040750,1
131040750,21751,1.36,0.50,9.37

131040765,1
131040765,21764,1.68,-0.44,19.61

131040781,1
131040781,21777,1.22,0.39,10.13

131040796,1
131040796,21790,1.42,0.38,9.94

131040812,1
131040812,21803,1.39,0.51,9.31

131040812,1
131040828,21816,1.36,0.65,9.44

131040828,1
131040828,21829,1.39,0.60,9.51

131040843,1
131040843,21842,1.31,0.52,9.68

131040859,1
131040859,21855,1.42,0.18,10.77

131040875,1
131040875,21868,1.52,1.04,9.47

131040890,1
131040890,21881,1.15,0.59,7.09

131040890,1
131040906,21894,1.39,0.54,9.66

131040906,1
131040906,21907,1.30,0.54,9.20

131040921,1
131040921,21920,1.37,0.50,9.46

131040937,1
131040937,21933,1.34,0.51,9.24

131040953,1
131040953,21946,1.33,0.50,9.39

131040968,1
131040968,21959,1.36,0.53,9.34

131040984,1
131040984,21972,1.33,0.50,9.31

131040984,1
131040984,21985,1.36,0.53,9.36

131041000,1
131041000,21998,1.34,0.52,9.35

131041015,1
131041015,22011,1.34,0.50,9.36

131041031,1
131041031,22024,1.33,0.50,9.36

131041046,1
131041046,22037,1.35,0.50,9.34

131041046,1
131041062,22050,1.35,0.51,9.31

131041062,1
131041062,22063,1.35,0.49,9.36

131041078,1
131041078,22076,1.36,0.52,9.36

131041093,1
131041093,22089,1.32,0.52,9.32

131041109,1
131041109,22102,1.34,0.51,9.36

131041125,1
131041125,22115,1.64,0.21,18.07

131041125,1
131041125,22128,1.21,-0.18,10.27

131041140,1
131041140,22141,1.31,0.50,9.86

131041156,1
131041156,22154,1.37,0.51,9.33

131041171,1
131041171,22167,1.33,0.60,9.48

131041187,1
131041187,22180,1.34,0.55,9.49

131041203,1
131041203,22193,1.32,0.45,9.69

131041203,1
131041203,22206,1.42,0.47,10.16

131041218,1
131041218,22219,1.58,0.23,10.69

131041234,1
131041234,22232,1.08,0.79,7.45

131041250,1
131041250,22245,1.39,0.61,8.91

131041265,1
131041265,22258,1.35,0.57,9.39

131041281,1
131041281,22271,1.33,0.49,9.36

131041281,1
131041281,22284,1.36,0.49,9.26

131041296,1
131041296,22297,1.34,0.53,9.39

131041312,1
131041312,22310,1.35,0.50,9.37

131041328,1
131041328,22323,1.34,0.47,9.36

131041343,1
131041343,22336,1.35,0.49,9.35

131041359,1
131041359,22349,1.34,0.50,9.40

131041359,1
131041375,22362,1.34,0.49,9.36

131041375,1
131041375,22375,1.33,0.50,9.37

131041390,1
131041390,22388,1.33,0.50,9.37

131041406,1
131041406,22401,1.35,0.50,9.34

131041421,1
131041421,22414,1.37,0.50,9.37

131041437,1
131041437,22427,1.37,0.51,9.34

131041437,1
131041437,22440,1.32,0.50,9.32

131041453,1
131041453,22453,1.34,0.51,9.35

131041468,1
131041468,22466,1.30,0.52,9.35

131041484,1
131041484,22479,1.35,0.50,9.35

131041500,1
131041500,22492,1.34,0.51,9.32

131041515,1
131041515,22505,1.79,-0.75,18.78

131041515,1
131041515,22518,1.30,-0.00,9.89

131041531,1
131041531,22531,1.41,0.47,9.69

131041546,1
131041546,22544,1.41,0.51,9.24

131041562,1
131041562,22557,1.34,0.58,9.41

131041578,1
131041578,22570,1.41,0.44,9.66

131041593,1
131041593,22583,1.32,0.41,9.81

131041593,1
131041609,22596,1.47,0.39,10.48

131041609,1
131041609,22609,1.21,0.81,8.07

131041625,1
131041625,22622,1.42,0.63,8.27

131041640,1
131041640,22635,1.38,0.56,9.56

131041656,1
131041656,22648,1.36,0.52,9.26

131041671,1
131041671,22661,1.37,0.50,9.31

131041671,1
131041671,22674,1.33,0.48,9.31

131041687,1
131041687,22687,1.35,0.54,9.35

131041703,1
131041703,22700,1.33,0.52,9.38

131041718,1
131041718,22713,1.34,0.52,9.34

131041734,1
131041734,22726,1.35,0.51,9.37

131041750,1
131041750,22739,1.32,0.51,9.36

131041750,1
131041750,22752,1.35,0.52,9.38

131041765,1
131041765,22765,1.33,0.50,9.36

131041781,1
131041781,22778,1.36,0.52,9.36

131041796,1
131041796,22791,1.35,0.50,9.34

131041812,1
131041812,22804,1.36,0.52,9.34

131041828,1
131041828,22817,1.34,0.51,9.36

131041828,1
131041828,22830,1.35,0.50,9.36

131041843,1
131041843,22843,1.85,0.97,7.81

131041859,1
131041859,22856,1.53,-0.78,16.30

131041875,1
131041875,22869,1.33,0.03,9.57

131041890,1
131041890,22882,1.47,0.53,9.74

131041906,1
131041906,22895,1.43,0.58,9.38

131041906,1
131041906,22908,1.34,0.57,9.45

131041921,1
131041921,22921,1.37,0.55,9.43

131041937,1
131041937,22934,1.34,0.48,9.80

131041953,1
131041953,22947,1.53,0.12,11.46

131041968,1
131041968,22960,1.10,0.38,8.31

131041984,1
131041984,22973,1.36,0.99,7.67

131041984,1
131041984,22986,1.40,0.62,9.76

131042000,1
131042000,22999,1.29,0.53,9.19

131042015,1
131042015,23012,1.38,0.51,9.37

131042031,1
131042031,23025,1.33,0.50,9.36

131042046,1
131042046,23038,1.33,0.49,9.37

131042062,1
131042062,23051,1.31,0.51,9.36

131042062,1
131042062,23064,1.33,0.51,9.34

131042078,1
131042078,23077,1.35,0.51,9.35

131042093,1
131042093,23090,1.35,0.52,9.34

131042109,1
131042109,23103,1.34,0.51,9.38

131042125,1
131042125,23116,1.35,0.50,9.34

131042125,1
131042140,23129,1.36,0.52,9.34

131042140,1
131042140,23142,1.35,0.49,9.32

131042156,1
131042156,23155,1.34,0.53,9.35

131042171,1
131042171,23168,1.34,0.51,9.39

131042187,1
131042187,23181,1.33,0.52,9.31

131042203,1
131042203,23194,1.34,0.51,9.33

131042218,1
131042218,23207,2.19,2.14,5.23

131042218,1
131042218,23220,1.96,-0.79,14.70

131042234,1
131042234,23233,1.51,0.19,9.68

131042250,1
131042250,23246,1.60,0.50,9.57

131042265,1
131042265,23259,1.40,0.53,9.38

131042281,1
131042281,23272,1.33,0.63,9.50

131042296,1
131042296,23285,1.41,0.45,9.67

131042296,1
131042296,23298,1.38,0.21,10.25

131042312,1
131042312,23311,1.43,0.49,10.06

131042328,1
131042328,23324,1.05,0.74,7.44

131042343,1
131042343,23337,1.45,0.73,9.04

131042359,1
131042359,23350,1.31,0.57,9.33

131042375,1
131042375,23363,1.37,0.54,9.39

131042375,1
131042375,23376,1.34,0.52,9.28

131042390,1
131042390,23389,1.35,0.55,9.36

131042406,1
131042406,23402,1.34,0.54,9.40

131042421,1
131042421,23415,1.36,0.53,9.37

131042437,1
131042437,23428,1.36,0.52,9.35

131042453,1
131042453,23441,1.34,0.51,9.37

131042453,1
131042453,23454,1.33,0.51,9.39

131042468,1
131042468,23467,1.31,0.49,9.35

131042484,1
131042484,23480,1.35,0.52,9.34

131042500,1
131042500,23493,1.34,0.53,9.37

131042515,1
131042515,23506,1.38,0.53,9.34

131042531,1
131042531,23519,1.37,0.53,9.32

131042531,1
131042531,23532,1.34,0.52,9.36

131042546,1
131042546,23545,1.35,0.52,9.36

131042562,1
131042562,23558,-0.43,4.34,-7.79

131042578,1
131042578,23571,1.94,-0.66,12.05

131042593,1
131042593,23584,1.25,0.43,10.22

131042593,1
131042609,23597,1.37,0.56,9.37

131042609,1
131042609,23610,1.32,0.60,9.55

131042625,1
131042625,23623,1.31,0.57,9.52

131042640,1
131042640,23636,1.38,0.46,9.74

131042656,1
131042656,23649,1.49,0.25,10.56

131042671,1
131042671,23662,1.09,-0.35,9.76

131042671,1
131042687,23675,1.37,1.18,7.44

131042687,1
131042687,23688,1.42,0.82,9.13

131042703,1
131042703,23701,1.30,0.57,9.33

131042718,1
131042718,23714,1.40,0.53,9.39

131042734,1
131042734,23727,1.35,0.51,9.26

131042750,1
131042750,23740,1.34,0.52,9.39

131042750,1
131042765,23753,1.34,0.53,9.38

131042765,1
131042765,23766,1.36,0.52,9.37

131042781,1
131042781,23779,1.35,0.51,9.37

131042796,1
131042796,23792,1.32,0.51,9.35

131042812,1
131042812,23805,1.36,0.54,9.35

131042828,1
131042828,23818,1.33,0.51,9.36

131042828,1
131042828,23831,1.38,0.52,9.33

131042843,1
131042843,23844,1.34,0.49,9.34

131042859,1
131042859,23857,1.36,0.52,9.34

131042875,1
131042875,23870,1.36,0.52,9.34

131042890,1
131042890,23883,1.34,0.50,9.39

131042906,1
131042906,23896,1.36,0.53,9.34

131042906,1
131042921,23909,2.10,2.68,3.93

131042921,1
131042921,23922,1.77,-0.65,13.79

131042937,1
131042937,23935,1.67,0.06,9.68

131042953,1
131042953,23948,1.59,0.56,9.53

131042968,1
131042968,23961,1.39,0.57,9.39

131042984,1
131042984,23974,1.30,0.68,9.53

131042984,1
131042984,23987,1.38,0.53,9.54

131043000,1
131043000,24000,1.31,0.45,9.54

131043015,1
131043015,24013,1.41,0.84,9.64

131043031,1
131043031,24026,1.44,-0.01,10.31

131043046,1
131043046,24039,1.11,0.58,8.12

131043062,1
131043062,24052,1.39,1.01,8.45

131043062,1
131043062,24065,1.36,0.66,9.47

131043078,1
131043078,24078,1.33,0.53,9.31

131043093,1
131043093,24091,1.38,0.54,9.31

131043109,1
131043109,24104,1.36,0.52,9.36

131043125,1
131043125,24117,1.35,0.54,9.36

131043140,1
131043140,24130,1.36,0.51,9.37

131043140,1
131043140,24143,1.35,0.50,9.37

131043156,1
131043156,24156,1.35,0.52,9.37

131043171,1
131043171,24169,1.34,0.51,9.35

131043187,1
131043187,24182,1.35,0.52,9.40

131043203,1
131043203,24195,1.35,0.52,9.37

131043218,1
131043218,24208,1.35,0.53,9.37

131043218,1
131043218,24221,1.35,0.51,9.34

131043234,1
131043234,24234,1.34,0.52,9.38

131043250,1
131043250,24247,1.33,0.53,9.37

131043265,1
131043265,24260,1.32,0.51,9.36

131043281,1
131043281,24273,0.86,2.51,10.76

131043296,1
131043296,24286,1.22,-0.70,10.65

131043296,1
131043296,24299,1.21,0.37,9.98

131043312,1
131043312,24312,1.38,0.51,9.19

131043328,1
131043328,24325,1.31,0.60,9.44

131043343,1
131043343,24338,1.35,0.46,9.58

131043359,1
131043359,24351,1.38,0.53,9.61

131043375,1
131043375,24364,1.49,0.48,10.57

131043375,1
131043375,24377,1.30,0.18,9.20

131043390,1
131043390,24390,1.28,0.94,7.85

131043406,1
131043406,24403,1.39,0.61,9.43

131043421,1
131043421,24416,1.31,0.55,9.23

131043437,1
131043437,24429,1.36,0.52,9.36

131043453,1
131043453,24442,1.35,0.54,9.30

131043453,1
131043453,24455,1.33,0.54,9.39

131043468,1
131043468,24468,1.31,0.52,9.37

131043484,1
131043484,24481,1.35,0.53,9.35

131043500,1
131043500,24494,1.32,0.54,9.36

131043515,1
131043515,24507,1.33,0.54,9.39

131043531,1
131043531,24520,1.31,0.53,9.35

131043531,1
131043531,24533,1.36,0.56,9.37

131043546,1
131043546,24546,1.33,0.53,9.34

131043562,1
131043562,24559,1.35,0.53,9.35

131043578,1
131043578,24572,1.33,0.55,9.30

131043593,1
131043593,24585,1.34,0.57,9.36

131043609,1
131043609,24598,1.34,0.52,9.36

131043609,1
131043609,24611,-0.21,5.89,-5.11

131043625,1
131043625,24624,2.05,-2.13,11.32

131043640,1
131043640,24637,1.28,0.27,10.18

131043656,1
131043656,24650,1.44,0.55,9.30

131043671,1
131043671,24663,1.32,0.62,9.51

131043687,1
131043687,24676,1.27,0.63,9.55

131043687,1
131043687,24689,1.39,0.56,9.52

131043703,1
131043703,24702,1.33,0.45,9.65

131043718,1
131043718,24715,1.50,-0.13,11.09

131043734,1
131043734,24728,1.15,0.07,8.51

131043750,1
131043750,24741,1.35,1.35,7.64

131043750,1
131043765,24754,1.38,0.81,9.75

131043765,1
131043765,24767,1.30,0.55,9.22

131043781,1
131043781,24780,1.36,0.54,9.40

131043796,1
131043796,24793,1.33,0.52,9.33

131043812,1
131043812,24806,1.33,0.54,9.43

131043828,1
131043828,24819,1.34,0.56,9.40

131043843,1
131043843,24832,1.35,0.53,9.36

131043843,1
131043843,24845,1.36,0.51,9.35

131043859,1
131043859,24858,1.37,0.52,9.38

131043875,1
131043875,24871,1.34,0.54,9.36

131043890,1
131043890,24884,1.36,0.53,9.35

131043906,1
131043906,24897,1.36,0.54,9.36

131043921,1
131043921,24910,1.35,0.53,9.31

131043921,1
131043921,24923,1.37,0.53,9.34

131043937,1
131043937,24936,1.34,0.52,9.33

131043953,1
131043953,24949,1.33,0.53,9.33

131043968,1
131043968,24962,1.33,0.53,9.35

131043984,1
131043984,24975,-0.81,3.07,-4.74

131044000,1
131044000,24988,1.71,0.84,12.04

131044000,1
131044000,25001,1.09,-0.03,10.17

131044015,1
131044015,25014,1.36,0.48,9.29

131044031,1
131044031,25027,1.33,0.58,9.62

131044046,1
131044046,25040,1.29,0.56,9.59

131044062,1
131044062,25053,1.33,0.55,9.53

131044078,1
131044078,25066,1.32,0.54,9.67

131044078,1
131044078,25079,1.45,0.36,10.39

131044093,1
131044093,25092,1.26,0.11,9.89

131044109,1
131044109,25105,1.18,0.74,7.59

131044125,1
131044125,25118,1.48,0.91,8.89

131044140,1
131044140,25131,1.31,0.62,9.37

131044140,1
131044156,25144,1.37,0.54,9.33

131044156,1
131044156,25157,1.39,0.54,9.25

131044171,1
131044171,25170,1.32,0.53,9.38

131044187,1
131044187,25183,1.36,0.54,9.36

131044203,1
131044203,25196,1.33,0.54,9.36

131044218,1
131044218,25209,1.36,0.54,9.37

131044218,1
131044234,25222,1.34,0.53,9.35

131044234,1
131044234,25235,1.35,0.56,9.34

131044250,1
131044250,25248,1.33,0.55,9.35

131044265,1
131044265,25261,1.37,0.55,9.34

131044281,1
131044281,25274,1.35,0.54,9.34

131044296,1
131044296,25287,2.07,1.25,6.79

131044296,1
131044312,25300,1.60,-0.63,15.56

131044312,1
131044312,25313,1.18,-0.28,9.58

131044328,1
131044328,25326,1.41,0.51,9.73

131044343,1
131044343,25339,1.40,0.59,9.45

131044359,1
131044359,25352,1.34,0.59,9.42

131044375,1
131044375,25365,1.39,0.63,9.51

131044375,1
131044390,25378,1.32,0.63,9.47

131044390,1
131044390,25391,1.31,0.60,9.81

131044406,1
131044406,25404,1.39,-0.12,10.85

131044421,1
131044421,25417,1.22,0.04,9.15

131044437,1
131044437,25430,1.48,1.30,7.83

131044453,1
131044453,25443,1.47,0.81,9.37

131044453,1
131044453,25456,1.30,0.55,9.27

131044468,1
131044468,25469,1.39,0.56,9.36

131044484,1
131044484,25482,1.36,0.54,9.32

131044500,1
131044500,25495,1.34,0.54,9.41

131044515,1
131044515,25508,1.36,0.54,9.39

131044531,1
131044531,25521,1.34,0.53,9.39

131044531,1
131044531,25534,1.37,0.54,9.34

131044546,1
131044546,25547,1.34,0.52,9.37

131044562,1
131044562,25560,1.37,0.54,9.36

131044578,1
131044578,25573,1.36,0.54,9.34

131044593,1
131044593,25586,1.37,0.56,9.36

131044609,1
131044609,25599,1.35,0.53,9.35

131044609,1
131044609,25612,1.36,0.53,9.35

131044625,1
131044625,25625,1.36,0.53,9.38

131044640,1
131044640,25638,1.34,0.51,9.36

131044656,1
131044656,25651,1.35,0.54,9.36

131044671,1
131044671,25664,-0.54,2.40,5.77

131044687,1
131044687,25677,1.59,1.43,11.54

131044687,1
131044687,25690,1.31,-1.43,10.34

131044703,1
131044703,25703,1.36,0.25,9.25

131044718,1
131044718,25716,1.39,0.59,9.49

131044734,1
131044734,25729,1.35,0.60,9.64

131044750,1
131044750,25742,1.33,0.63,9.55

131044765,1
131044765,25755,1.40,0.46,9.77

131044765,1
131044765,25768,1.43,0.26,10.15

131044781,1
131044781,25781,1.30,0.06,10.08

131044796,1
131044796,25794,1.29,0.78,7.78

131044812,1
131044812,25807,1.43,1.15,8.61

131044828,1
131044828,25820,1.33,0.62,9.46

131044843,1
131044843,25833,1.38,0.54,9.30

131044843,1
131044843,25846,1.40,0.56,9.28

131044859,1
131044859,25859,1.34,0.55,9.36

131044875,1
131044875,25872,1.33,0.55,9.34

131044890,1
131044890,25885,1.35,0.59,9.38

131044906,1
131044906,25898,1.32,0.54,9.36

131044921,1
131044921,25911,1.36,0.54,9.38

131044921,1
131044921,25924,1.32,0.56,9.35

131044937,1
131044937,25937,1.34,0.56,9.38

131044953,1
131044953,25950,1.34,0.55,9.34

131044968,1
131044968,25963,1.34,0.54,9.33

131044984,1
131044984,25976,1.37,0.54,9.35

131045000,1
131045000,25989,1.35,0.56,9.34

131045000,1
131045000,26002,1.36,0.56,9.37

131045015,1
131045015,26015,1.34,0.56,9.34

131045031,1
131045031,26028,-0.87,2.95,4.13

131045046,1
131045046,26041,1.49,0.54,11.58

131045062,1
131045062,26054,1.16,0.40,10.35

131045078,1
131045078,26067,1.32,0.52,9.15

131045078,1
131045078,26080,1.32,0.66,9.56

131045093,1
131045093,26093,1.33,0.60,9.52

131045109,1
131045109,26106,1.29,0.56,9.54

131045125,1
131045125,26119,1.36,0.58,9.77

131045140,1
131045140,26132,1.43,0.15,10.29

131045156,1
131045156,26145,1.23,-0.04,9.88

131045156,1
131045156,26158,1.33,0.87,7.89

131045171,1
131045171,26171,1.42,0.89,8.79

131045187,1
131045187,26184,1.30,0.59,9.41

131045203,1
131045203,26197,1.35,0.53,9.35

131045218,1
131045218,26210,1.36,0.53,9.33

131045234,1
131045234,26223,1.33,0.52,9.40

131045234,1
131045234,26236,1.36,0.55,9.38

131045250,1
131045250,26249,1.35,0.56,9.37

131045265,1
131045265,26262,1.34,0.55,9.34

131045281,1
131045281,26275,1.35,0.52,9.39

131045296,1
131045296,26288,1.33,0.57,9.33

131045312,1
131045312,26301,1.34,0.55,9.36

131045312,1
131045312,26314,1.33,0.53,9.35

131045328,1
131045328,26327,1.36,0.53,9.35

131045343,1
131045343,26340,1.34,0.55,9.32

131045359,1
131045359,26353,1.37,0.54,9.35

131045375,1
131045375,26366,1.35,0.55,9.36

131045375,1
131045390,26379,1.34,0.55,9.33

131045390,1
131045390,26392,1.76,2.72,18.55

131045406,1
131045406,26405,1.43,-1.06,10.77

131045421,1
131045421,26418,1.30,0.30,10.22

131045437,1
131045437,26431,1.40,0.55,9.14

131045453,1
131045453,26444,1.27,0.57,9.47

131045468,1
131045468,26457,1.31,0.51,9.45

131045468,1
131045468,26470,1.31,0.63,9.43

131045484,1
131045484,26483,1.30,0.43,9.76

131045500,1
131045500,26496,1.47,0.10,10.05

131045515,1
131045515,26509,1.36,-0.08,10.29

131045531,1
131045531,26522,1.24,0.74,8.04

131045546,1
131045546,26535,1.43,1.21,8.49

131045546,1
131045546,26548,1.29,0.66,9.48

131045562,1
131045562,26561,1.35,0.55,9.30

131045578,1
131045578,26574,1.35,0.57,9.31

131045593,1
131045593,26587,1.35,0.56,9.38

131045609,1
131045609,26600,1.33,0.57,9.36

131045625,1
131045625,26613,1.35,0.56,9.36

131045625,1
131045625,26626,1.35,0.54,9.35

131045640,1
131045640,26639,1.36,0.55,9.33

131045656,1
131045656,26652,1.33,0.56,9.32

131045671,1
131045671,26665,1.32,0.57,9.35

131045687,1
131045687,26678,1.37,0.56,9.36

131045703,1
131045703,26691,1.35,0.54,9.33

131045703,1
131045703,26704,1.35,0.56,9.36

131045718,1
131045718,26717,1.35,0.58,9.35

131045734,1
131045734,26730,-1.32,5.07,-6.86

131045750,1
131045750,26743,1.85,-0.91,11.73

131045765,1
131045765,26756,1.20,0.39,10.30

131045765,1
131045781,26769,1.39,0.59,9.40

131045781,1
131045781,26782,1.30,0.59,9.64

131045796,1
131045796,26795,1.29,0.59,9.59

131045812,1
131045812,26808,1.33,0.51,9.56

131045828,1
131045828,26821,1.36,0.39,9.73

131045843,1
131045843,26834,1.36,0.39,10.03

131045843,1
131045859,26847,1.26,-0.15,9.36

131045859,1
131045859,26860,1.26,1.24,7.92

131045875,1
131045875,26873,1.42,0.79,9.22

131045890,1
131045890,26886,1.30,0.56,9.33

131045906,1
131045906,26899,1.38,0.53,9.35

131045921,1
131045921,26912,1.36,0.53,9.28

131045921,1
131045937,26925,1.32,0.52,9.43

131045937,1
131045937,26938,1.35,0.57,9.34

131045953,1
131045953,26951,1.34,0.52,9.38

131045968,1
131045968,26964,1.34,0.53,9.36

131045984,1
131045984,26977,1.35,0.56,9.34

131046000,1
131046000,26990,1.34,0.57,9.33

131046000,1
131046015,27003,1.34,0.54,9.34

131046015,1
131046015,27016,1.35,0.55,9.30

131046031,1
131046031,27029,1.35,0.55,9.32

131046046,1
131046046,27042,1.34,0.54,9.33

131046062,1
131046062,27055,1.36,0.55,9.37

131046078,1
131046078,27068,1.33,0.54,9.34

131046078,1
131046093,27081,2.43,3.56,2.01

131046093,1
131046093,27094,2.17,-1.43,12.16

131046109,1
131046109,27107,1.47,0.36,9.90

131046125,1
131046125,27120,1.56,0.57,9.41

131046140,1
131046140,27133,1.38,0.56,9.51

131046156,1
131046156,27146,1.29,0.63,9.50

131046156,1
131046171,27159,1.34,0.61,9.37

131046171,1
131046171,27172,1.33,0.54,9.53

131046187,1
131046187,27185,1.30,0.54,9.63

131046203,1
131046203,27198,1.47,0.48,9.97

131046218,1
131046218,27211,1.38,0.09,10.29

131046234,1
131046234,27224,1.19,0.37,8.51

131046234,1
131046234,27237,1.40,1.35,8.13

131046250,1
131046250,27250,1.35,0.70,9.54

131046265,1
131046265,27263,1.32,0.57,9.20

131046281,1
131046281,27276,1.41,0.56,9.38

131046296,1
131046296,27289,1.36,0.56,9.35

131046312,1
131046312,27302,1.34,0.55,9.38

131046312,1
131046312,27315,1.36,0.56,9.37

131046328,1
131046328,27328,1.35,0.55,9.37

131046343,1
131046343,27341,1.34,0.54,9.36

131046359,1
131046359,27354,1.33,0.56,9.38

131046375,1
131046375,27367,1.34,0.55,9.35

131046390,1
131046390,27380,1.37,0.55,9.36

131046390,1
131046390,27393,1.36,0.54,9.34

131046406,1
131046406,27406,1.36,0.55,9.35

131046421,1
131046421,27419,1.35,0.54,9.35

131046437,1
131046437,27432,-1.62,5.20,-3.91

131046453,1
131046453,27445,2.08,0.43,11.86

131046468,1
131046468,27458,1.32,-0.20,10.12

131046468,1
131046468,27471,1.43,0.47,9.36

131046484,1
131046484,27484,1.32,0.57,9.55

131046500,1
131046500,27497,1.29,0.63,9.64

131046515,1
131046515,27510,1.31,0.57,9.53

131046531,1
131046531,27523,1.39,0.49,9.67

131046546,1
131046546,27536,1.45,0.34,10.20

131046546,1
131046546,27549,1.38,-0.03,9.85

131046562,1
131046562,27562,1.19,0.98,7.61

131046578,1
131046578,27575,1.40,0.93,9.11

131046593,1
131046593,27588,1.30,0.61,9.33

131046609,1
131046609,27601,1.38,0.57,9.36

131046625,1
131046625,27614,1.37,0.58,9.28

131046625,1
131046625,27627,1.32,0.56,9.40

131046640,1
131046640,27640,1.36,0.58,9.35

131046656,1
131046656,27653,1.33,0.57,9.36

131046671,1
131046671,27666,1.33,0.53,9.37

131046687,1
131046687,27679,1.34,0.55,9.33

131046703,1
131046703,27692,1.35,0.57,9.37

131046703,1
131046703,27705,1.33,0.56,9.35

131046718,1
131046718,27718,1.36,0.57,9.35

131046734,1
131046734,27731,1.36,0.58,9.36

131046750,1
131046750,27744,1.34,0.54,9.35

131046765,1
131046765,27757,1.35,0.57,9.34

131046781,1
131046781,27770,1.34,0.55,9.33

131046781,1
131046781,27783,1.18,2.02,15.93

131046796,1
131046796,27796,1.32,-0.37,10.72

131046812,1
131046812,27809,1.24,0.50,10.07

131046828,1
131046828,27822,1.42,0.57,9.19

131046843,1
131046843,27835,1.31,0.64,9.49

131046859,1
131046859,27848,1.36,0.59,9.46

131046859,1
131046859,27861,1.33,0.64,9.44

131046875,1
131046875,27874,1.36,0.48,9.65

131046890,1
131046890,27887,1.44,0.42,9.97

131046906,1
131046906,27900,1.37,-0.18,10.12

131046921,1
131046921,27913,1.29,0.99,8.00

131046937,1
131046937,27926,1.43,1.16,8.64

131046937,1
131046937,27939,1.32,0.67,9.47

131046953,1
131046953,27952,1.35,0.59,9.26

131046968,1
131046968,27965,1.41,0.57,9.29

131046984,1
131046984,27978,1.34,0.55,9.38

131047000,1
131047000,27991,1.35,0.57,9.34

131047015,1
131047015,28004,1.33,0.58,9.38

131047015,1
131047015,28017,1.34,0.57,9.39

131047031,1
131047031,28030,1.34,0.58,9.37

131047046,1
131047046,28043,1.34,0.55,9.37

131047062,1
131047062,28056,1.36,0.58,9.34

131047078,1
131047078,28069,1.36,0.57,9.33

131047093,1
131047093,28082,1.38,0.57,9.35

131047093,1
131047093,28095,1.36,0.56,9.35

131047109,1
131047109,28108,1.35,0.57,9.35

131047125,1
131047125,28121,2.32,3.15,2.84

131047140,1
131047140,28134,2.12,-1.13,12.30

131047156,1
131047156,28147,1.45,0.37,9.99

131047171,1
131047171,28160,1.55,0.58,9.61

131047171,1
131047171,28173,1.38,0.63,9.52

131047187,1
131047187,28186,1.26,0.57,9.52

131047203,1
131047203,28199,1.36,0.58,9.45

131047218,1
131047218,28212,1.31,0.60,9.47

131047234,1
131047234,28225,1.32,0.51,9.64

131047250,1
131047250,28238,1.42,0.23,9.87

131047250,1
131047250,28251,1.29,-0.20,10.05

131047265,1
131047265,28264,1.37,0.93,8.20

131047281,1
131047281,28277,1.44,1.24,8.50

131047296,1
131047296,28290,1.33,0.63,9.50

131047312,1
131047312,28303,1.32,0.54,9.25

131047312,1
131047328,28316,1.40,0.55,9.32

131047328,1
131047328,28329,1.33,0.54,9.36

131047343,1
131047343,28342,1.32,0.58,9.36

131047359,1
131047359,28355,1.31,0.58,9.37

131047375,1
131047375,28368,1.34,0.55,9.39

131047390,1
131047390,28381,1.34,0.56,9.38

131047406,1
131047406,28394,1.35,0.56,9.38

131047406,1
131047406,28407,1.36,0.59,9.35

131047421,1
131047421,28420,1.36,0.56,9.34

131047437,1
131047437,28433,1.36,0.56,9.33

131047453,1
131047453,28446,1.36,0.60,9.33

131047468,1
131047468,28459,1.36,0.58,9.36

131047468,1
131047468,28472,1.42,0.69,9.20

131047484,1
131047484,28485,1.56,1.47,17.27

131047500,1
131047500,28498,1.35,-2.98,9.78

131047515,1
131047515,28511,1.41,-0.40,9.79

131047531,1
131047531,28524,1.46,0.39,9.41

131047546,1
131047546,28537,1.31,0.56,9.48

131047562,1
131047562,28550,1.36,0.56,9.50

131047562,1
131047562,28563,1.31,0.44,9.56

131047578,1
131047578,28576,1.33,0.35,9.60

131047593,1
131047593,28589,1.38,-0.04,10.36

131047609,1
131047609,28602,1.25,0.46,8.85

131047625,1
131047625,28615,1.45,1.44,7.87

131047625,1
131047625,28628,1.39,0.73,9.48

131047640,1
131047640,28641,1.31,0.56,9.29

131047656,1
131047656,28654,1.40,0.59,9.34

131047671,1
131047671,28667,1.39,0.60,9.34

131047687,1
131047687,28680,1.33,0.57,9.37

131047703,1
131047703,28693,1.37,0.60,9.34

131047703,1
131047718,28706,1.35,0.59,9.36

131047718,1
131047718,28719,1.39,0.59,9.38

131047734,1
131047734,28732,1.36,0.59,9.37

131047750,1
131047750,28745,1.35,0.59,9.35

131047765,1
131047765,28758,1.38,0.60,9.31

131047781,1
131047781,28771,1.36,0.57,9.31

131047781,1
131047781,28784,1.40,0.57,9.33

131047796,1
131047796,28797,1.38,0.58,9.32

131047812,1
131047812,28810,1.37,0.58,9.32

131047828,1
131047828,28823,2.08,2.43,4.93

131047843,1
131047843,28836,1.70,-0.69,13.77

131047859,1
131047859,28849,1.52,-0.15,9.68

131047859,1
131047859,28862,1.55,0.46,9.63

131047875,1
131047875,28875,1.42,0.56,9.54

131047890,1
131047890,28888,1.28,0.62,9.50

131047906,1
131047906,28901,1.41,0.60,9.53

131047921,1
131047921,28914,1.32,0.46,9.65

131047937,1
131047937,28927,1.35,0.26,9.74

131047953,1
131047953,28940,1.41,0.21,10.26

131047953,1
131047953,28953,1.18,0.32,8.84

131047968,1
131047968,28966,1.46,1.38,8.11

131047984,1
131047984,28979,1.41,0.73,9.42

131048000,1
131048000,28992,1.34,0.57,9.32

131048015,1
131048015,29005,1.39,0.60,9.35

131048015,1
131048015,29018,1.38,0.59,9.32

131048031,1
131048031,29031,1.33,0.56,9.37

131048046,1
131048046,29044,1.38,0.60,9.33

131048062,1
131048062,29057,1.36,0.56,9.33

131048078,1
131048078,29070,1.35,0.59,9.36

131048093,1
131048093,29083,1.36,0.60,9.34

131048093,1
131048093,29096,1.36,0.59,9.33

131048109,1
131048109,29109,1.37,0.59,9.35

131048125,1
131048125,29122,1.33,0.58,9.37

131048140,1
131048140,29135,1.36,0.61,9.35

131048156,1
131048156,29148,1.35,0.61,9.34

131048171,1
131048171,29161,1.36,0.61,9.36

131048171,1
131048171,29174,1.75,0.91,8.45

131048187,1
131048187,29187,1.61,-1.57,15.65

131048203,1
131048203,29200,1.35,0.06,9.74

131048218,1
131048218,29213,1.52,0.54,9.60

131048234,1
131048234,29226,1.43,0.58,9.33

131048250,1
131048250,29239,1.29,0.64,9.52

131048250,1
131048250,29252,1.37,0.58,9.43

131048265,1
131048265,29265,1.30,0.58,9.54

131048281,1
131048281,29278,1.33,0.61,9.48

131048296,1
131048296,29291,1.33,0.40,9.57

131048312,1
131048312,29304,1.35,0.39,10.12

131048328,1
131048328,29317,1.56,0.12,10.24

131048328,1
131048328,29330,1.34,0.97,8.36

131048343,1
131048343,29343,1.40,0.94,8.22

131048359,1
131048359,29356,1.35,0.61,9.63

131048375,1
131048375,29369,1.38,0.58,9.24

131048390,1
131048390,29382,1.42,0.58,9.33

131048406,1
131048406,29395,1.39,0.57,9.37

131048406,1
131048421,29408,1.37,0.61,9.38

131048421,1
131048421,29421,1.35,0.61,9.36

131048437,1
131048437,29434,1.38,0.59,9.37

131048453,1
131048453,29447,1.37,0.59,9.36

131048468,1
131048468,29460,1.37,0.58,9.35

131048484,1
131048484,29473,1.36,0.60,9.36

131048484,1
131048484,29486,1.38,0.57,9.33

131048500,1
131048500,29499,1.36,0.57,9.32

131048515,1
131048515,29512,1.37,0.59,9.31

131048531,1
131048531,29525,1.47,0.63,9.27

131048546,1
131048546,29538,1.48,0.28,17.66

131048562,1
131048562,29551,1.47,-0.36,10.08

131048562,1
131048562,29564,1.39,0.52,9.86

131048578,1
131048578,29577,1.44,0.61,9.29

131048593,1
131048593,29590,1.30,0.59,9.48

131048609,1
131048609,29603,1.40,0.63,9.47

131048625,1
131048625,29616,1.34,0.61,9.56

131048640,1
131048640,29629,1.32,0.40,9.77

131048640,1
131048640,29642,1.48,0.27,10.14

131048656,1
131048656,29655,1.17,0.12,9.32

131048671,1
131048671,29668,1.41,1.18,7.92

131048687,1
131048687,29681,1.44,0.84,9.21

131048703,1
131048703,29694,1.33,0.60,9.34

131048718,1
131048718,29707,1.35,0.59,9.36

131048718,1
131048718,29720,1.39,0.60,9.31

131048734,1
131048734,29733,1.34,0.61,9.37

131048750,1
131048750,29746,1.38,0.62,9.35

131048765,1
131048765,29759,1.35,0.60,9.35

131048781,1
131048781,29772,1.37,0.59,9.34

131048796,1
131048796,29785,1.38,0.61,9.34

131048796,1
131048796,29798,1.34,0.60,9.36

131048812,1
131048812,29811,1.38,0.62,9.34

131048828,1
131048828,29824,1.38,0.61,9.34

131048843,1
131048843,29837,1.39,0.59,9.35

131048859,1
131048859,29850,1.35,0.60,9.35

131048875,1
131048875,29863,1.39,0.61,9.35

131048875,1
131048875,29876,2.33,4.20,-2.66

131048890,1
131048890,29889,1.92,-0.67,12.17

131048906,1
131048906,29902,1.23,0.37,10.01

131048921,1
131048921,29915,1.43,0.57,9.47

131048937,1
131048937,29928,1.34,0.59,9.62

131048953,1
131048953,29941,1.24,0.67,9.53

131048953,1
131048953,29954,1.36,0.72,9.44

131048968,1
131048968,29967,1.28,0.61,9.56

131048984,1
131048984,29980,1.34,0.51,9.79

131049000,1
131049000,29993,1.37,0.43,9.58

131049015,1
131049015,30006,1.22,-0.16,10.14

131049015,1
131049031,30019,1.40,0.89,8.48

131049031,1
131049031,30032,1.50,1.36,8.23

131049046,1
131049046,30045,1.36,0.67,9.53

131049062,1
131049062,30058,1.34,0.59,9.26

131049078,1
131049078,30071,1.42,0.61,9.33

131049093,1
131049093,30084,1.34,0.59,9.33

131049093,1
131049093,30097,1.37,0.60,9.38

131049109,1
131049109,30110,1.39,0.60,9.38

131049125,1
131049125,30123,1.38,0.58,9.38

131049140,1
131049140,30136,1.40,0.59,9.35

131049156,1
131049156,30149,1.36,0.60,9.36

131049171,1
131049171,30162,1.38,0.61,9.36

131049171,1
131049171,30175,1.37,0.57,9.32

131049187,1
131049187,30188,1.40,0.59,9.31

131049203,1
131049203,30201,1.38,0.59,9.36

131049218,1
131049218,30214,0.94,4.96,-3.11

131049234,1
131049234,30227,2.12,-1.11,11.77

131049250,1
131049250,30240,1.25,0.24,10.03

131049250,1
131049265,30253,1.43,0.55,9.50

131049265,1
131049265,30266,1.33,0.60,9.54

131049281,1
131049281,30279,1.27,0.57,9.53

131049296,1
131049296,30292,1.29,0.54,9.50

131049312,1
131049312,30305,1.32,0.55,9.51

131049328,1
131049328,30318,1.36,0.78,9.70

131049328,1
131049343,30331,1.39,0.49,9.89

131049343,1
131049343,30344,1.30,-0.06,9.96

131049359,1
131049359,30357,1.31,0.47,8.94

131049375,1
131049375,30370,1.54,1.40,8.12

131049390,1
131049390,30383,1.38,0.74,9.35

131049406,1
131049406,30396,1.33,0.60,9.28

131049406,1
131049406,30409,1.40,0.60,9.32

131049421,1
131049421,30422,1.37,0.58,9.32

131049437,1
131049437,30435,1.34,0.61,9.39

131049453,1
131049453,30448,1.36,0.63,9.34

131049468,1
131049468,30461,1.36,0.59,9.35

131049484,1
131049484,30474,1.37,0.59,9.35

131049484,1
131049484,30487,1.36,0.62,9.36

131049500,1
131049500,30500,1.34,0.63,9.37

131049515,1
131049515,30513,1.39,0.62,9.35

131049531,1
131049531,30526,1.39,0.60,9.35

131049546,1
131049546,30539,1.40,0.60,9.36

131049562,1
131049562,30552,1.37,0.61,9.34

131049562,1
131049562,30565,1.85,1.12,8.18

131049578,1
131049578,30578,1.87,-1.82,13.88

131049593,1
131049593,30591,1.42,0.10,9.93

131049609,1
131049609,30604,1.53,0.52,9.59

131049625,1
131049625,30617,1.38,0.71,9.34

131049640,1
131049640,30630,1.28,0.74,9.55

131049640,1
131049640,30643,1.39,0.60,9.54

131049656,1
131049656,30656,1.28,0.54,9.55

131049671,1
131049671,30669,1.25,0.46,9.65

131049687,1
131049687,30682,1.40,0.09,9.97

131049703,1
131049703,30695,1.38,-0.05,10.21

131049718,1
131049718,30708,1.28,0.88,8.38

131049718,1
131049718,30721,1.48,1.08,8.46

131049734,1
131049734,30734,1.30,0.62,9.51

131049750,1
131049750,30747,1.38,0.57,9.30

131049765,1
131049765,30760,1.43,0.59,9.28

131049781,1
131049781,30773,1.37,0.57,9.38

131049796,1
131049796,30786,1.37,0.61,9.35

131049796,1
131049796,30799,1.38,0.61,9.35

131049812,1
131049812,30812,1.36,0.58,9.36

131049828,1
131049828,30825,1.36,0.60,9.36

131049843,1
131049843,30838,1.38,0.61,9.34

131049859,1
131049859,30851,1.37,0.59,9.34

131049875,1
131049875,30864,1.39,0.61,9.34

131049875,1
131049875,30877,1.38,0.59,9.34

131049890,1
131049890,30890,1.39,0.61,9.34

131049906,1
131049906,30903,1.37,0.61,9.36

131049921,1
131049921,30916,1.38,0.61,9.31

131049937,1
131049937,30929,1.77,0.87,19.61

131049953,1
131049953,30942,1.36,-0.35,10.24

131049953,1
131049953,30955,1.35,0.52,10.17

131049968,1
131049968,30968,1.42,0.56,9.10

131049984,1
131049984,30981,1.26,0.56,9.55

131050000,1
131050000,30994,1.31,0.48,9.67

131050015,1
131050015,31007,1.23,0.54,9.51

131050031,1
131050031,31020,1.30,0.25,9.57

131050031,1
131050031,31033,1.28,-0.07,10.11

131050046,1
131050046,31046,1.43,0.87,8.51

131050062,1
131050062,31059,1.48,1.28,8.35

131050078,1
131050078,31072,1.38,0.75,9.41

131050093,1
131050093,31085,1.32,0.57,9.31

131050109,1
131050109,31098,1.42,0.60,9.27

131050109,1
131050109,31111,1.38,0.61,9.36

131050125,1
131050125,31124,1.38,0.61,9.33

131050140,1
131050140,31137,1.38,0.63,9.33

131050156,1
131050156,31150,1.38,0.58,9.39

131050171,1
131050171,31163,1.39,0.58,9.37

131050187,1
131050187,31176,1.35,0.60,9.36

131050187,1
131050187,31189,1.38,0.63,9.33

131050203,1
131050203,31202,1.38,0.61,9.33

131050218,1
131050218,31215,1.39,0.59,9.33

131050234,1
131050234,31228,1.37,0.59,9.33

131050250,1
131050250,31241,1.38,0.60,9.35

131050265,1
131050265,31254,1.38,0.62,9.35

131050265,1
131050265,31267,1.40,0.62,9.36

131050281,1
131050281,31280,1.39,-1.46,16.98

131050296,1
131050296,31293,1.59,-0.24,9.89

131050312,1
131050312,31306,1.59,0.51,9.85

131050328,1
131050328,31319,1.44,0.61,9.21

131050343,1
131050343,31332,1.28,0.60,9.49

131050343,1
131050343,31345,1.39,0.61,9.53

131050359,1
131050359,31358,1.37,0.61,9.55

131050375,1
131050375,31371,1.40,0.47,10.14

131050390,1
131050390,31384,1.30,-0.45,10.11

131050406,1
131050406,31397,1.40,0.59,8.66

131050406,1
131050421,31410,1.40,1.68,8.16

131050421,1
131050421,31423,1.38,0.79,9.46

131050437,1
131050437,31436,1.32,0.61,9.28

131050453,1
131050453,31449,1.45,0.59,9.28

131050468,1
131050468,31462,1.37,0.57,9.38

131050484,1
131050484,31475,1.37,0.61,9.40

131050500,1
131050500,31488,1.37,0.60,9.33

131050500,1
131050500,31501,1.39,0.57,9.37

131050515,1
131050515,31514,1.38,0.60,9.37

131050531,1
131050531,31527,1.38,0.58,9.35

131050546,1
131050546,31540,1.38,0.60,9.37

131050562,1
131050562,31553,1.37,0.60,9.34

131050562,1
131050578,31566,1.38,0.59,9.33

131050578,1
131050578,31579,1.39,0.58,9.35

131050593,1
131050593,31592,1.38,0.61,9.35

131050609,1
131050609,31605,1.37,0.59,9.32

131050625,1
131050625,31618,1.40,0.58,9.33

131050640,1
131050640,31631,1.81,1.10,8.23

131050640,1
131050656,31644,1.83,-1.81,13.53

131050656,1
131050656,31657,1.36,0.07,9.91

131050671,1
131050671,31670,1.55,0.47,9.61

131050687,1
131050687,31683,1.39,0.58,9.42

131050703,1
131050703,31696,1.24,0.66,9.46

131050718,1
131050718,31709,1.39,0.62,9.45

131050718,1
131050734,31722,1.30,0.48,9.56

131050734,1
131050734,31735,1.30,0.35,9.60

131050750,1
131050750,31748,1.34,-0.27,10.00

131050765,1
131050765,31761,1.37,0.60,8.77

131050781,1
131050781,31774,1.41,1.63,8.32

131050796,1
131050796,31787,1.37,0.86,9.35

131050796,1
131050812,31800,1.37,0.58,9.32

131050812,1
131050812,31813,1.42,0.62,9.29

131050828,1
131050828,31826,1.41,0.57,9.37

131050843,1
131050843,31839,1.36,0.61,9.40

131050859,1
131050859,31852,1.35,0.62,9.35

131050875,1
131050875,31865,1.36,0.60,9.36

131050875,1
131050875,31878,1.36,0.59,9.38

131050890,1
131050890,31891,1.39,0.60,9.35

131050906,1
131050906,31904,1.36,0.61,9.37

131050921,1
131050921,31917,1.40,0.62,9.34

131050937,1
131050937,31930,1.40,0.58,9.33

131050953,1
131050953,31943,1.39,0.60,9.35

131050968,1
131050968,31956,1.38,0.61,9.34

131050968,1
131050968,31969,1.38,0.59,9.32

131050984,1
131050984,31982,1.40,0.61,9.32

131051000,1
131051000,31995,0.41,3.80,11.86

131051015,1
131051015,32008,1.60,-0.93,10.65

131051031,1
131051031,32021,1.22,0.46,10.20

131051031,1
131051031,32034,1.43,0.54,9.12

131051046,1
131051046,32047,1.28,0.55,9.56

131051062,1
131051062,32060,1.34,0.58,9.61

131051078,1
131051078,32073,1.35,0.62,9.65

131051093,1
131051093,32086,1.36,0.28,9.81

131051109,1
131051109,32099,1.42,-0.19,9.97

131051109,1
131051109,32112,1.31,0.35,8.88

131051125,1
131051125,32125,1.36,1.58,8.24

131051140,1
131051140,32138,1.35,0.83,9.32

131051156,1
131051156,32151,1.34,0.58,9.34

131051171,1
131051171,32164,1.43,0.59,9.26

131051187,1
131051187,32177,1.40,0.58,9.28

131051187,1
131051187,32190,1.35,0.60,9.37

131051203,1
131051203,32203,1.37,0.60,9.32

131051218,1
131051218,32216,1.37,0.61,9.35

131051234,1
131051234,32229,1.36,0.59,9.37

131051250,1
131051250,32242,1.39,0.61,9.36

131051265,1
131051265,32255,1.36,0.59,9.34

131051265,1
131051265,32268,1.39,0.61,9.32

131051281,1
131051281,32281,1.38,0.59,9.33

131051296,1
131051296,32294,1.39,0.59,9.34

131051312,1
131051312,32307,1.36,0.62,9.31

131051328,1
131051328,32320,1.37,0.60,9.36

131051343,1
131051343,32333,1.36,0.59,9.36

131051343,1
131051343,32346,1.34,0.57,9.37

131051359,1
131051359,32359,1.43,0.28,18.79

131051375,1
131051375,32372,1.31,-2.51,9.93

131051390,1
131051390,32385,1.49,-0.10,9.91

131051406,1
131051406,32398,1.45,0.48,9.27

131051421,1
131051421,32411,1.32,0.57,9.44

131051421,1
131051421,32424,1.40,0.55,9.61

131051437,1
131051437,32437,1.33,0.58,9.50

131051453,1
131051453,32450,1.32,0.28,9.56

131051468,1
131051468,32463,1.50,-0.07,9.95

131051484,1
131051484,32476,1.30,-0.12,9.43

131051500,1
131051500,32489,1.36,1.44,8.29

131051500,1
131051500,32502,1.44,1.17,8.97

131051515,1
131051515,32515,1.31,0.61,9.39

131051531,1
131051531,32528,1.42,0.61,9.32

131051546,1
131051546,32541,1.41,0.62,9.31

131051562,1
131051562,32554,1.35,0.59,9.38

131051578,1
131051578,32567,1.39,0.63,9.34

131051578,1
131051578,32580,1.36,0.62,9.37

131051593,1
131051593,32593,1.38,0.61,9.38

131051609,1
131051609,32606,1.37,0.62,9.35

131051625,1
131051625,32619,1.38,0.62,9.35

131051640,1
131051640,32632,1.36,0.64,9.36

131051656,1
131051656,32645,1.38,0.61,9.38

131051656,1
131051656,32658,1.40,0.61,9.36

131051671,1
131051671,32671,1.38,0.61,9.32

131051687,1
131051687,32684,1.39,0.63,9.37

131051703,1
131051703,32697,1.38,0.61,9.38

131051718,1
131051718,32710,0.01,6.92,-3.68

131051734,1
131051734,32723,1.33,-2.50,10.94

131051734,1
131051734,32736,1.18,0.19,10.18

131051750,1
131051750,32749,1.48,0.50,9.23

131051765,1
131051765,32762,1.31,0.57,9.64

131051781,1
131051781,32775,1.30,0.55,9.50

131051796,1
131051796,32788,1.39,0.62,9.41

131051812,1
131051812,32801,1.36,0.56,9.58

131051812,1
131051812,32814,1.37,0.25,9.70

131051828,1
131051828,32827,1.47,0.03,10.05

131051843,1
131051843,32840,1.23,0.34,8.84

131051859,1
131051859,32853,1.41,1.52,8.37

131051875,1
131051875,32866,1.38,0.85,9.18

131051890,1
131051890,32879,1.36,0.60,9.33

131051890,1
131051890,32892,1.41,0.61,9.31

131051906,1
131051906,32905,1.40,0.59,9.33

131051921,1
131051921,32918,1.38,0.62,9.36

131051937,1
131051937,32931,1.37,0.64,9.35

131051953,1
131051953,32944,1.38,0.59,9.33

131051968,1
131051968,32957,1.37,0.59,9.36

131051968,1
131051968,32970,1.37,0.61,9.35

131051984,1
131051984,32983,1.35,0.61,9.36

131052000,1
131052000,32996,1.39,0.62,9.33

131052015,1
131052015,33009,1.40,0.62,9.35

131052031,1
131052031,33022,1.37,0.61,9.33

131052046,1
131052046,33035,1.41,0.63,9.35

131052046,1
131052046,33048,1.37,0.60,9.34

131052062,1
131052062,33061,1.39,0.62,9.34

131052078,1
131052078,33074,1.37,0.62,9.36

131052093,1
131052093,33087,-0.70,5.20,-5.31

131052109,1
131052109,33100,1.78,-1.39,11.45

131052125,1
131052125,33113,1.22,0.37,10.08

131052125,1
131052125,33126,1.49,0.52,9.33

131052140,1
131052140,33139,1.28,0.57,9.60

131052156,1
131052156,33152,1.33,0.66,9.51

131052171,1
131052171,33165,1.36,0.62,9.55

131052187,1
131052187,33178,1.29,0.29,9.50

131052187,1
131052203,33191,1.29,0.29,9.60

131052203,1
131052203,33204,1.53,0.23,10.23

131052218,1
131052218,33217,1.17,0.44,8.46

131052234,1
131052234,33230,1.44,1.39,8.57

131052250,1
131052250,33243,1.41,0.85,9.22

131052265,1
131052265,33256,1.36,0.58,9.36

131052281,1
131052281,33269,1.43,0.65,9.30

131052281,1
131052281,33282,1.39,0.60,9.35

131052296,1
131052296,33295,1.36,0.64,9.35

131052312,1
131052312,33308,1.37,0.63,9.34

131052328,1
131052328,33321,1.38,0.60,9.36

131052343,1
131052343,33334,1.38,0.60,9.37

131052343,1
131052343,33347,1.38,0.61,9.33

131052359,1
131052359,33360,1.39,0.61,9.34

131052375,1
131052375,33373,1.38,0.59,9.32

131052390,1
131052390,33386,1.41,0.60,9.36

131052406,1
131052406,33399,1.40,0.60,9.32

131052421,1
131052421,33412,1.41,0.60,9.32

131052437,1
131052437,33425,1.36,0.61,9.34

131052437,1
131052437,33438,1.65,1.72,18.76

131052453,1
131052453,33451,1.54,-2.06,10.29

131052468,1
131052468,33464,1.37,0.21,9.93

131052484,1
131052484,33477,1.48,0.53,9.28

131052500,1
131052500,33490,1.29,0.60,9.50

131052500,1
131052500,33503,1.36,0.48,9.60

131052515,1
131052515,33516,1.32,0.59,9.37

131052531,1
131052531,33529,1.36,0.81,9.14

131052546,1
131052546,33542,1.44,0.38,9.74

131052562,1
131052562,33555,1.36,0.15,9.67

131052578,1
131052578,33568,1.30,0.19,9.41

131052593,1
131052593,33581,1.41,1.36,8.34

131052593,1
131052593,33594,1.41,0.90,9.17

131052609,1
131052609,33607,1.33,0.61,9.34

131052625,1
131052625,33620,1.43,0.63,9.37

131052640,1
131052640,33633,1.37,0.60,9.32

131052656,1
131052656,33646,1.38,0.62,9.38

131052656,1
131052671,33659,1.37,0.65,9.34

131052671,1
131052671,33672,1.37,0.63,9.35

131052687,1
131052687,33685,1.38,0.60,9.32

131052703,1
131052703,33698,1.42,0.61,9.31

131052718,1
131052718,33711,1.37,0.61,9.32

131052734,1
131052734,33724,1.40,0.62,9.34

131052734,1
131052734,33737,1.40,0.63,9.33

131052750,1
131052750,33750,1.35,0.61,9.33

131052765,1
131052765,33763,1.40,0.62,9.35

131052781,1
131052781,33776,1.36,0.61,9.31

131052796,1
131052796,33789,1.37,0.61,9.37

131052812,1
131052812,33802,2.09,2.38,5.49

131052812,1
131052812,33815,2.56,-1.56,12.86

131052828,1
131052828,33828,1.44,-0.41,9.89

131052843,1
131052843,33841,1.59,0.42,9.55

131052859,1
131052859,33854,1.40,0.58,9.45

131052875,1
131052875,33867,1.26,0.61,9.49

131052890,1
131052890,33880,1.40,0.58,9.54

131052890,1
131052890,33893,1.32,0.48,9.56

131052906,1
131052906,33906,1.30,0.53,9.41

131052921,1
131052921,33919,1.50,0.01,10.17

131052937,1
131052937,33932,1.03,-0.05,9.26

131052953,1
131052953,33945,1.42,1.52,8.19

131052968,1
131052968,33958,1.47,0.93,9.16

131052968,1
131052968,33971,1.35,0.60,9.40

131052984,1
131052984,33984,1.42,0.63,9.33

131053000,1
131053000,33997,1.44,0.62,9.32

131053015,1
131053015,34010,1.37,0.62,9.36

131053031,1
131053031,34023,1.38,0.64,9.36

131053046,1
131053046,34036,1.39,0.63,9.37

131053046,1
131053046,34049,1.39,0.60,9.35

131053062,1
131053062,34062,1.43,0.64,9.37

131053078,1
131053078,34075,1.38,0.63,9.36

131053093,1
131053093,34088,1.42,0.64,9.35

131053109,1
131053109,34101,1.41,0.63,9.35

131053125,1
131053125,34114,1.41,0.63,9.32

131053125,1
131053125,34127,1.40,0.63,9.36

131053140,1
131053140,34140,1.63,0.82,8.86

131053156,1
131053156,34153,1.56,-1.38,16.63

131053171,1
131053171,34166,1.27,3.48,9.62

131053187,1
131053187,34179,1.68,5.25,9.32

131053203,1
131053203,34192,2.41,4.05,9.25

131053203,1
131053203,34205,1.24,-9.91,9.98

131053218,1
131053218,34218,1.39,-1.95,9.70

131053234,1
131053234,34231,1.48,0.12,9.35

131053250,1
131053250,34244,1.28,0.38,9.61

131053265,1
131053265,34257,1.40,0.41,9.80

131053281,1
131053281,34270,1.43,0.32,9.66

131053281,1
131053281,34283,1.33,-0.33,10.05

131053296,1
131053296,34296,1.39,0.87,8.80

131053312,1
131053312,34309,1.61,2.01,8.04

131053328,1
131053328,34322,1.51,1.24,8.77

131053343,1
131053343,34335,1.36,0.66,9.54

131053359,1
131053359,34348,1.42,0.59,9.47

131053359,1
131053359,34361,1.43,0.68,9.34

131053375,1
131053375,34374,1.38,0.76,9.31

131053390,1
131053390,34387,1.42,0.77,9.34

131053406,1
131053406,34400,1.42,0.72,9.31

131053421,1
131053421,34413,1.45,0.68,9.39

131053437,1
131053437,34426,1.42,0.74,9.34

131053437,1
131053437,34439,1.44,0.78,9.30

131053453,1
131053453,34452,1.42,0.74,9.34

131053468,1
131053468,34465,1.44,0.71,9.33

131053484,1
131053484,34478,1.44,0.74,9.34

131053500,1
131053500,34491,1.42,0.74,9.31

131053515,1
131053515,34504,1.41,0.74,9.34

131053515,1
131053515,34517,1.43,0.73,9.34

131053531,1
131053531,34530,1.44,0.75,9.31

131053546,1
131053546,34543,-0.31,3.32,9.96

131053562,1
131053562,34556,1.92,1.97,11.36

131053578,1
131053578,34569,1.38,-0.33,10.28

131053593,1
131053593,34582,1.62,0.47,8.96

131053593,1
131053593,34595,1.35,0.68,9.55

131053609,1
131053609,34608,1.45,0.68,9.56

131053625,1
131053625,34621,1.37,0.63,9.42

131053640,1
131053640,34634,1.40,0.51,9.61

131053656,1
131053656,34647,1.57,0.17,10.56

131053671,1
131053671,34660,1.08,-0.49,9.76

131053671,1
131053671,34673,1.42,1.35,8.17

131053687,1
131053687,34686,1.58,1.68,8.26

131053703,1
131053703,34699,1.36,0.80,9.41

131053718,1
131053718,34712,1.38,0.64,9.39

131053734,1
131053734,34725,1.51,0.75,9.26

131053750,1
131053750,34738,1.43,0.68,9.34

131053750,1
131053750,34751,1.39,0.71,9.33

131053765,1
131053765,34764,1.45,0.76,9.33

131053781,1
131053781,34777,1.42,0.66,9.37

131053796,1
131053796,34790,1.44,0.70,9.37

131053812,1
131053812,34803,1.43,0.74,9.36

131053812,1
131053812,34816,1.44,0.71,9.35

131053828,1
131053828,34829,1.44,0.72,9.32

131053843,1
131053843,34842,1.44,0.70,9.30

131053859,1
131053859,34855,1.44,0.73,9.34

131053875,1
131053875,34868,1.43,0.72,9.35

131053890,1
131053890,34881,1.46,0.73,9.36

131053906,1
131053906,34894,1.41,0.71,9.34

131053906,1
131053906,34907,1.45,0.74,9.32

131053921,1
131053921,34920,1.62,3.13,16.00

131053937,1
131053937,34933,1.85,1.46,10.87

131053953,1
131053953,34946,1.30,0.20,10.09

131053968,1
131053968,34959,1.56,0.57,8.99

131053968,1
131053984,34972,1.32,0.67,9.53

131053984,1
131053984,34985,1.43,0.65,9.51

131054000,1
131054000,34998,1.32,0.62,9.49

131054015,1
131054015,35011,1.40,0.51,9.62

131054031,1
131054031,35024,1.61,0.22,10.47

131054046,1
131054046,35037,1.13,-0.35,9.76

131054046,1
131054062,35050,1.44,1.25,8.40

131054062,1
131054062,35063,1.61,1.55,8.29

131054078,1
131054078,35076,1.35,0.81,9.42

131054093,1
131054093,35089,1.40,0.63,9.38

131054109,1
131054109,35102,1.49,0.76,9.26

131054125,1
131054125,35115,1.40,0.69,9.31

131054140,1
131054140,35128,1.39,0.71,9.33

131054140,1
131054140,35141,1.45,0.75,9.31

131054156,1
131054156,35154,1.37,0.68,9.36

131054171,1
131054171,35167,1.41,0.72,9.33

131054187,1
131054187,35180,1.43,0.72,9.34

131054203,1
131054203,35193,1.41,0.71,9.35

131054203,1
131054203,35206,1.43,0.72,9.34

131054218,1
131054218,35219,1.44,0.70,9.34

131054234,1
131054234,35232,1.44,0.72,9.33

131054250,1
131054250,35245,1.41,0.71,9.30

131054265,1
131054265,35258,1.44,0.74,9.33

131054281,1
131054281,35271,1.43,0.71,9.33

131054281,1
131054281,35284,0.02,6.71,-5.79

131054296,1
131054296,35297,1.76,-3.09,11.54

131054312,1
131054312,35310,1.17,0.11,10.30

131054328,1
131054328,35323,1.56,0.58,9.25

131054343,1
131054343,35336,1.31,0.58,9.65

131054359,1
131054359,35349,1.37,0.68,9.47

131054359,1
131054359,35362,1.37,0.62,9.45

131054375,1
131054375,35375,1.37,0.43,9.53

131054390,1
131054390,35388,1.39,0.50,9.65

131054406,1
131054406,35401,1.54,-0.54,10.30

131054421,1
131054421,35414,1.35,0.56,9.04

131054437,1
131054437,35427,1.49,2.00,7.81

131054437,1
131054437,35440,1.48,1.13,9.16

131054453,1
131054453,35453,1.31,0.61,9.50

131054468,1
131054468,35466,1.48,0.73,9.26

131054484,1
131054484,35479,1.47,0.68,9.33

131054500,1
131054500,35492,1.41,0.68,9.35

131054515,1
131054515,35505,1.41,0.74,9.30

131054515,1
131054515,35518,1.43,0.69,9.32

131054531,1
131054531,35531,1.42,0.68,9.37

131054546,1
131054546,35544,1.45,0.71,9.30

131054562,1
131054562,35557,1.43,0.71,9.33

131054578,1
131054578,35570,1.44,0.71,9.32

131054593,1
131054593,35583,1.46,0.70,9.31

131054593,1
131054593,35596,1.42,0.68,9.32

131054609,1
131054609,35609,1.44,0.70,9.32

131054625,1
131054625,35622,1.44,0.70,9.28

131054640,1
131054640,35635,1.44,0.67,9.31

131054656,1
131054656,35648,1.44,0.69,9.32

131054671,1
131054671,35661,-1.74,6.53,-4.95

131054671,1
131054671,35674,2.64,-0.64,11.79

131054687,1
131054687,35687,1.49,0.15,10.13

131054703,1
131054703,35700,1.63,0.53,9.23

131054718,1
131054718,35713,1.33,0.61,9.62

131054734,1
131054734,35726,1.34,0.61,9.51

131054750,1
131054750,35739,1.42,0.64,9.53

131054750,1
131054750,35752,1.47,0.48,9.75

131054765,1
131054765,35765,1.41,0.25,9.71

131054781,1
131054781,35778,1.50,-0.35,10.35

131054796,1
131054796,35791,1.29,0.70,8.63

131054812,1
131054812,35804,1.43,1.98,7.98

131054828,1
131054828,35817,1.42,0.93,9.40

131054828,1
131054828,35830,1.33,0.62,9.39

131054843,1
131054843,35843,1.46,0.74,9.24

131054859,1
131054859,35856,1.41,0.68,9.35

131054875,1
131054875,35869,1.40,0.69,9.38

131054890,1
131054890,35882,1.42,0.74,9.35

131054906,1
131054906,35895,1.40,0.67,9.37

131054906,1
131054906,35908,1.44,0.69,9.34

131054921,1
131054921,35921,1.43,0.69,9.30

131054937,1
131054937,35934,1.43,0.70,9.36

131054953,1
131054953,35947,1.41,0.71,9.33

131054968,1
131054968,35960,1.44,0.70,9.29

131054984,1
131054984,35973,1.43,0.69,9.33

131054984,1
131054984,35986,1.43,0.68,9.32

131055000,1
131055000,35999,1.44,0.69,9.33

131055015,1
131055015,36012,1.41,0.68,9.32

131055031,1
131055031,36025,1.45,0.68,9.35

131055046,1
131055046,36038,1.42,0.68,9.33

131055062,1
131055062,36051,1.56,0.88,9.05

131055062,1
131055062,36064,1.70,-2.18,15.95

131055078,1
131055078,36077,1.56,-0.25,9.75

131055093,1
131055093,36090,1.74,0.54,9.53

131055109,1
131055109,36103,1.41,0.61,9.33

131055125,1
131055125,36116,1.30,0.65,9.44

131055140,1
131055140,36129,1.49,0.63,9.53

131055140,1
131055140,36142,1.38,0.51,9.63

131055156,1
131055156,36155,1.37,0.37,9.48

131055171,1
131055171,36168,1.59,0.01,10.34

131055187,1
131055187,36181,1.16,-0.17,9.42

131055203,1
131055203,36194,1.43,1.71,8.05

131055218,1
131055218,36207,1.51,1.23,8.79

131055218,1
131055218,36220,1.34,0.62,9.52

131055234,1
131055234,36233,1.43,0.68,9.26

131055250,1
131055250,36246,1.48,0.69,9.34

131055265,1
131055265,36259,1.39,0.66,9.35

131055281,1
131055281,36272,1.37,0.72,9.33

131055281,1
131055296,36285,1.41,0.72,9.37

131055296,1
131055296,36298,1.40,0.65,9.36

131055312,1
131055312,36311,1.42,0.67,9.31

131055328,1
131055328,36324,1.41,0.69,9.33

131055343,1
131055343,36337,1.41,0.69,9.33

131055359,1
131055359,36350,1.45,0.70,9.32

131055375,1
131055375,36363,1.44,0.67,9.34

131055375,1
131055375,36376,1.44,0.70,9.35

131055390,1
131055390,36389,1.42,0.69,9.32

131055406,1
131055406,36402,1.72,-0.87,19.23

131055421,1
131055421,36415,1.26,-0.25,10.02

131055437,1
131055437,36428,1.56,0.55,9.72

131055437,1
131055437,36441,1.49,0.66,9.27

131055453,1
131055453,36454,1.32,0.61,9.51

131055468,1
131055468,36467,1.46,0.61,9.42

131055484,1
131055484,36480,1.37,0.54,9.45

131055500,1
131055500,36493,1.37,0.62,9.57

131055515,1
131055515,36506,1.45,0.35,9.98

131055531,1
131055531,36519,1.32,-0.25,10.02

131055531,1
131055531,36532,1.47,0.82,8.83

131055546,1
131055546,36545,1.55,1.68,8.09

131055562,1
131055562,36558,1.41,0.85,9.38

131055578,1
131055578,36571,1.36,0.67,9.29

131055593,1
131055593,36584,1.49,0.71,9.32

131055609,1
131055609,36597,1.43,0.65,9.32

131055609,1
131055609,36610,1.43,0.69,9.35

131055625,1
131055625,36623,1.44,0.74,9.33

131055640,1
131055640,36636,1.44,0.68,9.37

131055656,1
131055656,36649,1.42,0.69,9.35

131055671,1
131055671,36662,1.44,0.68,9.34

131055687,1
131055687,36675,1.41,0.71,9.34

131055687,1
131055687,36688,1.43,0.69,9.33

131055703,1
131055703,36701,1.46,0.69,9.33

131055718,1
131055718,36714,1.44,0.69,9.36

131055734,1
131055734,36727,1.45,0.70,9.32

131055750,1
131055750,36740,1.41,0.69,9.33

131055750,1
131055765,36753,1.44,0.68,9.35

131055765,1
131055765,36766,1.43,0.67,9.33

131055781,1
131055781,36779,1.37,2.55,18.62

131055796,1
131055796,36792,1.67,-0.50,10.56

131055812,1
131055812,36805,1.38,0.53,10.08

131055828,1
131055828,36818,1.53,0.59,9.03

131055843,1
131055843,36831,1.32,0.64,9.59

131055843,1
131055843,36844,1.44,0.64,9.46

131055859,1
131055859,36857,1.32,0.59,9.50

131055875,1
131055875,36870,1.44,0.54,9.67

131055890,1
131055890,36883,1.48,0.26,9.84

131055906,1
131055906,36896,1.41,-0.05,9.94

131055906,1
131055906,36909,1.31,0.61,8.85

131055921,1
131055921,36922,1.44,1.52,8.30

131055937,1
131055937,36935,1.41,0.93,9.06

131055953,1
131055953,36948,1.37,0.63,9.37

131055968,1
131055968,36961,1.46,0.69,9.31

131055984,1
131055984,36974,1.42,0.66,9.29

131055984,1
131055984,36987,1.41,0.66,9.37

131056000,1
131056000,37000,1.40,0.69,9.31

131056015,1
131056015,37013,1.42,0.68,9.35

131056031,1
131056031,37026,1.43,0.68,9.36

131056046,1
131056046,37039,1.43,0.69,9.33

131056062,1
131056062,37052,1.41,0.69,9.31

131056062,1
131056062,37065,1.41,0.68,9.34

131056078,1
131056078,37078,1.43,0.71,9.32

131056093,1
131056093,37091,1.41,0.69,9.34

131056109,1
131056109,37104,1.44,0.69,9.34

131056125,1
131056125,37117,2.07,1.71,6.82

131056140,1
131056140,37130,1.77,-2.00,13.18

131056140,1
131056140,37143,1.37,0.01,9.91

131056156,1
131056156,37156,1.63,0.57,9.38

131056171,1
131056171,37169,1.40,0.68,9.48

131056187,1
131056187,37182,1.28,0.68,9.49

131056203,1
131056203,37195,1.46,0.59,9.48

131056218,1
131056218,37208,1.33,0.48,9.53

131056218,1
131056218,37221,1.37,0.62,9.43

131056234,1
131056234,37234,1.49,0.26,10.02

131056250,1
131056250,37247,1.23,-0.45,10.09

131056265,1
131056265,37260,1.47,1.16,8.27

131056281,1
131056281,37273,1.47,1.62,8.35

131056296,1
131056296,37286,1.35,0.71,9.55

131056296,1
131056296,37299,1.37,0.67,9.27

131056312,1
131056312,37312,1.50,0.70,9.34

131056328,1
131056328,37325,1.41,0.66,9.35

131056343,1
131056343,37338,1.43,0.70,9.37

131056359,1
131056359,37351,1.45,0.72,9.31

131056375,1
131056375,37364,1.45,0.65,9.35

131056375,1
131056390,37377,1.44,0.69,9.32

131056390,1
131056390,37390,1.46,0.68,9.35

131056406,1
131056406,37403,1.43,0.70,9.34

131056421,1
131056421,37416,1.43,0.70,9.33

131056437,1
131056437,37429,1.44,0.68,9.34

131056453,1
131056453,37442,1.41,0.67,9.34

131056453,1
131056453,37455,1.44,0.68,9.33

131056468,1
131056468,37468,1.43,0.68,9.35

131056484,1
131056484,37481,0.84,6.24,-3.30

131056500,1
131056500,37494,1.57,-2.64,10.89

131056515,1
131056515,37507,1.21,0.23,10.27

131056531,1
131056531,37520,1.56,0.59,9.27

131056531,1
131056531,37533,1.30,0.57,9.60

131056546,1
131056546,37546,1.36,0.64,9.48

131056562,1
131056562,37559,1.42,0.67,9.41

131056578,1
131056578,37572,1.41,0.51,9.45

131056593,1
131056593,37585,1.34,0.41,9.47

131056609,1
131056609,37598,1.44,0.01,10.24

131056609,1
131056609,37611,1.17,-0.56,9.86

131056625,1
131056625,37624,1.47,1.43,8.03

131056640,1
131056640,37637,1.49,1.59,8.57

131056656,1
131056656,37650,1.33,0.67,9.58

131056671,1
131056671,37663,1.42,0.66,9.24

131056687,1
131056687,37676,1.50,0.67,9.31

131056687,1
131056687,37689,1.43,0.65,9.36

131056703,1
131056703,37702,1.41,0.71,9.34

131056718,1
131056718,37715,1.42,0.71,9.31

131056734,1
131056734,37728,1.43,0.64,9.37

131056750,1
131056750,37741,1.41,0.67,9.33

131056765,1
131056765,37754,1.42,0.69,9.34

131056765,1
131056765,37767,1.40,0.70,9.33

131056781,1
131056781,37780,1.45,0.71,9.32

131056796,1
131056796,37793,1.44,0.67,9.32

131056812,1
131056812,37806,1.43,0.69,9.32

131056828,1
131056828,37819,1.43,0.70,9.32

131056843,1
131056843,37832,1.43,0.68,9.31

131056843,1
131056843,37845,1.74,5.57,-3.11

131056859,1
131056859,37858,1.69,-2.99,11.45

131056875,1
131056875,37871,1.26,0.14,10.18

131056890,1
131056890,37884,1.51,0.56,9.33

131056906,1
131056906,37897,1.33,0.62,9.58

131056921,1
131056921,37910,1.34,0.65,9.45

131056921,1
131056921,37923,1.42,0.65,9.44

131056937,1
131056937,37936,1.37,0.62,9.52

131056953,1
131056953,37949,1.40,0.35,9.67

131056968,1
131056968,37962,1.46,0.01,9.97

131056984,1
131056984,37975,1.27,-0.41,10.02

131056984,1
131057000,37988,1.58,1.15,8.51

131057000,1
131057000,38001,1.45,1.65,8.23

131057015,1
131057015,38014,1.40,0.77,9.54

131057031,1
131057031,38027,1.37,0.65,9.29

131057046,1
131057046,38040,1.50,0.68,9.33

131057062,1
131057062,38053,1.41,0.68,9.34

131057062,1
131057078,38066,1.42,0.69,9.36

131057078,1
131057078,38079,1.44,0.70,9.31

131057093,1
131057093,38092,1.43,0.65,9.36

131057109,1
131057109,38105,1.46,0.66,9.35

131057125,1
131057125,38118,1.43,0.67,9.31

131057140,1
131057140,38131,1.45,0.69,9.35

131057156,1
131057156,38144,1.42,0.67,9.35

131057156,1
131057156,38157,1.46,0.66,9.34

131057171,1
131057171,38170,1.43,0.67,9.33

131057187,1
131057187,38183,1.42,0.69,9.31

131057203,1
131057203,38196,1.43,0.69,9.33

131057218,1
131057218,38209,-1.23,3.25,-2.76

131057218,1
131057218,38222,2.03,1.35,11.89

131057234,1
131057234,38235,1.11,0.23,10.12

131057250,1
131057250,38248,1.47,0.53,8.91

131057265,1
131057265,38261,1.30,0.63,9.56

131057281,1
131057281,38274,1.39,0.59,9.50

131057296,1
131057296,38287,1.28,0.54,9.38

131057296,1
131057312,38300,1.34,0.62,9.38

131057312,1
131057312,38313,1.43,0.71,9.74

131057328,1
131057328,38326,1.35,0.28,9.89

131057343,1
131057343,38339,1.34,0.09,9.76

131057359,1
131057359,38352,1.35,0.38,9.39

131057375,1
131057375,38365,1.46,1.36,8.29

131057375,1
131057390,38378,1.48,0.99,8.97

131057390,1
131057390,38391,1.37,0.65,9.43

131057406,1
131057406,38404,1.45,0.67,9.30

131057421,1
131057421,38417,1.45,0.65,9.29

131057437,1
131057437,38430,1.41,0.66,9.40

131057453,1
131057453,38443,1.42,0.70,9.32

131057453,1
131057468,38456,1.44,0.69,9.33

131057468,1
131057468,38469,1.41,0.66,9.34

131057484,1
131057484,38482,1.46,0.69,9.35

131057500,1
131057500,38495,1.42,0.67,9.33

131057515,1
131057515,38508,1.44,0.70,9.33

131057531,1
131057531,38521,1.46,0.68,9.32

131057531,1
131057531,38534,1.43,0.65,9.33

131057546,1
131057546,38547,1.45,0.68,9.34

131057562,1
131057562,38560,1.41,0.68,9.34

131057578,1
131057578,38573,1.45,0.67,9.35

131057593,1
131057593,38586,0.09,4.09,-6.70

131057609,1
131057609,38599,1.78,0.31,11.88

131057609,1
131057625,38612,1.02,-0.05,10.33

131057625,1
131057625,38625,1.48,0.52,9.14

131057640,1
131057640,38638,1.31,0.63,9.66

131057656,1
131057656,38651,1.36,0.61,9.50

131057671,1
131057671,38664,1.32,0.59,9.39

131057687,1
131057687,38677,1.32,0.50,9.48

131057687,1
131057687,38690,1.46,0.55,9.92

131057703,1
131057703,38703,1.36,-0.27,10.07

131057718,1
131057718,38716,1.32,0.78,8.77

131057734,1
131057734,38729,1.56,1.57,8.18

131057750,1
131057750,38742,1.43,0.85,9.28

131057765,1
131057765,38755,1.40,0.61,9.35

131057765,1
131057765,38768,1.50,0.70,9.30

131057781,1
131057781,38781,1.44,0.64,9.35

131057796,1
131057796,38794,1.43,0.67,9.35

131057812,1
131057812,38807,1.46,0.72,9.30

131057828,1
131057828,38820,1.43,0.66,9.37

131057843,1
131057843,38833,1.44,0.67,9.34

131057843,1
131057843,38846,1.44,0.69,9.35

131057859,1
131057859,38859,1.44,0.68,9.35

131057875,1
131057875,38872,1.44,0.68,9.32

131057890,1
131057890,38885,1.47,0.64,9.33

131057906,1
131057906,38898,1.47,0.65,9.33

131057921,1
131057921,38911,1.44,0.67,9.34

131057921,1
131057921,38924,1.45,0.67,9.31

131057937,1
131057937,38937,1.43,0.64,9.30

131057953,1
131057953,38950,2.12,-0.23,18.93

131057968,1
131057968,38963,1.41,-0.59,10.12

131057984,1
131057984,38976,1.56,0.53,9.71

131058000,1
131058000,38989,1.51,0.65,9.23

131058000,1
131058000,39002,1.33,0.63,9.52

131058015,1
131058015,39015,1.49,0.59,9.41

131058031,1
131058031,39028,1.39,0.57,9.49

131058046,1
131058046,39041,1.39,0.42,9.68

131058062,1
131058062,39054,1.44,0.16,10.09

131058078,1
131058078,39067,1.29,-0.32,9.72

131058078,1
131058078,39080,1.49,1.29,8.34

131058093,1
131058093,39093,1.54,1.50,8.51

131058109,1
131058109,39106,1.36,0.69,9.52

131058125,1
131058125,39119,1.41,0.66,9.26

131058140,1
131058140,39132,1.51,0.70,9.31

131058156,1
131058156,39145,1.41,0.65,9.36

131058156,1
131058156,39158,1.44,0.71,9.32

131058171,1
131058171,39171,1.42,0.69,9.31

131058187,1
131058187,39184,1.42,0.67,9.35

131058203,1
131058203,39197,1.44,0.67,9.32

131058218,1
131058218,39210,1.41,0.70,9.36

131058234,1
131058234,39223,1.42,0.68,9.33

131058234,1
131058234,39236,1.45,0.67,9.31

131058250,1
131058250,39249,1.47,0.68,9.35

131058265,1
131058265,39262,1.45,0.67,9.35

131058281,1
131058281,39275,1.92,1.46,7.31

131058296,1
131058296,39288,1.69,-0.67,15.26

131058312,1
131058312,39301,1.59,0.22,9.85

131058312,1
131058312,39314,1.66,0.37,9.53

131058328,1
131058328,39327,1.45,0.56,9.40

131058343,1
131058343,39340,1.39,0.63,9.58

131058359,1
131058359,39353,1.41,0.65,9.53

131058375,1
131058375,39366,1.39,0.51,9.67

131058390,1
131058390,39379,1.43,0.41,9.95

131058390,1
131058390,39392,1.46,-0.30,9.99

131058406,1
131058406,39405,1.35,0.66,8.91

131058421,1
131058421,39418,1.59,1.79,8.12

131058437,1
131058437,39431,1.46,0.94,9.30

131058453,1
131058453,39444,1.36,0.58,9.39

131058453,1
131058468,39457,1.50,0.68,9.29

131058468,1
131058468,39470,1.45,0.67,9.33

131058484,1
131058484,39483,1.43,0.67,9.39

131058500,1
131058500,39496,1.44,0.70,9.32

131058515,1
131058515,39509,1.45,0.66,9.35

131058531,1
131058531,39522,1.45,0.67,9.35

131058546,1
131058546,39535,1.45,0.68,9.34

131058546,1
131058546,39548,1.44,0.67,9.36

131058562,1
131058562,39561,1.48,0.68,9.33

131058578,1
131058578,39574,1.45,0.68,9.32

131058593,1
131058593,39587,1.42,0.66,9.34

131058609,1
131058609,39600,1.45,0.71,9.34

131058625,1
131058625,39613,1.43,0.67,9.35

131058625,1
131058625,39626,1.46,0.67,9.36

131058640,1
131058640,39639,1.44,0.68,9.35

131058656,1
131058656,39652,-0.60,3.80,3.13

131058671,1
131058671,39665,1.94,-0.48,11.56

131058687,1
131058687,39678,1.26,0.43,10.12

131058703,1
131058703,39691,1.52,0.55,9.03

131058703,1
131058703,39704,1.29,0.62,9.61

131058718,1
131058718,39717,1.42,0.61,9.45

131058734,1
131058734,39730,1.31,0.55,9.53

131058750,1
131058750,39743,1.43,0.46,9.90

131058765,1
131058765,39756,1.46,0.05,10.12

131058765,1
131058781,39769,1.21,0.03,9.28

131058781,1
131058781,39782,1.42,1.53,8.11

131058796,1
131058796,39795,1.55,1.17,8.89

131058812,1
131058812,39808,1.33,0.59,9.43

131058828,1
131058828,39821,1.46,0.67,9.29

131058843,1
131058843,39834,1.48,0.70,9.30

131058843,1
131058859,39847,1.37,0.64,9.38

131058859,1
131058859,39860,1.44,0.73,9.35

131058875,1
131058875,39873,1.43,0.69,9.35

131058890,1
131058890,39886,1.42,0.65,9.34

131058906,1
131058906,39899,1.43,0.69,9.32

131058921,1
131058921,39912,1.42,0.70,9.33

131058921,1
131058937,39925,1.44,0.70,9.33

131058937,1
131058937,39938,1.44,0.67,9.35

131058953,1
131058953,39951,1.46,0.67,9.30

131058968,1
131058968,39964,1.44,0.68,9.31

131058984,1
131058984,39977,1.46,0.70,9.35

131059000,1
131059000,39990,1.44,0.69,9.33

131059000,1
131059015,40003,1.85,-1.84,15.19

131059015,1
131059015,40016,1.02,-0.39,10.30

131059031,1
131059031,40029,1.61,0.48,9.66

131059046,1
131059046,40042,1.41,0.63,9.32

131059062,1
131059062,40055,1.26,0.65,9.46

131059078,1
131059078,40068,1.47,0.66,9.50

131059078,1
131059078,40081,1.31,0.62,9.54

131059093,1
131059093,40094,1.39,0.47,9.65

131059109,1
131059109,40107,1.43,-0.02,9.91

131059125,1
131059125,40120,1.24,-0.49,10.14

131059140,1
131059140,40133,1.46,1.12,8.30

131059156,1
131059156,40146,1.60,1.60,8.19

131059156,1
131059171,40159,1.39,0.75,9.44

131059171,1
131059171,40172,1.38,0.62,9.31

131059187,1
131059187,40185,1.53,0.70,9.30

131059203,1
131059203,40198,1.43,0.66,9.34

131059218,1
131059218,40211,1.42,0.69,9.36

131059234,1
131059234,40224,1.42,0.70,9.33

131059234,1
131059234,40237,1.44,0.64,9.36

131059250,1
131059250,40250,1.43,0.67,9.35

131059265,1
131059265,40263,1.43,0.66,9.34

131059281,1
131059281,40276,1.44,0.68,9.34

131059296,1
131059296,40289,1.42,0.68,9.36

131059312,1
131059312,40302,1.43,0.66,9.34

131059312,1
131059328,40315,1.42,0.67,9.34

131059328,1
131059328,40328,1.60,0.80,9.12

131059343,1
131059343,40341,1.97,-1.39,15.74

131059359,1
131059359,40354,1.27,-0.11,9.83

131059375,1
131059375,40367,1.62,0.56,9.54

131059390,1
131059390,40380,1.42,0.59,9.41

131059390,1
131059390,40393,1.29,0.63,9.53

131059406,1
131059406,40406,1.40,0.54,9.48

131059421,1
131059421,40419,1.35,0.52,9.55

131059437,1
131059437,40432,1.40,0.68,9.49

131059453,1
131059453,40445,1.41,0.27,9.90

131059468,1
131059468,40458,1.29,-0.43,10.30

131059468,1
131059468,40471,1.43,0.94,8.61

131059484,1
131059484,40484,1.62,1.69,8.03

131059500,1
131059500,40497,1.41,0.91,9.29

131059515,1
131059515,40510,1.38,0.63,9.36

131059531,1
131059531,40523,1.49,0.68,9.30

131059546,1
131059546,40536,1.44,0.67,9.33

131059546,1
131059546,40549,1.38,0.69,9.40

131059562,1
131059562,40562,1.45,0.70,9.33

131059578,1
131059578,40575,1.41,0.66,9.35

131059593,1
131059593,40588,1.45,0.66,9.36

131059609,1
131059609,40601,1.44,0.70,9.35

131059625,1
131059625,40614,1.42,0.70,9.36

131059625,1
131059625,40627,1.44,0.67,9.32

131059640,1
131059640,40640,1.44,0.65,9.32

131059656,1
131059656,40653,1.45,0.68,9.30

131059671,1
131059671,40666,1.43,0.70,9.30

131059687,1
131059687,40679,1.45,0.69,9.36

131059703,1
131059703,40692,1.43,0.66,9.34

131059703,1
131059703,40705,-3.82,5.87,-10.90

131059718,1
131059718,40718,2.33,-0.72,11.65

131059734,1
131059734,40731,1.27,0.39,10.33

131059750,1
131059750,40744,1.46,0.57,9.05

131059765,1
131059765,40757,1.34,0.59,9.69

131059781,1
131059781,40770,1.38,0.65,9.51

131059781,1
131059781,40783,1.35,0.61,9.55

131059796,1
131059796,40796,1.39,0.58,9.46

131059812,1
131059812,40809,1.43,0.29,9.88

131059828,1
131059828,40822,1.32,-0.44,10.06

131059843,1
131059843,40835,1.33,1.03,8.52

131059859,1
131059859,40848,1.55,1.62,8.18

131059859,1
131059859,40861,1.41,0.83,9.31

131059875,1
131059875,40874,1.40,0.62,9.36

131059890,1
131059890,40887,1.52,0.72,9.25

131059906,1
131059906,40900,1.43,0.67,9.33

131059921,1
131059921,40913,1.41,0.71,9.33

131059937,1
131059937,40926,1.42,0.72,9.34

131059937,1
131059937,40939,1.42,0.63,9.39

131059953,1
131059953,40952,1.43,0.65,9.36

131059968,1
131059968,40965,1.42,0.68,9.33

131059984,1
131059984,40978,1.42,0.66,9.33

131060000,1
131060000,40991,1.42,0.67,9.31

131060015,1
131060015,41004,1.44,0.66,9.32

131060015,1
131060015,41017,1.43,0.68,9.31

131060031,1
131060031,41030,1.45,0.71,9.34

131060046,1
131060046,41043,1.43,0.69,9.34

131060062,1
131060062,41056,1.47,0.65,9.33

131060078,1
131060078,41069,-0.65,3.97,-7.46

131060093,1
131060093,41082,2.20,0.78,11.91

131060093,1
131060093,41095,0.79,-0.54,10.45

131060109,1
131060109,41108,1.41,0.36,9.20

131060125,1
131060125,41121,1.34,0.60,9.59

131060140,1
131060140,41134,1.35,0.59,9.52

131060156,1
131060156,41147,1.38,0.68,9.42

131060171,1
131060171,41160,1.38,0.78,9.39

131060171,1
131060171,41173,1.42,0.55,9.42

131060187,1
131060187,41186,1.34,0.37,9.63

131060203,1
131060203,41199,1.43,-0.40,10.51

131060218,1
131060218,41212,1.40,0.52,9.11

131060234,1
131060234,41225,1.54,1.69,7.90

131060250,1
131060250,41238,1.50,1.08,9.09

131060250,1
131060250,41251,1.35,0.59,9.40

131060265,1
131060265,41264,1.47,0.66,9.27

131060281,1
131060281,41277,1.45,0.65,9.30

131060296,1
131060296,41290,1.40,0.67,9.38

131060312,1
131060312,41303,1.42,0.71,9.30

131060312,1
131060328,41316,1.44,0.68,9.33

131060328,1
131060328,41329,1.44,0.65,9.36

131060343,1
131060343,41342,1.42,0.66,9.38

131060359,1
131060359,41355,1.44,0.70,9.32

131060375,1
131060375,41368,1.40,0.70,9.33

131060390,1
131060390,41381,1.47,0.68,9.32

131060406,1
131060406,41394,1.45,0.66,9.33

131060406,1
131060406,41407,1.45,0.68,9.33

131060421,1
131060421,41420,1.44,0.71,9.32

131060437,1
131060437,41433,2.45,0.57,19.61

131060453,1
131060453,41446,1.13,-0.67,10.31

131060468,1
131060468,41459,1.44,0.48,9.81

131060468,1
131060468,41472,1.55,0.66,9.14

131060484,1
131060484,41485,1.28,0.56,9.58

131060500,1
131060500,41498,1.46,0.68,9.59

131060515,1
131060515,41511,1.37,0.92,9.68

131060531,1
131060531,41524,1.34,0.55,9.34

131060546,1
131060546,41537,1.36,0.39,9.54

131060546,1
131060546,41550,1.33,0.02,9.90

131060562,1
131060562,41563,1.24,-0.46,10.35

131060578,1
131060578,41576,1.43,1.19,8.37

131060593,1
131060593,41589,1.59,1.68,8.02

131060609,1
131060609,41602,1.40,0.84,9.45

131060625,1
131060625,41615,1.40,0.58,9.43

131060625,1
131060640,41628,1.49,0.64,9.23

131060640,1
131060640,41641,1.43,0.63,9.35

131060656,1
131060656,41654,1.41,0.67,9.35

131060671,1
131060671,41667,1.44,0.69,9.32

131060687,1
131060687,41680,1.44,0.65,9.34

131060703,1
131060703,41693,1.43,0.65,9.34

131060703,1
131060718,41706,1.42,0.70,9.33

131060718,1
131060718,41719,1.41,0.68,9.31

131060734,1
131060734,41732,1.46,0.70,9.34

131060750,1
131060750,41745,1.44,0.66,9.33

131060765,1
131060765,41758,1.44,0.67,9.34

131060781,1
131060781,41771,1.45,0.68,9.30

131060781,1
131060796,41784,3.47,3.07,1.22

131060796,1
131060796,41797,1.77,-0.67,12.16

131060812,1
131060812,41810,0.92,-0.68,10.23

131060828,1
131060828,41823,1.47,0.44,9.46

131060843,1
131060843,41836,1.35,0.62,9.56

131060859,1
131060859,41849,1.30,0.72,9.50

131060859,1
131060875,41862,1.39,0.68,9.44

131060875,1
131060875,41875,1.36,0.58,9.44

131060890,1
131060890,41888,1.33,0.43,9.39

131060906,1
131060906,41901,1.36,0.16,9.69

131060921,1
131060921,41914,1.36,-0.22,10.01

131060937,1
131060937,41927,1.35,0.55,9.17

131060937,1
131060937,41940,1.60,1.56,8.08

131060953,1
131060953,41953,1.52,1.03,8.93

131060968,1
131060968,41966,1.40,0.61,9.42

131060984,1
131060984,41979,1.45,0.66,9.32

131061000,1
131061000,41992,1.47,0.66,9.27

131061015,1
131061015,42005,1.40,0.66,9.41

131061015,1
131061015,42018,1.40,0.68,9.35

131061031,1
131061031,42031,1.44,0.70,9.36

131061046,1
131061046,42044,1.45,0.66,9.38

131061062,1
131061062,42057,1.48,0.68,9.33

131061078,1
131061078,42070,1.43,0.68,9.32

131061093,1
131061093,42083,1.45,0.68,9.32

131061093,1
131061093,42096,1.45,0.67,9.28

131061109,1
131061109,42109,1.47,0.65,9.34

131061125,1
131061125,42122,1.43,0.68,9.33

131061140,1
131061140,42135,1.43,0.66,9.32

131061156,1
131061156,42148,1.45,0.67,9.36

131061171,1
131061171,42161,0.55,3.73,-9.08

131061171,1
131061171,42174,2.43,0.51,13.01

131061187,1
131061187,42187,0.99,-0.63,10.08

131061203,1
131061203,42200,1.49,0.04,9.28

131061218,1
131061218,42213,1.42,0.56,9.61

131061234,1
131061234,42226,1.36,0.65,9.55

131061250,1
131061250,42239,1.37,0.69,9.46

131061250,1
131061250,42252,1.36,0.53,9.52

131061265,1
131061265,42265,1.44,0.72,9.72

131061281,1
131061281,42278,1.43,0.06,10.07

131061296,1
131061296,42291,1.25,-0.12,9.33

131061312,1
131061312,42304,1.43,1.49,8.20

131061328,1
131061328,42317,1.50,1.19,8.72

131061328,1
131061328,42330,1.40,0.65,9.51

131061343,1
131061343,42343,1.44,0.67,9.26

131061359,1
131061359,42356,1.49,0.67,9.35

131061375,1
131061375,42369,1.40,0.63,9.36

131061390,1
131061390,42382,1.43,0.70,9.33

131061406,1
131061406,42395,1.38,0.65,9.37

131061406,1
131061406,42408,1.43,0.66,9.38

131061421,1
131061421,42421,1.44,0.69,9.31

131061437,1
131061437,42434,1.42,0.67,9.34

131061453,1
131061453,42447,1.44,0.67,9.34

131061468,1
131061468,42460,1.45,0.68,9.32

131061484,1
131061484,42473,1.44,0.66,9.33

131061484,1
131061484,42486,1.43,0.67,9.35

131061500,1
131061500,42499,1.44,0.70,9.33

131061515,1
131061515,42512,1.42,0.68,9.31

131061531,1
131061531,42525,1.46,0.69,9.34

131061546,1
131061546,42538,-0.74,4.23,-6.01

131061562,1
131061562,42551,1.23,-0.73,11.04

131061562,1
131061562,42564,1.14,0.33,10.30

131061578,1
131061578,42577,1.47,0.57,9.02

131061593,1
131061593,42590,1.29,0.65,9.65

131061609,1
131061609,42603,1.41,0.65,9.57

131061625,1
131061625,42616,1.38,0.64,9.51

131061640,1
131061640,42629,1.35,0.55,9.43

131061640,1
131061640,42642,1.40,0.47,9.72

131061656,1
131061656,42655,1.31,0.06,9.83

131061671,1
131061671,42668,1.28,0.24,9.24

131061687,1
131061687,42681,1.54,1.49,8.48

131061703,1
131061703,42694,1.48,1.03,8.74

131061718,1
131061718,42707,1.41,0.63,9.50

131061718,1
131061718,42720,1.46,0.68,9.24

131061734,1
131061734,42733,1.47,0.65,9.31

131061750,1
131061750,42746,1.41,0.65,9.37

131061765,1
131061765,42759,1.45,0.68,9.34

131061781,1
131061781,42772,1.42,0.66,9.36

131061796,1
131061796,42785,1.44,0.65,9.38

131061796,1
131061796,42798,1.46,0.68,9.33

131061812,1
131061812,42811,1.46,0.67,9.36

131061828,1
131061828,42824,1.45,0.68,9.32

131061843,1
131061843,42837,1.45,0.66,9.32

131061859,1
131061859,42850,1.45,0.66,9.33

131061859,1
131061875,42863,1.44,0.67,9.35

131061875,1
131061875,42876,1.53,5.52,-4.45

131061890,1
131061890,42889,2.37,-1.64,12.84

131061906,1
131061906,42902,1.18,0.30,10.00

131061921,1
131061921,42915,1.50,0.54,9.29

131061937,1
131061937,42928,1.35,0.61,9.61

131061953,1
131061953,42941,1.33,0.59,9.55

131061953,1
131061953,42954,1.34,0.55,9.46

131061968,1
131061968,42967,1.36,0.58,9.56

131061984,1
131061984,42980,1.31,0.51,9.47

131062000,1
131062000,42993,1.31,0.36,9.66

131062015,1
131062015,43006,1.31,-0.13,9.88

131062015,1
131062031,43019,1.24,-0.32,9.72

131062031,1
131062031,43032,1.45,1.20,8.53

131062046,1
131062046,43045,1.53,1.47,8.37

131062062,1
131062062,43058,1.37,0.78,9.39

131062078,1
131062078,43071,1.41,0.62,9.35

131062093,1
131062093,43084,1.50,0.70,9.29

131062109,1
131062109,43097,1.40,0.63,9.36

131062109,1
131062109,43110,1.43,0.69,9.38

131062125,1
131062125,43123,1.41,0.71,9.33

131062140,1
131062140,43136,1.43,0.63,9.36

131062156,1
131062156,43149,1.44,0.67,9.35

131062171,1
131062171,43162,1.44,0.68,9.33

131062171,1
131062187,43175,1.44,0.68,9.33

131062187,1
131062187,43188,1.42,0.68,9.31

131062203,1
131062203,43201,1.45,0.66,9.32

131062218,1
131062218,43214,1.44,0.67,9.34

131062234,1
131062234,43227,1.42,0.67,9.33

131062250,1
131062250,43240,2.07,1.32,7.91

131062265,1
131062265,43253,2.52,-1.19,12.75

131062265,1
131062265,43266,0.71,2.00,10.15

131062281,1
131062281,43279,1.73,-0.13,9.58

131062296,1
131062296,43292,1.36,0.43,9.45

131062312,1
131062312,43305,1.27,0.61,9.46

131062328,1
131062328,43318,1.39,0.69,9.53

131062328,1
131062343,43331,1.30,0.56,9.58

131062343,1
131062343,43344,1.37,0.59,9.57

131062359,1
131062359,43357,1.40,0.37,9.70

131062375,1
131062375,43370,1.39,0.05,9.98

131062390,1
131062390,43383,1.54,-0.64,9.93

131062406,1
131062406,43396,1.39,1.17,8.44

131062406,1
131062421,43409,1.45,1.79,8.31

131062421,1
131062421,43422,1.36,0.87,9.33

131062437,1
131062437,43435,1.43,0.66,9.40

131062453,1
131062453,43448,1.48,0.67,9.28

131062468,1
131062468,43461,1.44,0.63,9.37

131062484,1
131062484,43474,1.39,0.67,9.35

131062484,1
131062484,43487,1.44,0.68,9.36

131062500,1
131062500,43500,1.43,0.64,9.36

131062515,1
131062515,43513,1.47,0.66,9.39

131062531,1
131062531,43526,1.44,0.69,9.32

131062546,1
131062546,43539,1.43,0.67,9.30

131062562,1
131062562,43552,1.47,0.64,9.28

131062562,1
131062562,43565,1.46,0.64,9.31

131062578,1
131062578,43578,1.44,0.66,9.34

131062593,1
131062593,43591,1.42,0.68,9.36

131062609,1
131062609,43604,1.51,4.67,-6.24

131062625,1
131062625,43617,1.96,0.06,12.39

131062640,1
131062640,43630,1.03,-0.06,10.14

131062640,1
131062640,43643,1.46,0.49,9.45

131062656,1
131062656,43656,1.33,0.62,9.59

131062671,1
131062671,43669,1.37,0.60,9.57

131062687,1
131062687,43682,1.37,0.60,9.51

131062703,1
131062703,43695,1.38,0.65,9.65

131062718,1
131062718,43708,1.34,0.61,9.54

131062718,1
131062718,43721,1.36,0.44,9.56

131062734,1
131062734,43734,1.41,0.06,9.75

131062750,1
131062750,43747,1.44,0.03,9.29

131062765,1
131062765,43760,1.49,1.74,8.14

131062781,1
131062781,43773,1.48,1.18,8.77

131062796,1
131062796,43786,1.35,0.64,9.49

131062796,1
131062796,43799,1.44,0.66,9.30

131062812,1
131062812,43812,1.51,0.66,9.31

131062828,1
131062828,43825,1.39,0.66,9.37

131062843,1
131062843,43838,1.43,0.69,9.30

131062859,1
131062859,43851,1.43,0.68,9.35

131062875,1
131062875,43864,1.43,0.63,9.36

131062875,1
131062875,43877,1.44,0.67,9.36

131062890,1
131062890,43890,1.43,0.68,9.29

131062906,1
131062906,43903,1.45,0.69,9.29

131062921,1
131062921,43916,1.44,0.68,9.29

131062937,1
131062937,43929,1.46,0.64,9.33

131062953,1
131062953,43942,1.43,0.69,9.31

131062953,1
131062953,43955,1.41,0.70,9.31

131062968,1
131062968,43968,1.45,0.67,9.32

131062984,1
131062984,43981,2.40,-0.92,19.61

131063000,1
131063000,43994,1.48,-0.40,10.19

131063015,1
131063015,44007,1.55,0.51,9.80

131063031,1
131063031,44020,1.50,0.65,9.03

131063031,1
131063031,44033,1.28,0.61,9.49

131063046,1
131063046,44046,1.47,0.63,9.52

131063062,1
131063062,44059,1.33,0.63,9.55

131063078,1
131063078,44072,1.32,0.44,9.68

131063093,1
131063093,44085,1.44,0.35,9.79

131063109,1
131063109,44098,1.30,-0.65,10.39

131063109,1
131063109,44111,1.44,0.74,8.67

131063125,1
131063125,44124,1.58,1.82,8.10

131063140,1
131063140,44137,1.43,0.97,9.15

131063156,1
131063156,44150,1.38,0.58,9.42

131063171,1
131063171,44163,1.50,0.68,9.27

131063187,1
131063187,44176,1.45,0.65,9.32

131063187,1
131063187,44189,1.39,0.66,9.35

131063203,1
131063203,44202,1.44,0.70,9.33

131063218,1
131063218,44215,1.42,0.62,9.40

131063234,1
131063234,44228,1.46,0.62,9.36

131063250,1
131063250,44241,1.44,0.65,9.36

131063250,1
131063265,44254,1.44,0.67,9.36

131063265,1
131063265,44267,1.45,0.67,9.33

131063281,1
131063281,44280,1.46,0.66,9.31

131063296,1
131063296,44293,1.44,0.65,9.32

131063312,1
131063312,44306,1.44,0.65,9.33

131063328,1
131063328,44319,1.44,0.65,9.30

131063343,1
131063343,44332,-0.72,4.18,-9.52

131063343,1
131063343,44345,1.68,-0.07,11.26

131063359,1
131063359,44358,1.06,0.20,10.36

131063375,1
131063375,44371,1.45,0.50,9.15

131063390,1
131063390,44384,1.32,0.64,9.64

131063406,1
131063406,44397,1.40,0.59,9.49

131063421,1
131063421,44410,1.38,0.64,9.50

131063421,1
131063421,44423,1.27,0.42,9.44

131063437,1
131063437,44436,1.34,0.45,9.76

131063453,1
131063453,44449,1.42,-0.08,9.96

131063468,1
131063468,44462,1.18,-0.45,9.68

131063484,1
131063484,44475,1.52,1.38,8.35

131063500,1
131063500,44488,1.51,1.43,8.43

131063500,1
131063500,44501,1.37,0.70,9.56

131063515,1
131063515,44514,1.42,0.64,9.28

131063531,1
131063531,44527,1.47,0.67,9.33

131063546,1
131063546,44540,1.42,0.65,9.34

131063562,1
131063562,44553,1.43,0.70,9.33

131063578,1
131063578,44566,1.40,0.67,9.31

131063578,1
131063578,44579,1.45,0.63,9.37

131063593,1
131063593,44592,1.44,0.67,9.32

131063609,1
131063609,44605,1.46,0.66,9.31

131063625,1
131063625,44618,1.44,0.68,9.38

131063640,1
131063640,44631,1.48,0.68,9.31

131063656,1
131063656,44644,1.44,0.66,9.29

131063656,1
131063656,44657,1.45,0.67,9.31

131063671,1
131063671,44670,1.44,0.66,9.32

131063687,1
131063687,44683,1.44,0.68,9.33

131063703,1
131063703,44696,1.70,-1.01,16.45

131063718,1
131063718,44709,1.59,-0.50,10.20

131063734,1
131063734,44722,1.67,0.50,9.72

131063734,1
131063734,44735,1.48,0.58,9.25

131063750,1
131063750,44748,1.28,0.56,9.48

131063765,1
131063765,44761,1.48,0.60,9.51

131063781,1
131063781,44774,1.38,0.54,9.39

131063796,1
131063796,44787,1.36,0.27,9.57

131063796,1
131063812,44800,1.50,0.13,9.73

131063812,1
131063812,44813,1.47,-0.62,10.65

131063828,1
131063828,44826,1.40,0.37,8.76

131063843,1
131063843,44839,1.54,1.95,7.95

131063859,1
131063859,44852,1.39,1.08,9.16

131063875,1
131063875,44865,1.38,0.58,9.41

131063875,1
131063875,44878,1.51,0.67,9.25

131063890,1
131063890,44891,1.48,0.64,9.31

131063906,1
131063906,44904,1.41,0.66,9.35

131063921,1
131063921,44917,1.43,0.68,9.34

131063937,1
131063937,44930,1.45,0.66,9.33

131063953,1
131063953,44943,1.45,0.60,9.34

131063953,1
131063953,44956,1.47,0.65,9.34

131063968,1
131063968,44969,1.44,0.67,9.32

131063984,1
131063984,44982,1.44,0.66,9.31

131064000,1
131064000,44995,1.46,0.65,9.30

131064015,1
131064015,45008,1.44,0.66,9.30

131064031,1
131064031,45021,1.46,0.66,9.32

131064031,1
131064031,45034,1.43,0.67,9.32

131064046,1
131064046,45047,2.00,1.81,6.92

131064062,1
131064062,45060,2.66,-3.30,12.60

131064078,1
131064078,45073,1.47,-0.15,10.22

131064093,1
131064093,45086,1.64,0.47,9.55

131064109,1
131064109,45099,1.38,0.58,9.55

131064109,1
131064109,45112,1.32,0.72,9.53

131064125,1
131064125,45125,1.47,0.88,9.59

131064140,1
131064140,45138,1.34,0.53,9.51

131064156,1
131064156,45151,1.42,0.35,9.63

131064171,1
131064171,45164,1.45,-0.18,10.19

131064187,1
131064187,45177,1.23,-0.55,9.50

131064187,1
131064187,45190,1.40,1.78,7.95

131064203,1
131064203,45203,1.44,1.56,8.59

131064218,1
131064218,45216,1.33,0.68,9.56

131064234,1
131064234,45229,1.42,0.67,9.27

131064250,1
131064250,45242,1.50,0.64,9.28

131064265,1
131064265,45255,1.42,0.63,9.34

131064265,1
131064265,45268,1.45,0.70,9.31

131064281,1
131064281,45281,1.45,0.70,9.32

131064296,1
131064296,45294,1.43,0.62,9.38

131064312,1
131064312,45307,1.44,0.66,9.33

131064328,1
131064328,45320,1.41,0.65,9.36

131064343,1
131064343,45333,1.43,0.67,9.31

131064343,1
131064359,45346,1.44,0.67,9.33

131064359,1
131064359,45359,1.45,0.65,9.30

131064375,1
131064375,45372,1.46,0.67,9.31

131064390,1
131064390,45385,1.44,0.67,9.30

131064406,1
131064406,45398,1.47,0.69,9.32

131064421,1
131064421,45411,2.41,-1.66,13.97

131064421,1
131064421,45424,1.09,-2.04,10.36

131064437,1
131064437,45437,1.61,0.17,9.76

131064453,1
131064453,45450,1.34,0.47,9.41

131064468,1
131064468,45463,1.27,0.56,9.49

131064484,1
131064484,45476,1.47,0.68,9.63

131064500,1
131064500,45489,1.33,0.49,9.53

131064500,1
131064500,45502,1.36,0.49,9.62

131064515,1
131064515,45515,1.37,0.07,9.57

131064531,1
131064531,45528,1.31,-0.79,10.12

131064546,1
131064546,45541,1.21,1.68,8.15

131064562,1
131064562,45554,1.59,1.23,8.82

131064578,1
131064578,45567,1.40,0.72,9.20

131064578,1
131064578,45580,1.47,0.64,9.40

131064593,1
131064593,45593,1.47,0.62,9.28

131064609,1
131064609,45606,1.45,0.66,9.38

131064625,1
131064625,45619,1.43,0.67,9.33

131064640,1
131064640,45632,1.44,0.63,9.36

131064656,1
131064656,45645,1.43,0.64,9.36

131064656,1
131064656,45658,1.44,0.62,9.34

131064671,1
131064671,45671,1.45,0.65,9.33

131064687,1
131064687,45684,1.46,0.67,9.32

131064703,1
131064703,45697,1.48,0.67,9.33

131064718,1
131064718,45710,1.46,0.64,9.29

131064734,1
131064734,45723,1.46,0.65,9.32

131064734,1
131064734,45736,1.44,0.65,9.33

131064750,1
131064750,45749,1.67,0.84,8.98

131064765,1
131064765,45762,1.85,-1.30,13.13

131064781,1
131064781,45775,1.29,-0.05,10.17

131064796,1
131064796,45788,1.59,0.46,9.55

131064812,1
131064812,45801,1.41,0.61,9.37

131064812,1
131064812,45814,1.31,0.57,9.52

131064828,1
131064828,45827,1.46,0.60,9.48

131064843,1
131064843,45840,1.30,0.39,9.30

131064859,1
131064859,45853,1.32,0.48,9.61

131064875,1
131064875,45866,1.34,-0.18,9.83

131064890,1
131064890,45879,1.13,-0.80,10.21

131064890,1
131064890,45892,1.49,1.18,8.46

131064906,1
131064906,45905,1.56,1.71,8.34

131064921,1
131064921,45918,1.37,0.73,9.46

131064937,1
131064937,45931,1.45,0.63,9.33

131064953,1
131064953,45944,1.53,0.64,9.28

131064968,1
131064968,45957,1.42,0.63,9.34

131064968,1
131064968,45970,1.44,0.70,9.32

131064984,1
131064984,45983,1.46,0.65,9.31

131065000,1
131065000,45996,1.45,0.64,9.35

131065015,1
131065015,46009,1.47,0.64,9.32

131065031,1
131065031,46022,1.45,0.64,9.37

131065046,1
131065046,46035,1.44,0.65,9.35

131065046,1
131065046,46048,1.47,0.64,9.33

131065062,1
131065062,46061,1.47,0.64,9.30

131065078,1
131065078,46074,1.48,0.67,9.32

131065093,1
131065093,46087,1.44,0.66,9.31

131065109,1
131065109,46100,1.46,0.67,9.31

131065109,1
131065125,46113,1.46,0.65,9.35

131065125,1
131065125,46126,2.35,0.11,19.61

131065140,1
131065140,46139,1.47,-1.14,10.36

131065156,1
131065156,46152,1.38,0.37,10.12

131065171,1
131065171,46165,1.53,0.56,9.08

131065187,1
131065187,46178,1.33,0.58,9.58

131065203,1
131065203,46191,1.47,0.67,9.66

131065203,1
131065203,46204,1.36,0.72,9.74

131065218,1
131065218,46217,1.37,0.52,9.60

131065234,1
131065234,46230,1.37,0.02,9.72

131065250,1
131065250,46243,1.29,-0.60,9.87

131065265,1
131065265,46256,1.45,1.24,8.36

131065265,1
131065281,46269,1.60,1.55,8.45

131065281,1
131065281,46282,1.38,0.75,9.39

131065296,1
131065296,46295,1.46,0.58,9.33

131065312,1
131065312,46308,1.56,0.66,9.25

131065328,1
131065328,46321,1.44,0.61,9.37

131065343,1
131065343,46334,1.47,0.66,9.31

131065343,1
131065359,46347,1.43,0.67,9.36

131065359,1
131065359,46360,1.46,0.61,9.35

131065375,1
131065375,46373,1.47,0.65,9.32

131065390,1
131065390,46386,1.45,0.64,9.34

131065406,1
131065406,46399,1.49,0.64,9.33

131065421,1
131065421,46412,1.48,0.64,9.32

131065421,1
131065421,46425,1.49,0.64,9.33

131065437,1
131065437,46438,1.47,0.63,9.33

131065453,1
131065453,46451,1.48,0.65,9.34

131065468,1
131065468,46464,1.47,0.65,9.34

131065484,1
131065484,46477,1.48,0.62,9.34

131065500,1
131065500,46490,1.48,0.65,9.36

131065500,1
131065500,46503,0.98,4.44,16.81

131065515,1
131065515,46516,1.98,-0.92,10.84

131065531,1
131065531,46529,1.44,0.47,10.17

131065546,1
131065546,46542,1.62,0.58,9.03

131065562,1
131065562,46555,1.34,0.59,9.52

131065578,1
131065578,46568,1.46,0.64,9.48

131065578,1
131065578,46581,1.37,0.62,9.48

131065593,1
131065593,46594,1.39,0.41,9.35

131065609,1
131065609,46607,1.45,0.28,9.64

131065625,1
131065625,46620,1.34,0.00,9.76

131065640,1
131065640,46633,1.28,-0.57,9.78

131065656,1
131065656,46646,1.41,1.40,8.22

131065656,1
131065656,46659,1.55,1.45,8.62

131065671,1
131065671,46672,1.40,0.68,9.44

131065687,1
131065687,46685,1.50,0.65,9.30

131065703,1
131065703,46698,1.50,0.64,9.27

131065718,1
131065718,46711,1.45,0.63,9.35

131065734,1
131065734,46724,1.48,0.67,9.34

131065734,1
131065734,46737,1.45,0.66,9.33

131065750,1
131065750,46750,1.47,0.63,9.37

131065765,1
131065765,46763,1.47,0.65,9.36

131065781,1
131065781,46776,1.47,0.66,9.34

131065796,1
131065796,46789,1.47,0.66,9.33

131065812,1
131065812,46802,1.51,0.66,9.32

131065812,1
131065812,46815,1.49,0.63,9.30

131065828,1
131065828,46828,1.50,0.66,9.36

131065843,1
131065843,46841,1.47,0.67,9.37

131065859,1
131065859,46854,1.27,3.82,16.20

131065875,1
131065875,46867,1.74,-0.98,10.69

131065890,1
131065890,46880,1.40,0.42,10.09

131065890,1
131065890,46893,1.60,0.57,9.15

131065906,1
131065906,46906,1.33,0.57,9.46

131065921,1
131065921,46919,1.47,0.58,9.47

131065937,1
131065937,46932,1.39,0.66,9.46

131065953,1
131065953,46945,1.35,0.42,9.40

131065968,1
131065968,46958,1.41,0.42,9.67

131065968,1
131065968,46971,1.42,-0.21,10.00

131065984,1
131065984,46984,1.33,-0.06,9.27

131066000,1
131066000,46997,1.52,1.52,8.19

131066015,1
131066015,47010,1.48,1.31,8.87

131066031,1
131066031,47023,1.37,0.61,9.49

131066046,1
131066046,47036,1.51,0.67,9.33

131066046,1
131066046,47049,1.51,0.63,9.29

131066062,1
131066062,47062,1.43,0.62,9.37

131066078,1
131066078,47075,1.47,0.67,9.34

131066093,1
131066093,47088,1.43,0.66,9.31

131066109,1
131066109,47101,1.48,0.62,9.32

131066125,1
131066125,47114,1.48,0.63,9.33

131066125,1
131066125,47127,1.48,0.64,9.34

131066140,1
131066140,47140,1.49,0.63,9.33

131066156,1
131066156,47153,1.50,0.64,9.30

131066171,1
131066171,47166,1.47,0.64,9.31

131066187,1
131066187,47179,1.47,0.64,9.32

131066203,1
131066203,47192,1.49,0.65,9.33

131066203,1
131066203,47205,1.39,0.57,18.74

131066218,1
131066218,47218,1.61,1.85,10.23

131066234,1
131066234,47231,1.79,-1.36,9.91

131066250,1
131066250,47244,1.69,-0.58,9.15

131066265,1
131066265,47257,1.44,0.45,9.57

131066281,1
131066281,47270,1.53,0.62,9.53

131066281,1
131066281,47283,1.39,0.55,9.58

131066296,1
131066296,47296,1.45,0.72,9.67

131066312,1
131066312,47309,1.50,0.57,9.53

131066328,1
131066328,47322,1.38,0.16,9.66

131066343,1
131066343,47335,1.23,-0.30,10.04

131066359,1
131066359,47348,1.52,0.88,8.70

131066359,1
131066359,47361,1.64,1.67,8.23

131066375,1
131066375,47374,1.43,0.86,9.36

131066390,1
131066390,47387,1.46,0.64,9.34

131066406,1
131066406,47400,1.53,0.72,9.27

131066421,1
131066421,47413,1.47,0.66,9.34

131066437,1
131066437,47426,1.46,0.72,9.33

131066437,1
131066437,47439,1.45,0.72,9.37

131066453,1
131066453,47452,1.49,0.65,9.35

131066468,1
131066468,47465,1.49,0.66,9.34

131066484,1
131066484,47478,1.51,0.70,9.32

131066500,1
131066500,47491,1.49,0.67,9.33

131066515,1
131066515,47504,1.53,0.67,9.31

131066515,1
131066515,47517,1.50,0.67,9.32

131066531,1
131066531,47530,1.52,0.65,9.34

131066546,1
131066546,47543,1.51,0.69,9.32

131066562,1
131066562,47556,2.04,5.57,-2.62

131066578,1
131066578,47569,1.82,-3.09,12.14

131066593,1
131066593,47582,1.21,-0.02,10.21

131066593,1
131066593,47595,1.58,0.51,9.34

131066609,1
131066609,47608,1.42,0.60,9.53

131066625,1
131066625,47621,1.39,0.63,9.53

131066640,1
131066640,47634,1.49,0.62,9.48

131066656,1
131066656,47647,1.43,0.46,9.53

131066671,1
131066671,47660,1.42,0.21,9.75

131066671,1
131066671,47673,1.47,-0.42,10.23

131066687,1
131066687,47686,1.27,0.08,9.29

131066703,1
131066703,47699,1.58,1.60,8.00

131066718,1
131066718,47712,1.60,1.45,8.74

131066734,1
131066734,47725,1.35,0.63,9.50

131066750,1
131066750,47738,1.52,0.68,9.32

131066750,1
131066750,47751,1.55,0.68,9.24

131066765,1
131066765,47764,1.43,0.63,9.41

131066781,1
131066796,47777,1.49,0.71,9.30
147790,1.47,0.67,9.31

131066812,1
131066812,47803,1.51,0.63,9.36

131066812,1
131066828,47816,1.49,0.68,9.29

131066828,1
131066828,47829,1.49,0.67,9.34

131066843,1
131066843,47842,1.47,0.69,9.30

131066859,1
131066859,47855,1.51,0.66,9.27

131066875,1
131066875,47868,1.49,0.66,9.32

131066890,1
131066890,47881,1.50,0.69,9.31

131066890,1
131066906,47894,1.51,0.70,9.30

131066906,1
131066906,47907,1.49,0.68,9.34

131066921,1
131066921,47920,1.47,-1.37,15.83

131066937,1
131066937,47933,1.13,3.32,9.76

131066953,1
131066953,47946,1.75,-2.40,9.76

131066968,1
131066968,47959,1.55,-0.42,9.26

131066968,1
131066984,47972,1.42,0.48,9.42

131066984,1
131066984,47985,1.48,0.66,9.49

131067000,1
131067000,47998,1.36,0.56,9.34

131067015,1
131067015,48011,1.44,0.59,9.45

131067031,1
131067031,48024,1.47,0.51,9.40

131067046,1
131067046,48037,1.40,0.38,9.54

131067046,1
131067062,48050,1.38,0.09,9.84

131067062,1
131067062,48063,1.31,-0.04,9.87

131067078,1
131067078,48076,1.41,1.21,8.12

131067093,1
131067093,48089,1.73,1.54,8.64

131067109,1
131067109,48102,1.45,0.79,9.41

131067125,1
131067125,48115,1.49,0.69,9.35

131067140,1
131067140,48128,1.57,0.73,9.24

131067140,1
131067140,48141,1.47,0.68,9.37

131067156,1
131067156,48154,1.52,0.74,9.30

131067171,1
131067171,48167,1.49,0.69,9.31

131067187,1
131067187,48180,1.53,0.68,9.33

131067203,1
131067203,48193,1.52,0.69,9.33

131067203,1
131067218,48206,1.51,0.71,9.31

131067218,1
131067218,48219,1.51,0.71,9.34

131067234,1
131067234,48232,1.53,0.69,9.33

131067250,1
131067250,48245,1.53,0.70,9.32

131067265,1
131067265,48258,1.50,0.69,9.32

131067281,1
131067281,48271,-0.16,4.82,-2.88

131067281,1
131067296,48284,1.41,-0.98,10.88

131067296,1
131067296,48297,1.24,0.26,10.32

131067312,1
131067312,48310,1.55,0.51,9.13

131067328,1
131067328,48323,1.36,0.60,9.57

131067343,1
131067343,48336,1.47,0.64,9.49

131067359,1
131067359,48349,1.42,0.60,9.53

131067359,1
131067359,48362,1.43,0.60,9.64

131067375,1
131067375,48375,1.38,0.58,9.43

131067390,1
131067390,48388,1.38,0.43,9.54

131067406,1
131067406,48401,1.38,0.10,9.76

131067421,1
131067421,48414,1.42,-0.22,10.50

131067437,1
131067437,48427,1.52,0.88,8.47

131067437,1
131067437,48440,1.74,1.67,8.18

131067453,1
131067453,48453,1.49,0.94,9.21

131067468,1
131067468,48466,1.45,0.58,9.48

131067484,1
131067484,48479,1.58,0.71,9.23

131067500,1
131067500,48492,1.50,0.66,9.36

131067515,1
131067515,48505,1.46,0.69,9.37

131067515,1
131067515,48518,1.50,0.70,9.31

131067531,1
131067531,48531,1.50,0.67,9.33

131067546,1
131067546,48544,1.52,0.69,9.34

131067562,1
131067562,48557,1.47,0.71,9.30

131067578,1
131067578,48570,1.49,0.69,9.33

131067593,1
131067593,48583,1.50,0.69,9.31

131067593,1
131067593,48596,1.54,0.68,9.34

131067609,1
131067609,48609,1.47,0.67,9.35

131067625,1
131067625,48622,1.52,0.70,9.35

131067640,1
131067640,48635,1.72,-0.49,19.61

131067656,1
131067656,48648,1.58,3.56,10.19

131067671,1
131067671,48661,1.76,-3.25,10.15

131067671,1
131067671,48674,1.51,-0.04,9.23

131067687,1
131067687,48687,1.44,0.55,9.48

131067703,1
131067703,48700,1.46,0.60,9.54

131067718,1
131067718,48713,1.37,0.53,9.46

131067734,1
131067734,48726,1.41,0.58,9.51

131067750,1
131067750,48739,1.45,0.40,9.42

131067750,1
131067750,48752,1.35,0.33,9.50

131067765,1
131067765,48765,1.48,0.04,9.83

131067781,1
131067781,48778,1.26,-0.04,10.04

131067796,1
131067796,48791,1.50,1.06,8.31

131067812,1
131067812,48804,1.75,1.59,8.45

131067828,1
131067828,48817,1.46,0.86,9.33

131067828,1
131067828,48830,1.50,0.65,9.43

131067843,1
131067843,48843,1.55,0.73,9.24

131067859,1
131067859,48856,1.50,0.68,9.37

131067875,1
131067875,48869,1.48,0.71,9.34

131067890,1
131067890,48882,1.50,0.72,9.31

131067906,1
131067906,48895,1.50,0.69,9.37

131067906,1
131067906,48908,1.51,0.72,9.36

131067921,1
131067921,48921,1.52,0.72,9.31

131067937,1
131067937,48934,1.50,0.71,9.34

131067953,1
131067953,48947,1.53,0.71,9.34

131067968,1
131067968,48960,1.54,0.70,9.34

131067984,1
131067984,48973,1.51,0.71,9.33

131067984,1
131067984,48986,1.48,0.69,9.33

131068000,1
131068000,48999,1.50,0.69,9.32

131068015,1
131068015,49012,-0.11,6.48,-8.88

131068031,1
131068031,49025,1.87,-1.93,11.75

131068046,1
131068046,49038,1.30,0.25,10.28

131068062,1
131068062,49051,1.58,0.49,9.07

131068062,1
131068062,49064,1.42,0.63,9.61

131068078,1
131068078,49077,1.43,0.64,9.53

131068093,1
131068093,49090,1.43,0.67,9.46

131068109,1
131070109,49103,1.41,0.70,9.61
149116,1.44,0.44,9.91
149129,1.32,-0.18,10.33
149142,1.36,0.58,8.69
149155,1.74,1.65,8.16
149168,1.56,0.96,9.11
149181,1.45,0.65,9.41
149194,1.55,0.73,9.23
149207,1.52,0.69,9.32
149220,1.48,0.70,9.35
149233,1.51,0.73,9.32
1
131070109,49246,1.49,0.69,9.37
149259,1.52,0.68,9.35
149272,1.52,0.72,9.35
149285,1.48,0.71,9.33
149298,1.53,0.72,9.33
149311,1.51,0.70,9.32
149324,1.53,0.71,9.32
149337,1.51,0.72,9.34
149350,-0.02,5.17,-4.54
149363,1.61,-1.20,10.98
149376,1.23,0.25,10.25
131070109,
149389,1.58,0.51,9.18
149402,1.37,0.65,9.52
149415,1.49,0.68,9.49
149428,1.44,0.62,9.47
149441,1.47,0.62,9.56
149454,1.53,0.05,10.05
149467,1.48,-0.35,10.74
149480,1.42,0.63,8.49
149493,1.69,1.75,7.90
149506,1.57,1.02,9.28
149519,1.44,0.63,9.3
131070109,7
149532,1.59,0.70,9.26
149545,1.52,0.71,9.32
149558,1.50,0.69,9.36
149571,1.51,0.73,9.31
149584,1.50,0.70,9.33
149597,1.53,0.70,9.31
149610,1.50,0.74,9.29
149623,1.52,0.70,9.34
149636,1.50,0.71,9.32
149649,1.55,0.71,9.28
149662,1.52,0.71,9.33
131070125,
149675,1.53,0.69,9.31
149688,1.95,2.31,-10.28
149701,2.11,1.17,12.25
149714,0.71,0.63,10.23
149727,1.45,-0.20,9.22
149740,1.43,0.51,9.60
149753,1.46,0.64,9.51
149766,1.44,0.59,9.50
149779,1.41,0.34,9.72
149792,1.50,0.26,10.12
149805,1.47,-0.08,
131070125,10.11
149818,1.46,0.74,8.47
149831,1.65,1.66,8.11
149844,1.62,1.05,9.22
149857,1.45,0.64,9.33
149870,1.57,0.70,9.30
149883,1.53,0.71,9.33
149896,1.48,0.71,9.36
149909,1.52,0.73,9.31
149922,1.50,0.66,9.33
149935,1.52,0.69,9.34
149948,1.50,0.72,9
131070125,.32
149961,1.50,0.70,9.29
149974,1.52,0.72,9.31
149987,1.52,0.69,9.31
150000,1.52,0.72,9.31
150013,1.51,0.71,9.32
150026,1.51,0.71,9.33
150039,1.52,0.72,9.33
150052,1.52,0.72,9.34
150065,1.51,0.71,9.35
150078,1.48,0.69,9.32
150091,1.51,0.70,9.3
131070125,0
150104,1.52,0.70,9.32
150117,1.55,0.72,9.31
150130,1.52,0.72,9.30
150143,1.52,0.71,9.30
150156,1.50,0.71,9.35
150169,1.54,0.73,9.33
150182,1.54,0.73,9.35
150195,1.50,0.69,9.36
150208,1.51,0.70,9.34
150221,1.51,0.70,9.30
150234,1.52,0.70,9.31
131070125,
150247,1.52,0.69,9.30
150260,1.54,0.72,9.33
150273,1.53,0.73,9.33
150286,1.52,0.69,9.32
150299,1.53,0.71,9.34
150312,1.49,0.71,9.32
150325,1.55,0.70,9.34
150338,1.52,0.70,9.36
150351,1.52,0.71,9.34
150364,1.50,0.69,9.32
150377,1.52,0.69,9.32
1
131070140,50390,1.52,0.68,9.31
150403,1.51,0.68,9.29
150416,1.53,0.71,9.33
150429,1.51,0.71,9.32
150442,1.53,0.69,9.30
150455,1.50,0.68,9.32
150468,1.53,0.70,9.33
150481,1.51,0.71,9.31
150494,1.53,0.69,9.30
150507,1.53,0.70,9.34
150520,1.53,0.71,9.31
150
131070140,533,1.53,0.71,9.32
150546,1.52,0.70,9.33
150559,1.53,0.71,9.30
150572,1.53,0.71,9.35
150585,1.54,0.72,9.33
150598,1.51,0.71,9.34
150611,1.52,0.72,9.35
150624,1.50,0.71,9.34
150637,1.51,0.71,9.38
150650,1.53,0.73,9.32
150663,1.51,0.70,9.29
15067
131070140,6,1.55,0.71,9.31
150689,1.52,0.70,9.32
150702,1.53,0.70,9.34
150715,1.50,0.69,9.33
150728,1.53,0.72,9.33
150741,1.52,0.72,9.34
150754,1.54,0.69,9.33
150767,1.52,0.72,9.33
150780,1.53,0.71,9.32
150793,1.53,0.71,9.31
150806,1.52,0.71,9.34
150819,
131070140,1.55,0.71,9.32
150832,1.50,0.72,9.31
150845,1.55,0.70,9.33
150858,1.51,0.70,9.32
150871,1.52,0.69,9.33
150884,1.52,0.71,9.35
150897,1.53,0.71,9.33
150910,1.54,0.72,9.33
150923,1.52,0.71,9.32
150936,1.56,0.71,9.31
150949,1.51,0.69,9.31
150962,1.
131070140,55,0.70,9.33
150975,1.54,0.72,9.33
150988,1.55,0.70,9.33
151001,1.54,0.69,9.33
151014,1.53,0.68,9.32
151027,1.54,0.71,9.36
151040,1.52,0.70,9.31
151053,1.54,0.72,9.34
151066,1.52,0.72,9.33
151079,1.55,0.70,9.31
151092,1.56,0.71,9.32
151105,1.53
131070140,,0.69,9.33
151118,1.55,0.70,9.32
151131,1.52,0.71,9.32

131070140,1
131070156,51144,1.54,0.69,9.33

131070156,1
131070156,51157,1.50,0.70,9.32

131070171,1
131070171,51170,1.54,0.71,9.30

131070187,1
131070187,51183,1.53,0.70,9.32

131070203,1
131070203,51196,1.50,0.71,9.31

131070218,1
131070218,51209,1.53,0.71,9.33

131070218,1
131070218,51222,1.51,0.71,9.33

131070234,1
131070234,51235,1.55,0.72,9.31

131070250,1
131070250,51248,1.52,0.72,9.30

131070265,1
131070265,51261,1.52,0.71,9.30

131070281,1
131070281,51274,1.51,0.70,9.33

131070296,1
131070296,51287,1.53,0.72,9.32

131070296,1
131070312,51300,1.51,0.70,9.31

131070312,1
131070312,51313,1.53,0.69,9.27

131070328,1
131070328,51326,1.51,0.70,9.34

131070343,1
131070343,51339,1.50,0.71,9.33

131070359,1
131070359,51352,1.51,0.73,9.32

131070375,1
131070375,51365,1.51,0.70,9.31

131070375,1
131070390,51378,1.55,0.72,9.32

131070390,1
131070390,51391,1.52,0.71,9.31

131070406,1
131070406,51404,1.54,0.73,9.34

131070421,1
131070421,51417,1.52,0.71,9.33

131070437,1
131070437,51430,1.52,0.70,9.30

131070453,1
131070453,51443,1.52,0.73,9.34

131070453,1
131070468,51456,1.51,0.70,9.33

131070468,1
131070468,51469,1.53,0.72,9.34

131070484,1
131070484,51482,1.51,0.71,9.33

131070500,1
131070500,51495,1.52,0.72,9.32

131070515,1
131070515,51508,1.53,0.70,9.33

131070531,1
131070531,51521,1.53,0.72,9.32

131070531,1
131070546,51534,3.23,-0.61,2.67

131070546,1
131070546,51547,1.00,-0.36,12.98

131070562,1
131070562,51560,2.19,2.41,10.28

131070578,1
131070578,51573,1.83,1.02,9.53

131070593,1
131070593,51586,1.34,0.72,9.76

131070609,1
131070609,51599,1.44,0.64,9.62

131070609,1
131070609,51612,1.77,0.58,9.91

131070625,1
131070625,51625,1.41,0.84,10.28

131070640,1
131070640,51638,1.42,0.50,9.19

131070656,1
131070656,51651,1.37,0.59,7.48

131070671,1
131070671,51664,1.62,0.67,9.60

131070687,1
131070687,51677,1.47,0.66,9.12

131070687,1
131070687,51690,1.50,0.61,9.37

131070703,1
131070703,51703,1.54,0.72,9.29

131070718,1
131070718,51716,1.50,0.65,9.32

131070734,1
131070734,51729,1.50,0.65,9.35

131070750,1
131070750,51742,1.50,0.66,9.38

131070765,1
131070765,51755,1.47,0.66,9.36

131070765,1
131070765,51768,1.47,0.65,9.33

131070781,1
131070781,51781,1.50,0.68,9.34

131070796,1
131070796,51794,1.47,0.65,9.34

131070812,1
131070812,51807,1.49,0.65,9.31

131070828,1
131070828,51820,1.52,0.65,9.32

131070843,1
131070843,51833,1.51,0.64,9.29

131070843,1
131070843,51846,1.52,0.67,9.29

131070859,1
131070859,51859,1.46,0.64,9.32

131070875,1
131070875,51872,1.48,0.67,9.33

131070890,1
131070890,51885,1.48,0.65,9.34

131070906,1
131070906,51898,1.71,0.42,8.83

131070921,1
131070921,51911,0.81,1.34,15.17

131070921,1
131070921,51924,1.95,2.28,10.03

131070937,1
131070937,51937,1.78,0.95,9.49

131070953,1
131070953,51950,1.51,0.45,9.30

131070968,1
131070968,51963,1.49,0.69,9.65

131070984,1
131070984,51976,1.55,0.82,9.74

131071000,1
131071000,51989,1.59,0.81,9.91

131071000,1
131071000,52002,1.48,1.11,10.24

131071015,1
131071015,52015,1.17,0.27,7.84

131071031,1
131071031,52028,1.54,0.47,8.84

131071046,1
131071046,52041,1.52,0.62,9.32

131071062,1
131071062,52054,1.50,0.65,9.37

131071078,1
131071078,52067,1.47,0.62,9.29

131071078,1
131071078,52080,1.50,0.67,9.30

131071093,1
131071093,52093,1.48,0.63,9.32

131071109,1
131071109,52106,1.51,0.64,9.36

131071125,1
131071125,52119,1.47,0.64,9.33

131071140,1
131071140,52132,1.49,0.62,9.34

131071156,1
131071156,52145,1.50,0.66,9.36

131071156,1
131071156,52158,1.46,0.65,9.34

131071171,1
131071171,52171,1.49,0.66,9.35

131071187,1
131071187,52184,1.48,0.66,9.37

131071203,1
131071203,52197,1.50,0.65,9.36

131071218,1
131071218,52210,1.50,0.64,9.33

131071234,1
131071234,52223,1.51,0.67,9.33

131071234,1
131071234,52236,-1.22,-2.06,4.88

131071250,1
131071250,52249,2.68,1.96,10.24

131071265,1
131071265,52262,1.60,1.10,10.04

131071281,1
131071281,52275,1.41,0.67,9.31

131071296,1
131071296,52288,1.35,0.67,9.45

131071312,1
131071312,52301,1.42,0.71,9.66

131071312,1
131071312,52314,1.42,0.69,9.64

131071328,1
131071328,52327,1.44,0.80,10.05

131071343,1
131071343,52340,1.58,1.26,10.65

131071359,1
131071359,52353,0.93,0.19,7.41

131071375,1
131071375,52366,1.69,0.46,8.85

131071390,1
131071390,52379,1.57,0.60,9.32

131071390,1
131071390,52392,1.45,0.59,9.39

131071406,1
131071406,52405,1.50,0.66,9.26

131071421,1
131071421,52418,1.47,0.63,9.36

131071437,1
131071437,52431,1.46,0.59,9.35

131071453,1
131071453,52444,1.48,0.62,9.36

131071468,1
131071468,52457,1.47,0.64,9.36

131071468,1
131071468,52470,1.47,0.62,9.37

131071484,1
131071484,52483,1.46,0.63,9.33

131071500,1
131071500,52496,1.47,0.62,9.36

131071515,1
131071515,52509,1.47,0.62,9.33

131071531,1
131071531,52522,1.49,0.63,9.31

131071546,1
131071546,52535,1.49,0.63,9.31

131071546,1
131071546,52548,1.50,0.63,9.35

131071562,1
131071562,52561,1.47,0.63,9.32

131071578,1
131071578,52574,1.45,0.62,9.37

131071593,1
131071593,52587,1.46,0.65,9.37

131071609,1
131071609,52600,-1.02,-0.64,18.27

131071609,1
131071625,52613,2.13,2.68,10.27

131071625,1
131071625,52626,1.76,1.28,9.85

131071640,1
131071640,52639,1.33,0.60,9.49

131071656,1
131071656,52652,1.35,0.71,9.48

131071671,1
131071671,52665,1.49,0.79,9.67

131071687,1
131071687,52678,1.39,0.74,9.95

131071703,1
131071703,52691,1.36,1.07,10.52

131071703,1
131071703,52704,1.08,0.35,8.22

131071718,1
131071718,52717,1.61,0.20,8.10

131071734,1
131071734,52730,1.62,0.63,9.58

131071750,1
131071750,52743,1.43,0.58,9.19

131071765,1
131071765,52756,1.46,0.61,9.37

131071765,1
131071781,52769,1.46,0.65,9.30

131071781,1
131071781,52782,1.47,0.60,9.34

131071796,1
131071796,52795,1.43,0.60,9.36

131071812,1
131071812,52808,1.44,0.61,9.35

131071828,1
131071828,52821,1.46,0.59,9.40

131071843,1
131071843,52834,1.45,0.61,9.35

131071859,1
131071859,52847,1.44,0.59,9.35

131071859,1
131071859,52860,1.43,0.61,9.33

131071875,1
131071875,52873,1.44,0.62,9.34

131071890,1
131071890,52886,1.45,0.60,9.33

131071906,1
131071906,52899,1.46,0.58,9.34

131071921,1
131071921,52912,1.44,0.60,9.32

131071937,1
131071937,52925,1.46,0.59,9.34

131071937,1
131071937,52938,1.44,0.61,9.36

131071953,1
131071953,52951,2.47,-5.05,-6.59

131071968,1
131071968,52964,2.92,3.97,10.84

131071984,1
131071984,52977,1.54,1.00,9.83

131072000,1
131072000,52990,1.57,0.72,9.32

131072015,1
131072015,53003,1.35,0.79,9.67

131072015,1
131072015,53016,1.40,0.65,9.64

131072031,1
131072031,53029,1.40,0.76,9.66

131072046,1
131072046,53042,1.39,0.93,9.95

131072062,1
131072062,53055,1.32,0.71,9.75

131072078,1
131072078,53068,1.26,0.26,7.89

131072093,1
131072093,53081,1.56,0.54,9.15

131072093,1
131072093,53094,1.48,0.57,9.31

131072109,1
131072109,53107,1.41,0.58,9.37

131072125,1
131072125,53120,1.46,0.59,9.29

131072140,1
131072140,53133,1.45,0.58,9.35

131072156,1
131072156,53146,1.41,0.57,9.34

131072156,1
131072156,53159,1.44,0.60,9.35

131072171,1
131072171,53172,1.42,0.58,9.36

131072187,1
131072187,53185,1.41,0.58,9.36

131072203,1
131072203,53198,1.46,0.60,9.35

131072218,1
131072218,53211,1.42,0.58,9.32

131072234,1
131072234,53224,1.43,0.60,9.32

131072234,1
131072250,53237,1.42,0.59,9.34

131072250,1
131072250,53250,1.44,0.58,9.30

131072265,1
131072265,53263,1.44,0.57,9.32

131072281,1
131072281,53276,1.43,0.59,9.34

131072296,1
131072296,53289,1.43,0.58,9.33

131072312,1
131072312,53302,2.70,-2.44,-3.61

131072312,1
131072312,53315,3.47,3.92,11.48

131072328,1
131072328,53328,1.64,1.22,10.13

131072343,1
131072343,53341,1.60,0.69,9.14

131072359,1
131072359,53354,1.41,0.71,9.68

131072375,1
131072375,53367,1.30,0.63,9.64

131072390,1
131072390,53380,1.43,0.76,9.81

131072390,1
131072390,53393,1.52,0.87,10.22

131072406,1
131072406,53406,1.29,0.91,9.80

131072421,1
131072421,53419,1.28,0.20,7.88

131072437,1
131072437,53432,1.49,0.51,8.98

131072453,1
131072453,53445,1.44,0.57,9.34

131072468,1
131072468,53458,1.39,0.57,9.32

131072468,1
131072468,53471,1.44,0.60,9.26

131072484,1
131072484,53484,1.43,0.60,9.33

131072500,1
131072500,53497,1.38,0.54,9.37

131072515,1
131072515,53510,1.45,0.57,9.37

131072531,1
131072531,53523,1.42,0.57,9.36

131072546,1
131072546,53536,1.40,0.56,9.37

131072546,1
131072546,53549,1.43,0.57,9.38

131072562,1
131072562,53562,1.41,0.57,9.36

131072578,1
131072578,53575,1.43,0.58,9.37

131072593,1
131072593,53588,1.43,0.59,9.33

131072609,1
131072609,53601,1.46,0.58,9.32

131072625,1
131072625,53614,1.43,0.57,9.37

131072625,1
131072625,53627,1.43,0.56,9.34

131072640,1
131072640,53640,1.42,0.60,9.35

131072656,1
131072656,53653,1.40,0.57,9.36

131072671,1
131072671,53666,-1.34,-0.63,14.60

131072687,1
131072687,53679,1.62,1.23,9.81

131072703,1
131072703,53692,1.51,0.90,10.03

131072703,1
131072703,53705,1.26,0.54,9.25

131072718,1
131072718,53718,1.33,0.69,9.38

131072734,1
131072734,53731,1.42,0.75,9.68

131072750,1
131072750,53744,1.27,0.54,9.44

131072765,1
131072765,53757,1.47,0.85,10.13

131072781,1
131072781,53770,1.34,0.97,10.11

131072781,1
131072781,53783,1.11,0.20,7.97

131072796,1
131072796,53796,1.52,0.33,8.77

131072812,1
131072812,53809,1.52,0.55,9.33

131072828,1
131072828,53822,1.38,0.54,9.36

131072843,1
131072843,53835,1.42,0.57,9.26

131072859,1
131072859,53848,1.42,0.59,9.34

131072859,1
131072859,53861,1.41,0.54,9.32

131072875,1
131072875,53874,1.42,0.56,9.34

131072890,1
131072890,53887,1.41,0.54,9.35

131072906,1
131072906,53900,1.41,0.57,9.37

131072921,1
131072921,53913,1.41,0.54,9.35

131072937,1
131072937,53926,1.44,0.57,9.36

131072937,1
131072937,53939,1.41,0.57,9.32

131072953,1
131072953,53952,1.43,0.57,9.36

131072968,1
131072968,53965,1.42,0.55,9.34

131072984,1
131072984,53978,1.42,0.58,9.36

131073000,1
131073000,53991,1.44,0.57,9.36

131073015,1
131073015,54004,1.41,0.56,9.33

131073015,1
131073015,54017,-1.17,-5.68,0.82

131073031,1
131073031,54030,2.41,2.45,10.23

131073046,1
131073046,54043,1.50,0.93,9.93

131073062,1
131073062,54056,1.35,0.62,9.29

131073078,1
131073078,54069,1.33,0.74,9.64

131073078,1
131073093,54082,1.45,0.69,9.84

131073093,1
131073093,54095,1.31,0.64,9.62

131073109,1
131073109,54108,1.46,1.16,10.30

131073125,1
131073125,54121,1.05,1.00,8.92

131073140,1
131073140,54134,1.54,-0.41,8.01

131073156,1
131073156,54147,1.56,0.43,9.43

131073171,1
131073171,54160,1.47,0.55,9.23

131073171,1
131073171,54173,1.35,0.55,9.38

131073187,1
131073187,54186,1.42,0.62,9.34

131073203,1
131073203,54199,1.43,0.58,9.38

131073218,1
131073218,54212,1.38,0.57,9.39

131073234,1
131073234,54225,1.42,0.58,9.35

131073250,1
131073250,54238,1.38,0.58,9.38

131073250,1
131073250,54251,1.41,0.57,9.38

131073265,1
131073265,54264,1.41,0.54,9.36

131073281,1
131073281,54277,1.44,0.57,9.35

131073296,1
131073296,54290,1.42,0.60,9.34

131073312,1
131073312,54303,1.43,0.55,9.34

131073328,1
131073328,54316,1.44,0.57,9.35

131073328,1
131073328,54329,1.42,0.55,9.33

131073343,1
131073343,54342,1.41,0.56,9.35

131073359,1
131073359,54355,1.40,0.58,9.36

131073375,1
131073375,54368,1.44,0.58,9.34

131073390,1
131073390,54381,1.41,0.57,9.36

131073406,1
131073406,54394,2.22,2.62,17.76

131073406,1
131073406,54407,1.44,1.29,9.89

131073421,1
131073421,54420,1.60,0.75,9.38

131073437,1
131073437,54433,1.33,0.55,9.37

131073453,1
131073453,54446,1.32,0.66,9.42

131073468,1
131073468,54459,1.53,0.74,9.70

131073468,1
131073484,54472,1.40,0.70,9.79

131073484,1
131073484,54485,1.44,1.02,10.00

131073500,1
131073500,54498,1.43,0.95,9.90

131073515,1
131073515,54511,0.89,0.01,7.39

131073531,1
131073531,54524,1.54,0.34,9.47

131073546,1
131073546,54537,1.44,0.56,9.19

131073546,1
131073546,54550,1.39,0.55,9.42

131073562,1
131073562,54563,1.37,0.59,9.30

131073578,1
131073578,54576,1.43,0.58,9.33

131073593,1
131073593,54589,1.37,0.56,9.33

131073609,1
131073609,54602,1.38,0.59,9.35

131073625,1
131073625,54615,1.35,0.56,9.39

131073625,1
131073625,54628,1.40,0.57,9.37

131073640,1
131073640,54641,1.38,0.54,9.35

131073656,1
131073656,54654,1.39,0.55,9.33

131073671,1
131073671,54667,1.40,0.60,9.33

131073687,1
131073687,54680,1.40,0.59,9.34

131073703,1
131073703,54693,1.41,0.58,9.31

131073703,1
131073718,54706,1.39,0.57,9.34

131073718,1
131073718,54719,1.40,0.56,9.34

131073734,1
131073734,54732,1.39,0.57,9.35

131073750,1
131073750,54745,2.75,4.28,17.30

131073765,1
131073765,54758,1.24,1.25,9.74

131073781,1
131073781,54771,1.57,0.75,9.34

131073781,1
131073796,54784,1.36,0.50,9.26

131073796,1
131073796,54797,1.32,0.59,9.44

131073812,1
131073812,54810,1.43,0.78,9.60

131073828,1
131073828,54823,1.43,0.77,9.78

131073843,1
131073843,54836,1.57,1.19,10.14

131073859,1
131073859,54849,1.29,1.20,9.75

131073859,1
131073859,54862,1.08,-0.45,7.53

131073875,1
131073875,54875,1.50,0.40,9.39

131073890,1
131073890,54888,1.43,0.58,9.20

131073906,1
131073906,54901,1.40,0.56,9.41

131073921,1
131073921,54914,1.38,0.60,9.31

131073937,1
131073937,54927,1.40,0.56,9.37

131073937,1
131073937,54940,1.39,0.55,9.35

131073953,1
131073953,54953,1.39,0.57,9.37

131073968,1
131073968,54966,1.36,0.56,9.38

131073984,1
131073984,54979,1.41,0.58,9.35

131074000,1
131074000,54992,1.40,0.56,9.33

131074015,1
131074015,55005,1.38,0.55,9.36

131074015,1
131074015,55018,1.42,0.57,9.33

131074031,1
131074031,55031,1.40,0.57,9.33

131074046,1
131074046,55044,1.41,0.56,9.33

131074062,1
131074062,55057,1.39,0.56,9.34

131074078,1
131074078,55070,1.41,0.56,9.36

131074093,1
131074093,55083,1.41,0.56,9.36

131074093,1
131074093,55096,1.40,0.55,9.35

131074109,1
131074109,55109,3.33,3.27,16.08

131074125,1
131074125,55122,1.48,1.15,10.24

131074140,1
131074140,55135,1.66,0.81,9.55

131074156,1
131074156,55148,1.38,0.59,9.50

131074171,1
131074171,55161,1.34,0.61,9.50

131074171,1
131074171,55174,1.44,0.76,9.65

131074187,1
131074187,55187,1.47,0.75,9.80

131074203,1
131074203,55200,1.41,1.04,10.29

131074218,1
131074218,55213,1.41,1.30,9.85

131074234,1
131074234,55226,1.04,-0.30,7.40

131074250,1
131074250,55239,1.45,0.43,9.47

131074250,1
131074250,55252,1.40,0.56,9.19

131074265,1
131074265,55265,1.36,0.57,9.38

131074281,1
131074281,55278,1.38,0.59,9.27

131074296,1
131074296,55291,1.38,0.56,9.33

131074312,1
131074312,55304,1.38,0.56,9.31

131074328,1
131074328,55317,1.35,0.56,9.32

131074328,1
131074328,55330,1.35,0.54,9.39

131074343,1
131074343,55343,1.39,0.58,9.37

131074359,1
131074359,55356,1.37,0.56,9.36

131074375,1
131074375,55369,1.38,0.57,9.36

131074390,1
131074390,55382,1.38,0.58,9.36

131074406,1
131074406,55395,1.41,0.58,9.31

131074406,1
131074406,55408,1.37,0.56,9.33

131074421,1
131074421,55421,1.42,0.58,9.35

131074437,1
131074437,55434,1.36,0.58,9.37

131074453,1
131074453,55447,1.39,0.60,9.35

131074468,1
131074468,55460,1.38,0.58,9.38

131074484,1
131074484,55473,1.38,0.56,9.35

131074484,1
131074500,55486,-2.95,-2.31,10.90

131074500,1
131074500,55499,1.71,0.88,9.10

131074515,1
131074515,55512,1.47,0.97,10.22

131074531,1
131074531,55525,1.21,0.50,9.29

131074546,1
131074546,55538,1.30,0.75,9.56

131074562,1
131074562,55551,1.44,0.70,9.71

131074562,1
131074562,55564,1.34,0.51,9.41

131074578,1
131074578,55577,1.48,0.96,10.16

131074593,1
131074593,55590,1.47,1.30,10.43

131074609,1
131074609,55603,0.95,0.22,8.02

131074625,1
131074625,55616,1.52,0.01,8.37

131074640,1
131074640,55629,1.52,0.53,9.47

131074640,1
131074640,55642,1.33,0.55,9.33

131074656,1
131074656,55655,1.37,0.53,9.30

131074671,1
131074671,55668,1.41,0.59,9.37

131074687,1
131074687,55681,1.37,0.54,9.35

131074703,1
131074703,55694,1.36,0.55,9.36

131074718,1
131074718,55707,1.38,0.56,9.37

131074718,1
131074718,55720,1.38,0.57,9.37

131074734,1
131074734,55733,1.36,0.54,9.39

131074750,1
131074750,55746,1.39,0.56,9.36

131074765,1
131074765,55759,1.37,0.57,9.34

131074781,1
131074781,55772,1.39,0.57,9.35

131074796,1
131074796,55785,1.37,0.57,9.29

131074796,1
131074796,55798,1.38,0.57,9.35

131074812,1
131074812,55811,1.39,0.54,9.34

131074828,1
131074828,55824,1.37,0.54,9.33

131074843,1
131074843,55837,1.53,2.58,19.61

131074859,1
131074859,55850,1.06,1.20,9.88

131074875,1
131074875,55863,1.52,0.94,9.90

131074875,1
131074875,55876,1.28,0.50,9.35

131074890,1
131074890,55889,1.29,0.69,9.49

131074906,1
131074906,55902,1.45,0.72,9.63

131074921,1
131074921,55915,1.41,0.62,9.56

131074937,1
131074937,55928,1.47,1.08,10.18

131074953,1
131074953,55941,1.39,1.25,9.96

131074953,1
131074968,55954,0.93,-0.04,7.61

131074968,1
131074968,55967,1.42,0.29,9.19

131074984,1
131074984,55980,1.43,0.56,9.27

131075000,1
131075000,55993,1.36,0.54,9.40

131075015,1
131075015,56006,1.35,0.57,9.26

131075015,1
131075015,56019,1.40,0.59,9.38

131075031,1
131075031,56032,1.39,0.56,9.33

131075046,1
131075046,56045,1.38,0.58,9.31

131075062,1
131075062,56058,1.35,0.58,9.33

131075078,1
131075078,56071,1.39,0.59,9.33

131075093,1
131075093,56084,1.38,0.58,9.34

131075093,1
131075109,56097,1.37,0.57,9.32

131075109,1
131075109,56110,1.37,0.59,9.34

131075125,1
131075125,56123,1.36,0.58,9.32

131075140,1
131075140,56136,1.38,0.56,9.34

131075156,1
131075156,56149,1.38,0.58,9.38

131075171,1
131075171,56162,1.38,0.58,9.35

131075171,1
131075187,56175,1.36,0.55,9.36

131075187,1
131075187,56188,1.39,0.58,9.36

131075203,1
131075203,56201,1.31,-5.89,-9.22

131075218,1
131075218,56214,1.97,2.36,10.40

131075234,1
131075234,56227,1.38,0.72,9.80

131075250,1
131075250,56240,1.36,0.66,9.25

131075265,1
131075265,56253,1.31,0.72,9.57

131075265,1
131075265,56266,1.34,0.64,9.58

131075281,1
131075281,56279,1.29,0.64,9.56

131075296,1
131075296,56292,1.28,0.71,9.47

131075312,1
131075312,56305,1.40,0.82,9.99

131075328,1
131075328,56318,1.40,1.36,10.54

131075328,1
131075328,56331,0.92,0.10,7.60

131075343,1
131075343,56344,1.50,0.12,8.84

131075359,1
131075359,56357,1.43,0.52,9.39

131075375,1
131075375,56370,1.38,0.55,9.38

131075390,1
131075390,56383,1.38,0.56,9.27

131075406,1
131075406,56396,1.40,0.58,9.36

131075406,1
131075421,56409,1.38,0.53,9.35

131075421,1
131075421,56422,1.39,0.56,9.35

131075437,1
131075437,56435,1.34,0.56,9.40

131075453,1
131075453,56448,1.39,0.56,9.37

131075468,1
131075468,56461,1.39,0.56,9.32

131075484,1
131075484,56474,1.38,0.54,9.34

131075484,1
131075500,56487,1.38,0.55,9.36

131075500,1
131075500,56500,1.39,0.57,9.34

131075515,1
131075515,56513,1.36,0.58,9.33

131075531,1
131075531,56526,1.39,0.55,9.33

131075546,1
131075546,56539,1.38,0.57,9.36

131075562,1
131075562,56552,1.36,0.54,9.36

131075562,1
131075562,56565,0.43,-6.77,-8.37

131075578,1
131075578,56578,2.13,2.40,10.21

131075593,1
131075593,56591,1.42,0.73,9.85

131075609,1
131075609,56604,1.34,0.57,9.16

131075625,1
131075625,56617,1.28,0.74,9.62

131075640,1
131075640,56630,1.35,0.66,9.64

131075640,1
131075640,56643,1.28,0.64,9.47

131075656,1
131075656,56656,1.35,0.73,9.52

131075671,1
131075671,56669,1.43,0.76,9.97

131075687,1
131075687,56682,1.43,1.32,10.46

131075703,1
131075703,56695,0.87,0.30,7.77

131075718,1
131075718,56708,1.57,0.04,8.66

131075718,1
131075718,56721,1.41,0.53,9.43

131075734,1
131075734,56734,1.36,0.57,9.35

131075750,1
131075750,56747,1.38,0.57,9.29

131075765,1
131075765,56760,1.38,0.60,9.36

131075781,1
131075781,56773,1.39,0.55,9.34

131075796,1
131075796,56786,1.37,0.59,9.35

131075796,1
131075796,56799,1.33,0.60,9.37

131075812,1
131075812,56812,1.35,0.57,9.36

131075828,1
131075828,56825,1.39,0.57,9.36

131075843,1
131075843,56838,1.37,0.57,9.36

131075859,1
131075859,56851,1.35,0.58,9.36

131075875,1
131075875,56864,1.37,0.59,9.31

131075875,1
131075890,56877,1.38,0.58,9.35

131075890,1
131075890,56890,1.41,0.57,9.34

131075906,1
131075906,56903,1.39,0.58,9.34

131075921,1
131075921,56916,1.38,0.57,9.34

131075937,1
131075937,56929,1.36,0.56,9.38

131075953,1
131075953,56942,-1.66,-4.00,10.24

131075953,1
131075953,56955,1.48,1.38,9.38

131075968,1
131075968,56968,1.32,0.93,9.95

131075984,1
131075984,56981,1.21,0.60,9.41

131076000,1
131076000,56994,1.23,0.79,9.50

131076015,1
131076015,57007,1.37,0.70,9.61

131076031,1
131076031,57020,1.28,0.59,9.39

131076031,1
131076031,57033,1.35,0.95,9.79

131076046,1
131076046,57046,1.44,1.32,10.34

131076062,1
131076062,57059,1.03,1.25,9.14

131076078,1
131076078,57072,1.59,-0.80,7.70

131076093,1
131076093,57085,1.54,0.44,9.51

131076109,1
131076109,57098,1.39,0.54,9.18

131076109,1
131076109,57111,1.33,0.56,9.33

131076125,1
131076125,57124,1.41,0.60,9.34

131076140,1
131076140,57137,1.36,0.54,9.35

131076156,1
131076156,57150,1.35,0.54,9.37

131076171,1
131076171,57163,1.40,0.57,9.37

131076187,1
131076187,57176,1.33,0.57,9.39

131076187,1
131076187,57189,1.37,0.55,9.38

131076203,1
131076203,57202,1.34,0.55,9.37

131076218,1
131076218,57215,1.36,0.57,9.36

131076234,1
131076234,57228,1.37,0.55,9.36

131076250,1
131076250,57241,1.37,0.58,9.33

131076265,1
131076265,57254,1.38,0.58,9.35

131076265,1
131076265,57267,1.39,0.59,9.36

131076281,1
131076281,57280,1.36,0.57,9.34

131076296,1
131076296,57293,2.70,3.66,16.08

131076312,1
131076312,57306,1.24,1.23,10.17

131076328,1
131076328,57319,1.53,0.65,9.28

131076343,1
131076343,57332,1.32,0.55,9.31

131076343,1
131076343,57345,1.25,0.58,9.32

131076359,1
131076359,57358,1.34,0.71,9.53

131076375,1
131076375,57371,1.29,0.59,9.37

131076390,1
131076390,57384,1.36,0.83,9.84

131076406,1
131076406,57397,1.46,1.25,10.26

131076421,1
131076421,57410,0.93,0.31,8.05

131076421,1
131076421,57423,1.45,0.03,8.59

131076437,1
131076437,57436,1.41,0.53,9.37

131076453,1
131076453,57449,1.39,0.56,9.36

131076468,1
131076468,57462,1.33,0.58,9.29

131076484,1
131076484,57475,1.37,0.60,9.39

131076500,1
131076500,57488,1.36,0.55,9.36

131076500,1
131076500,57501,1.36,0.57,9.34

131076515,1
131076515,57514,1.35,0.56,9.37

131076531,1
131076531,57527,1.38,0.57,9.36

131076546,1
131076546,57540,1.36,0.57,9.35

131076562,1
131076562,57553,1.35,0.57,9.35

131076562,1
131076578,57566,1.39,0.60,9.36

131076578,1
131076578,57579,1.34,0.58,9.34

131076593,1
131076593,57592,1.39,0.58,9.32

131076609,1
131076609,57605,1.37,0.56,9.35

131076625,1
131076625,57618,1.37,0.57,9.32

131076640,1
131076640,57631,1.36,0.58,9.37

131076656,1
131076656,57644,2.02,-3.52,-4.07

131076656,1
131076656,57657,2.31,3.04,11.21

131076671,1
131076671,57670,1.53,0.63,9.84

131076687,1
131076687,57683,1.46,0.67,9.21

131076703,1
131076703,57696,1.32,0.76,9.72

131076718,1
131076718,57709,1.37,0.63,9.57

131076734,1
131076734,57722,1.30,0.66,9.54

131076734,1
131076734,57735,1.38,0.80,9.76

131076750,1
131076750,57748,1.45,0.85,10.18

131076765,1
131076765,57761,1.31,1.25,10.44

131076781,1
131076781,57774,0.91,0.19,7.35

131076796,1
131076796,57787,1.52,0.18,9.28

131076796,1
131076796,57800,1.38,0.50,9.28

131076812,1
131076812,57813,1.36,0.54,9.39

131076828,1
131076828,57826,1.37,0.59,9.29

131076843,1
131076843,57839,1.35,0.57,9.36

131076859,1
131076859,57852,1.36,0.56,9.34

131076875,1
131076875,57865,1.36,0.59,9.35

131076875,1
131076875,57878,1.31,0.56,9.39

131076890,1
131076890,57891,1.36,0.57,9.38

131076906,1
131076906,57904,1.36,0.56,9.36

131076921,1
131076921,57917,1.35,0.56,9.38

131076937,1
131076937,57930,1.36,0.55,9.35

131076953,1
131076953,57943,1.38,0.57,9.32

131076953,1
131076968,57956,1.36,0.59,9.34

131076968,1
131076968,57969,1.37,0.54,9.34

131076984,1
131076984,57982,1.37,0.57,9.36

131077000,1
131077000,57995,1.33,0.56,9.35

131077015,1
131077015,58008,1.35,0.56,9.37

131077031,1
131077031,58021,1.89,-5.92,-8.43

131077031,1
131077031,58034,2.34,3.21,10.68

131077046,1
131077046,58047,1.48,0.75,9.98

131077062,1
131077062,58060,1.35,0.60,9.08

131077078,1
131077078,58073,1.33,0.81,9.59

131077093,1
131077093,58086,1.30,0.58,9.62

131077109,1
131077109,58099,1.32,0.56,9.58

131077109,1
131077125,58112,1.50,1.10,10.33

131077125,1
131077125,58125,1.29,1.38,9.86

131077140,1
131077140,58138,1.13,-0.14,7.55

131077156,1
131077156,58151,1.50,0.42,9.40

131077171,1
131077171,58164,1.38,0.58,9.21

131077187,1
131077187,58177,1.29,0.57,9.41

131077187,1
131077203,58190,1.35,0.62,9.29

131077203,1
131077203,58203,1.40,0.57,9.33

131077218,1
131077218,58216,1.31,0.53,9.36

131077234,1
131077234,58229,1.36,0.58,9.37

131077250,1
131077250,58242,1.34,0.61,9.34

131077265,1
131077265,58255,1.33,0.58,9.37

131077265,1
131077265,58268,1.37,0.59,9.36

131077281,1
131077281,58281,1.34,0.59,9.33

131077296,1
131077296,58294,1.37,0.57,9.39

131077312,1
131077312,58307,1.36,0.57,9.36

131077328,1
131077328,58320,1.38,0.59,9.36

131077343,1
131077343,58333,1.37,0.56,9.37

131077343,1
131077343,58346,1.37,0.55,9.36

131077359,1
131077359,58359,1.36,0.58,9.35

131077375,1
131077375,58372,-1.51,-2.13,11.35

131077390,1
131077390,58385,1.41,1.05,9.47

131077406,1
131077406,58398,1.36,0.96,10.14

131077421,1
131077421,58411,1.22,0.56,9.45

131077421,1
131077421,58424,1.21,0.69,9.47

131077437,1
131077437,58437,1.42,0.77,9.75

131077453,1
131077453,58450,1.35,0.64,9.59

131077468,1
131077468,58463,1.40,0.91,9.96

131077484,1
131077484,58476,1.55,1.27,10.44

131077500,1
131077500,58489,0.82,0.38,8.04

131077500,1
131077500,58502,1.56,-0.22,8.46

131077515,1
131077515,58515,1.48,0.53,9.39

131077531,1
131077531,58528,1.37,0.55,9.37

131077546,1
131077546,58541,1.31,0.56,9.27

131077562,1
131077562,58554,1.38,0.59,9.39

131077578,1
131077578,58567,1.36,0.56,9.36

131077578,1
131077593,58580,1.35,0.55,9.40

131077593,1
131077593,58593,1.36,0.57,9.37

131077609,1
131077609,58606,1.32,0.58,9.37

131077625,1
131077625,58619,1.38,0.56,9.36

131077640,1
131077640,58632,1.35,0.56,9.37

131077656,1
131077656,58645,1.37,0.57,9.36

131077656,1
131077656,58658,1.33,0.57,9.36

131077671,1
131077671,58671,1.34,0.55,9.36

131077687,1
131077687,58684,1.36,0.58,9.36

131077703,1
131077703,58697,1.35,0.57,9.36

131077718,1
131077718,58710,1.35,0.56,9.36

131077734,1
131077734,58723,2.06,2.19,16.53

131077734,1
131077734,58736,1.39,0.85,9.79

131077750,1
131077750,58749,1.54,0.78,9.62

131077765,1
131077765,58762,1.30,0.57,9.38

131077781,1
131077781,58775,1.25,0.63,9.37

131077796,1
131077796,58788,1.34,0.73,9.55

131077812,1
131077812,58801,1.36,0.71,9.71

131077812,1
131077812,58814,1.36,0.87,9.81

131077828,1
131077828,58827,1.52,1.22,10.29

131077843,1
131077843,58840,1.07,0.63,8.77

131077859,1
131077859,58853,1.37,-0.11,7.93

131077875,1
131077875,58866,1.46,0.55,9.50

131077875,1
131077890,58879,1.38,0.57,9.29

131077890,1
131077890,58892,1.30,0.57,9.32

131077906,1
131077906,58905,1.35,0.59,9.35

131077921,1
131077921,58918,1.36,0.60,9.36

131077937,1
131077937,58931,1.33,0.55,9.35

131077953,1
131077953,58944,1.36,0.58,9.40

131077968,1
131077968,58957,1.35,0.59,9.37

131077968,1
131077968,58970,1.36,0.57,9.33

131077984,1
131077984,58983,1.36,0.56,9.34

131078000,1
131078000,58996,1.38,0.57,9.32

131078015,1
131078015,59009,1.36,0.58,9.31

131078031,1
131078031,59022,1.36,0.57,9.32

131078046,1
131078046,59035,1.37,0.58,9.33

131078046,1
131078046,59048,1.36,0.57,9.33

131078062,1
131078062,59061,1.36,0.59,9.33

131078078,1
131078078,59074,1.34,0.57,9.37

131078093,1
131078093,59087,1.35,0.56,9.37

131078109,1
131078109,59100,1.41,0.52,9.31

131078125,1
131078125,59113,3.19,3.23,14.08

131078125,1
131078125,59126,1.52,0.99,10.32

131078140,1
131078140,59139,1.55,0.73,9.47

131078156,1
131078156,59152,1.35,0.65,9.47

131078171,1
131078171,59165,1.28,0.63,9.52

131078187,1
131078187,59178,1.42,0.57,9.53

131078203,1
131078203,59191,1.38,0.82,9.68

131078203,1
131078203,59204,1.40,1.09,10.41

131078218,1
131078218,59217,1.16,0.75,8.65

131078234,1
131078234,59230,1.35,-0.31,7.92

131078250,1
131078250,59243,1.45,0.48,9.58

131078265,1
131078265,59256,1.36,0.56,9.26

131078265,1
131078265,59269,1.37,0.58,9.33

131078281,1
131078281,59282,1.36,0.59,9.33

131078296,1
131078296,59295,1.35,0.56,9.37

131078312,1
131078312,59308,1.34,0.58,9.35

131078328,1
131078328,59321,1.35,0.57,9.37

131078343,1
131078343,59334,1.33,0.55,9.37

131078343,1
131078359,59347,1.35,0.57,9.39

131078359,1
131078359,59360,1.34,0.57,9.37

131078375,1
131078375,59373,1.34,0.59,9.37

131078390,1
131078390,59386,1.37,0.59,9.37

131078406,1
131078406,59399,1.34,0.57,9.31

131078421,1
131078421,59412,1.36,0.58,9.33

131078421,1
131078437,59425,1.33,0.58,9.33

131078437,1
131078437,59438,1.56,0.53,9.13

131078453,1
131078453,59451,2.66,2.37,13.87

131078468,1
131078468,59464,1.43,0.76,9.92

131078484,1
131078484,59477,1.51,0.73,9.44

131078500,1
131078500,59490,1.31,0.72,9.68

131078500,1
131078500,59503,1.25,0.62,9.59

131078515,1
131078515,59516,1.33,0.71,9.66

131078531,1
131078531,59529,1.43,0.73,9.72

131078546,1
131078546,59542,1.35,0.79,9.80

131078562,1
131078562,59555,1.55,1.24,10.62

131078578,1
131078578,59568,0.92,0.16,7.49

131078593,1
131078593,59581,1.38,0.25,8.94

131078593,1
131078593,59594,1.38,0.55,9.23

131078609,1
131078609,59607,1.36,0.60,9.41

131078625,1
131078625,59620,1.34,0.56,9.27

131078640,1
131078640,59633,1.33,0.59,9.35

131078656,1
131078656,59646,1.38,0.58,9.38

131078656,1
131078671,59659,1.31,0.55,9.36

131078671,1
131078671,59672,1.33,0.57,9.37

131078687,1
131078687,59685,1.33,0.58,9.36

131078703,1
131078703,59698,1.36,0.57,9.32

131078718,1
131078718,59711,1.34,0.57,9.36

131078734,1
131078734,59724,1.35,0.59,9.38

131078734,1
131078734,59737,1.38,0.58,9.38

131078750,1
131078750,59750,1.35,0.55,9.35

131078765,1
131078765,59763,1.37,0.57,9.36

131078781,1
131078781,59776,1.33,0.57,9.37

131078796,1
131078796,59789,1.35,0.56,9.36

131078812,1
131078812,59802,2.97,-3.55,-4.75

131078812,1
131078812,59815,1.87,2.39,10.74

131078828,1
131078828,59828,1.33,0.55,9.76

131078843,1
131078843,59841,1.36,0.62,9.31

131078859,1
131078859,59854,1.28,0.70,9.65

131078875,1
131078875,59867,1.26,0.62,9.61

131078890,1
131078890,59880,1.21,0.71,9.50

131078890,1
131078890,59893,1.33,0.78,9.65

131078906,1
131078906,59906,1.47,1.14,10.43

131078921,1
131078921,59919,1.30,1.24,9.64

131078937,1
131078937,59932,1.14,-0.39,7.37

131078953,1
131078953,59945,1.47,0.46,9.56

131078968,1
131078968,59958,1.32,0.57,9.15

131078968,1
131078968,59971,1.35,0.59,9.42

131078984,1
131078984,59984,1.33,0.60,9.26

131079000,1
131079000,59997,1.36,0.57,9.35

131079015,1
131079015,60010,1.33,0.54,9.39

131079031,1
131079031,60023,1.33,0.59,9.38

131079046,1
131079046,60036,1.27,0.57,9.39

131079046,1
131079062,60049,1.33,0.58,9.37

131079062,1
131079062,60062,1.33,0.58,9.36

131079078,1
131079078,60075,1.34,0.57,9.37

131079093,1
131079093,60088,1.37,0.58,9.36

131079109,1
131079109,60101,1.35,0.59,9.33

131079125,1
131079125,60114,1.37,0.59,9.31

131079125,1
131079125,60127,1.35,0.57,9.32

131079140,1
131079140,60140,1.35,0.59,9.38

131079156,1
131079156,60153,1.31,0.59,9.34

131079171,1
131079171,60166,-1.82,-2.62,1.39

131079187,1
131079187,60179,1.70,0.66,10.51

131079203,1
131079203,60192,1.31,0.88,10.30

131079203,1
131079203,60205,1.15,0.63,9.33

131079218,1
131079218,60218,1.17,0.67,9.48

131079234,1
131079234,60231,1.32,0.68,9.63

131079250,1
131079250,60244,1.24,0.62,9.38

131079265,1
131079265,60257,1.27,0.82,9.69

131079281,1
131079281,60270,1.30,0.80,9.55

131079281,1
131079281,60283,1.32,0.83,9.69

131079296,1
131079296,60296,1.53,0.99,10.26

131079312,1
131079312,60309,1.14,0.53,8.50

131079328,1
131079328,60322,1.30,0.13,8.17

131079343,1
131079343,60335,1.44,0.56,9.46

131079359,1
131079359,60348,1.35,0.58,9.33

131079359,1
131079359,60361,1.30,0.58,9.35

131079375,1
131079375,60374,1.36,0.60,9.37

131079390,1
131079390,60387,1.33,0.56,9.38

131079406,1
131079406,60400,1.33,0.55,9.39

131079421,1
131079421,60413,1.35,0.59,9.35

131079437,1
131079437,60426,1.32,0.57,9.35

131079437,1
131079437,60439,1.36,0.57,9.36

131079453,1
131079453,60452,1.35,0.58,9.33

131079468,1
131079468,60465,1.36,0.58,9.38

131079484,1
131079484,60478,1.32,0.59,9.33

131079500,1
131079500,60491,1.36,0.57,9.33

131079515,1
131079515,60504,1.35,0.58,9.36

131079515,1
131079515,60517,1.32,0.57,9.36

131079531,1
131079531,60530,1.32,0.57,9.39

131079546,1
131079546,60543,-0.51,-4.47,-1.00

131079562,1
131079562,60556,1.92,1.41,10.42

131079578,1
131079578,60569,1.27,0.78,9.83

131079593,1
131079593,60582,1.27,0.60,9.40

131079593,1
131079593,60595,1.25,0.66,9.50

131079609,1
131079609,60608,1.30,0.69,9.61

131079625,1
131079625,60621,1.23,0.64,9.56

131079640,1
131079640,60634,1.22,0.68,9.53

131079656,1
131079656,60647,1.37,0.90,9.96

131079671,1
131079671,60660,1.35,1.29,10.59

131079671,1
131079671,60673,0.94,0.10,7.52

131079687,1
131079687,60686,1.43,0.16,8.89

131079703,1
131079703,60699,1.39,0.52,9.27

131079718,1
131079718,60712,1.34,0.57,9.39

131079734,1
131079734,60725,1.34,0.60,9.28

131079750,1
131079750,60738,1.35,0.61,9.34

131079750,1
131079750,60751,1.32,0.57,9.36

131079765,1
131079765,60764,1.33,0.58,9.36

131079781,1
131079781,60777,1.31,0.59,9.37

131079796,1
131079796,60790,1.32,0.60,9.37

131079812,1
131079812,60803,1.30,0.57,9.35

131079812,1
131079828,60816,1.33,0.57,9.36

131079828,1
131079828,60829,1.33,0.58,9.37

131079843,1
131079843,60842,1.33,0.58,9.36

131079859,1
131079859,60855,1.34,0.59,9.35

131079875,1
131079875,60868,1.33,0.58,9.37

131079890,1
131079890,60881,1.36,0.59,9.37

131079906,1
131079906,60894,1.30,0.56,9.35

131079906,1
131079906,60907,1.32,0.59,9.34

131079921,1
131079921,60920,1.68,4.48,17.70

131079937,1
131079937,60933,0.87,0.98,10.34

131079953,1
131079953,60946,1.39,0.76,9.79

131079968,1
131079968,60959,1.29,0.68,9.46

131079968,1
131079984,60972,1.24,0.66,9.53

131079984,1
131079984,60985,1.31,0.68,9.57

131080000,1
131080000,60998,1.31,0.65,9.56

131080015,1
131080015,61011,1.25,0.49,9.52

131080031,1
131080031,61024,1.39,1.14,10.20

131080046,1
131080046,61037,1.53,1.23,10.46

131080062,1
131080062,61050,0.86,0.07,7.35

131080062,1
131080062,61063,1.42,0.30,9.11

131080078,1
131080078,61076,1.39,0.57,9.25

131080093,1
131080093,61089,1.33,0.55,9.40

131080109,1
131080109,61102,1.33,0.59,9.29

131080125,1
131080125,61115,1.36,0.60,9.35

131080140,1
131080140,61128,1.31,0.56,9.32

131080140,1
131080140,61141,1.34,0.57,9.35

131080156,1
131080156,61154,1.32,0.57,9.40

131080171,1
131080171,61167,1.31,0.57,9.36

131080187,1
131080187,61180,1.32,0.58,9.34

131080203,1
131080203,61193,1.34,0.57,9.35

131080203,1
131080218,61206,1.34,0.59,9.37

131080218,1
131080218,61219,1.34,0.57,9.34

131080234,1
131080234,61232,1.34,0.58,9.34

131080250,1
131080250,61245,1.33,0.58,9.33

131080265,1
131080265,61258,3.19,-0.94,-0.38

131080281,1
131080281,61271,1.79,2.13,11.12

131080281,1
131080281,61284,1.27,0.65,9.67

131080296,1
131080296,61297,1.42,0.79,9.61

131080312,1
131080312,61310,1.25,0.69,9.72

131080328,1
131080328,61323,1.27,0.59,9.58

131080343,1
131080343,61336,1.27,0.63,9.44

131080359,1
131080359,61349,1.28,0.59,9.40

131080359,1
131080375,61362,1.34,0.84,9.80

131080375,1
131080375,61375,1.51,1.08,10.55

131080390,1
131080390,61388,1.02,0.76,8.65

131080406,1
131080406,61401,1.49,-0.27,7.80

131080421,1
131080421,61414,1.44,0.53,9.50

131080437,1
131080437,61427,1.37,0.55,9.29

131080437,1
131080437,61440,1.31,0.58,9.33

131080453,1
131080453,61453,1.33,0.60,9.38

131080468,1
131080468,61466,1.34,0.58,9.35

131080484,1
131080484,61479,1.29,0.57,9.35

131080500,1
131080500,61492,1.31,0.59,9.37

131080515,1
131080515,61505,1.31,0.59,9.38

131080515,1
131080515,61518,1.34,0.60,9.36

131080531,1
131080531,61531,1.32,0.58,9.34

131080546,1
131080546,61544,1.33,0.59,9.36

131080562,1
131080562,61557,1.32,0.62,9.37

131080578,1
131080578,61570,1.31,0.58,9.35

131080593,1
131080593,61583,1.34,0.58,9.34

131080593,1
131080593,61596,1.32,0.59,9.37

131080609,1
131080609,61609,1.49,2.10,18.81

131080625,1
131080625,61622,0.97,0.82,10.11

131080640,1
131080640,61635,1.40,0.79,9.69

131080656,1
131080656,61648,1.21,0.68,9.46

131080671,1
131080671,61661,1.21,0.70,9.42

131080671,1
131080671,61674,1.29,0.73,9.51

131080687,1
131080687,61687,1.25,0.66,9.49

131080703,1
131080703,61700,1.28,0.78,9.74

131080718,1
131080718,61713,1.32,0.80,9.56

131080734,1
131080734,61726,1.38,0.91,9.94

131080750,1
131080750,61739,1.47,1.21,10.68

131080750,1
131080750,61752,0.93,0.21,7.57

131080765,1
131080765,61765,1.38,0.27,8.77

131080781,1
131080781,61778,1.38,0.55,9.31

131080796,1
131080796,61791,1.31,0.56,9.39

131080812,1
131080812,61804,1.30,0.58,9.26

131080828,1
131080828,61817,1.35,0.60,9.38

131080828,1
131080828,61830,1.33,0.53,9.37

131080843,1
131080843,61843,1.34,0.58,9.35

131080859,1
131080859,61856,1.31,0.58,9.33

131080875,1
131080875,61869,1.32,0.56,9.37

131080890,1
131080890,61882,1.34,0.58,9.36

131080906,1
131080906,61895,1.33,0.57,9.36

131080906,1
131080906,61908,1.33,0.57,9.34

131080921,1
131080921,61921,1.33,0.57,9.38

131080937,1
131080937,61934,1.36,0.59,9.37

131080953,1
131080953,61947,1.31,0.57,9.36

131080968,1
131080968,61960,1.34,0.59,9.35

131080984,1
131080984,61973,1.41,1.66,19.24

131080984,1
131080984,61986,1.06,1.06,10.12

131081000,1
131081000,61999,1.42,0.85,9.93

131081015,1
131081015,62012,1.18,0.55,9.34

131081031,1
131081031,62025,1.24,0.68,9.36

131081046,1
131081046,62038,1.32,0.73,9.62

131081062,1
131081062,62051,1.29,0.66,9.53

131081062,1
131081062,62064,1.22,0.69,9.42

131081078,1
131081078,62077,1.43,0.97,10.06

131081093,1
131081093,62090,1.47,1.18,10.67

131081109,1
131081109,62103,0.94,0.30,7.84

131081125,1
131081125,62116,1.39,0.18,8.37

131081140,1
131081140,62129,1.41,0.56,9.39

131081140,1
131081140,62142,1.33,0.57,9.36

131081156,1
131081156,62155,1.30,0.58,9.32

131081171,1
131081171,62168,1.36,0.63,9.37

131081187,1
131081187,62181,1.30,0.56,9.35

131081203,1
131081203,62194,1.34,0.59,9.34

131081218,1
131081218,62207,1.30,0.60,9.36

131081218,1
131081218,62220,1.30,0.59,9.37

131081234,1
131081234,62233,1.34,0.59,9.33

131081250,1
131081250,62246,1.32,0.61,9.33

131081265,1
131081265,62259,1.33,0.60,9.34

131081281,1
131081281,62272,1.33,0.58,9.33

131081296,1
131081296,62285,1.33,0.59,9.34

131081296,1
131081296,62298,1.33,0.58,9.35

131081312,1
131081312,62311,1.35,0.59,9.35

131081328,1
131081328,62324,1.32,0.59,9.38

131081343,1
131081343,62337,-2.14,-3.45,1.58

131081359,1
131081359,62350,1.81,0.81,9.97

131081359,1
131081375,62363,1.39,0.81,10.02

131081375,1
131081375,62376,1.21,0.53,9.16

131081390,1
131081390,62389,1.19,0.72,9.56

131081406,1
131081406,62402,1.32,0.70,9.67

131081421,1
131081421,62415,1.20,0.64,9.43

131081437,1
131081437,62428,1.24,0.74,9.71

131081453,1
131081453,62441,1.38,0.79,9.61

131081453,1
131081453,62454,1.37,1.02,10.00

131081468,1
131081468,62467,1.38,0.93,9.84

131081484,1
131081484,62480,1.07,0.18,7.90

131081500,1
131081500,62493,1.36,0.35,9.01

131081515,1
131081515,62506,1.34,0.53,9.24

131081515,1
131081531,62519,1.34,0.56,9.41

131081531,1
131081531,62532,1.32,0.59,9.35

131081546,1
131081546,62545,1.33,0.57,9.35

131081562,1
131081562,62558,1.30,0.56,9.35

131081578,1
131081578,62571,1.33,0.60,9.37

131081593,1
131081593,62584,1.33,0.56,9.36

131081609,1
131081609,62597,1.32,0.56,9.34

131081609,1
131081609,62610,1.33,0.57,9.35

131081625,1
131081625,62623,1.31,0.55,9.35

131081640,1
131081640,62636,1.33,0.58,9.35

131081656,1
131081656,62649,1.30,0.58,9.33

131081671,1
131081671,62662,1.32,0.56,9.37

131081687,1
131081687,62675,1.65,0.59,9.04

131081687,1
131081687,62688,1.92,1.82,12.48

131081703,1
131081703,62701,1.31,0.70,10.01

131081718,1
131081718,62714,1.39,0.69,9.47

131081734,1
131081734,62727,1.27,0.71,9.66

131081750,1
131081750,62740,1.20,0.64,9.45

131081765,1
131081765,62753,1.27,0.72,9.58

131081765,1
131081781,62766,1.21,0.84,9.56

131081781,1
131081781,62779,1.25,0.68,9.59

131081796,1
131081796,62792,1.37,0.90,9.99

131081812,1
131081812,62805,1.41,1.22,10.42

131081828,1
131081828,62818,0.95,0.05,7.64

131081828,1
131081828,62831,1.38,0.35,8.81

131081843,1
131081843,62844,1.41,0.58,9.26

131081859,1
131081859,62857,1.30,0.57,9.37

131081875,1
131081875,62870,1.31,0.60,9.31

131081890,1
131081890,62883,1.33,0.63,9.33

131081906,1
131081906,62896,1.32,0.56,9.31

131081906,1
131081906,62909,1.30,0.59,9.37

131081921,1
131081921,62922,1.31,0.59,9.37

131081937,1
131081937,62935,1.33,0.59,9.36

131081953,1
131081953,62948,1.33,0.59,9.35

131081968,1
131081968,62961,1.33,0.60,9.34

131081984,1
131081984,62974,1.34,0.59,9.35

131081984,1
131081984,62987,1.34,0.60,9.33

131082000,1
131082000,63000,1.33,0.58,9.35

131082015,1
131082015,63013,1.34,0.61,9.35

131082031,1
131082031,63026,1.30,0.57,9.35

131082046,1
131082046,63039,1.33,0.57,9.38

131082062,1
131082062,63052,1.31,0.61,9.36

131082062,1
131082062,63065,-1.85,-3.29,7.04

131082078,1
131082078,63078,1.56,1.10,10.18

131082093,1
131082093,63091,1.28,0.91,10.20

131082109,1
131082109,63104,1.19,0.60,9.38

131082125,1
131082125,63117,1.23,0.78,9.51

131082140,1
131082140,63130,1.31,0.71,9.51

131082156,1
131082156,63143,1.27,0.69,9.51

131082156,1
131082156,63156,1.40,0.89,9.93

131082171,1
131082171,63169,1.60,1.50,11.05

131082187,1
131082187,63182,0.87,0.42,7.88

131082203,1
131082203,63195,1.47,-0.26,7.98

131082218,1
131082218,63208,1.44,0.51,9.52

131082234,1
131082234,63221,1.32,0.57,9.35

131082234,1
131082234,63234,1.33,0.55,9.28

131082250,1
131082250,63247,1.38,0.64,9.32

131082265,1
131082265,63260,1.31,0.55,9.32

131082281,1
131082281,63273,1.31,0.58,9.35

131082296,1
131082296,63286,1.32,0.59,9.38

131082296,1
131082296,63299,1.28,0.57,9.39

131082312,1
131082312,63312,1.33,0.58,9.36

131082328,1
131082328,63325,1.31,0.58,9.38

131082343,1
131082343,63338,1.32,0.60,9.36

131082359,1
131082359,63351,1.32,0.59,9.32

131082375,1
131082375,63364,1.34,0.58,9.31

131082375,1
131082390,63377,1.34,0.59,9.33

131082390,1
131082390,63390,-0.23,-0.18,16.28

131082406,1
131082406,63403,1.04,0.91,9.76

131082421,1
131082421,63416,1.31,0.71,9.50

131082437,1
131082437,63429,1.17,0.44,9.19

131082453,1
131082453,63442,1.23,0.59,9.44

131082453,1
131082453,63455,1.33,0.73,9.61

131082468,1
131082468,63468,1.25,0.68,9.58

131082484,1
131082484,63481,1.24,0.74,9.59

131082500,1
131082500,63494,1.39,0.92,9.97

131082515,1
131082515,63507,1.29,1.09,10.51

131082531,1
131082531,63520,1.13,0.56,8.60

131082531,1
131082531,63533,1.28,0.08,7.73

131082546,1
131082546,63546,1.40,0.56,9.50

131082562,1
131082562,63559,1.28,0.60,9.30

131082578,1
131082578,63572,1.32,0.57,9.32

131082593,1
131082593,63585,1.31,0.64,9.35

131082609,1
131082609,63598,1.30,0.58,9.40

131082609,1
131082609,63611,1.29,0.60,9.38

131082625,1
131082625,63624,1.30,0.59,9.34

131082640,1
131082640,63637,1.33,0.58,9.38

131082656,1
131082656,63650,1.33,0.59,9.39

131082671,1
131082671,63663,1.34,0.59,9.35

131082687,1
131082687,63676,1.32,0.57,9.34

131082687,1
131082687,63689,1.36,0.61,9.34

131082703,1
131082703,63702,1.32,0.58,9.35

131082718,1
131082718,63715,1.33,0.60,9.36

131082734,1
131082734,63728,1.33,0.60,9.36

131082750,1
131082750,63741,1.32,0.59,9.35

131082750,1
131082765,63754,1.99,3.61,19.61

131082765,1
131082765,63767,0.92,0.96,9.58

131082781,1
131082781,63780,1.44,0.87,9.87

131082796,1
131082796,63793,1.20,0.56,9.38

131082812,1
131082812,63806,1.19,0.66,9.35

131082828,1
131082828,63819,1.35,0.83,9.60

131082843,1
131082843,63832,1.33,0.67,9.69

131082843,1
131082843,63845,1.35,1.01,10.25

131082859,1
131082859,63858,1.53,1.44,10.54

131082875,1
131082875,63871,0.83,-0.28,6.80

131082890,1
131082890,63884,1.38,0.42,9.44

131082906,1
131082906,63897,1.35,0.62,9.18

131082906,1
131082921,63910,1.27,0.58,9.43

131082921,1
131082921,63923,1.30,0.61,9.26

131082937,1
131082937,63936,1.34,0.58,9.35

131082953,1
131082953,63949,1.30,0.56,9.38

131082968,1
131082968,63962,1.31,0.58,9.34

131082984,1
131082984,63975,1.29,0.56,9.39

131083000,1
131083000,63988,1.33,0.59,9.39

131083000,1
131083000,64001,1.29,0.57,9.37

131083015,1
131083015,64014,1.31,0.56,9.35

131083031,1
131083031,64027,1.29,0.60,9.33

131083046,1
131083046,64040,1.33,0.58,9.35

131083062,1
131083062,64053,1.33,0.57,9.32

131083078,1
131083078,64066,1.33,0.59,9.35

131083078,1
131083078,64079,1.31,0.61,9.37

131083093,1
131083093,64092,2.23,0.31,6.59

131083109,1
131083109,64105,2.13,2.37,12.23

131083125,1
131083125,64118,1.33,0.68,9.76

131083140,1
131083140,64131,1.41,0.66,9.22

131083156,1
131083156,64144,1.28,0.61,9.42

131083156,1
131083156,64157,1.22,0.57,9.45

131083171,1
131083171,64170,1.28,0.91,9.91

131083187,1
131083187,64183,1.34,0.92,9.66

131083203,1
131083203,64196,1.44,1.01,9.99

131083218,1
131083218,64209,1.59,1.58,10.95

131083234,1
131083234,64222,0.70,0.11,7.27

131083234,1
131083234,64235,1.37,0.09,8.74

131083250,1
131083250,64248,1.40,0.55,9.32

131083265,1
131083265,64261,1.33,0.59,9.40

131083281,1
131083281,64274,1.28,0.59,9.26

131083296,1
131083296,64287,1.30,0.63,9.36

131083296,1
131083312,64300,1.31,0.57,9.38

131083312,1
131083312,64313,1.33,0.62,9.36

131083328,1
131083328,64326,1.27,0.60,9.38

131083343,1
131083343,64339,1.33,0.59,9.37

131083359,1
131083359,64352,1.32,0.61,9.36

131083375,1
131083375,64365,1.33,0.59,9.34

131083375,1
131083390,64378,1.32,0.60,9.33

131083390,1
131083390,64391,1.32,0.60,9.33

131083406,1
131083406,64404,1.31,0.61,9.34

131083421,1
131083421,64417,1.33,0.58,9.36

131083437,1
131083437,64430,1.33,0.60,9.36

131083453,1
131083453,64443,1.13,-3.24,-13.04

131083453,1
131083468,64456,1.82,1.85,10.87

131083468,1
131083468,64469,1.32,0.52,9.71

131083484,1
131083484,64482,1.30,0.62,9.19

131083500,1
131083500,64495,1.26,0.74,9.68

131083515,1
131083515,64508,1.26,0.65,9.59

131083531,1
131083531,64521,1.23,0.65,9.47

131083531,1
131083531,64534,1.31,0.78,10.02

131083546,1
131083546,64547,1.45,1.03,10.37

131083562,1
131083562,64560,1.47,1.40,10.37

131083578,1
131083578,64573,0.83,-0.09,7.03

131083593,1
131083593,64586,1.38,0.43,9.31

131083609,1
131083609,64599,1.31,0.58,9.22

131083609,1
131083609,64612,1.30,0.55,9.42

131083625,1
131083625,64625,1.31,0.60,9.30

131083640,1
131083640,64638,1.30,0.61,9.36

131083656,1
131083656,64651,1.29,0.57,9.36

131083671,1
131083671,64664,1.31,0.58,9.37

131083687,1
131083687,64677,1.26,0.59,9.41

131083687,1
131083687,64690,1.31,0.59,9.38

131083703,1
131083703,64703,1.28,0.57,9.35

131083718,1
131083718,64716,1.28,0.59,9.37

131083734,1
131083734,64729,1.31,0.58,9.36

131083750,1
131083750,64742,1.35,0.58,9.36

131083765,1
131083765,64755,1.34,0.60,9.37

131083765,1
131083765,64768,1.32,0.58,9.38

131083781,1
131083781,64781,1.33,0.58,9.36

131083796,1
131083796,64794,1.28,0.57,9.33

131083812,1
131083812,64807,1.29,0.59,9.38

131083828,1
131083828,64820,1.31,0.56,9.34

131083843,1
131083843,64833,2.81,2.83,13.53

131083843,1
131083843,64846,1.27,0.86,10.06

131083859,1
131083859,64859,1.51,0.82,9.58

131083875,1
131083875,64872,1.30,0.73,9.59

131083890,1
131083890,64885,1.22,0.66,9.44

131083906,1
131083906,64898,1.29,0.76,9.52

131083921,1
131083921,64911,1.33,0.78,9.89

131083921,1
131083921,64924,1.33,1.03,10.47

131083937,1
131083937,64937,1.32,1.13,9.53

131083953,1
131083953,64950,1.08,-0.35,7.09

131083968,1
131083968,64963,1.38,0.46,9.63

131083984,1
131083984,64976,1.29,0.62,9.20

131084000,1
131084000,64989,1.31,0.57,9.35

131084000,1
131084000,65002,1.30,0.61,9.26

131084015,1
131084015,65015,1.32,0.58,9.34

131084031,1
131084031,65028,1.28,0.60,9.35

131084046,1
131084046,65041,1.29,0.62,9.37

131084062,1
131084062,65054,1.26,0.59,9.40

131084078,1
131084078,65067,1.32,0.60,9.39

131084078,1
131084078,65080,1.30,0.58,9.41

131084093,1
131084093,65093,1.32,0.58,9.37

131084109,1
131084109,65106,1.32,0.61,9.36

131084125,1
131084125,65119,1.32,0.59,9.33

131084140,1
131084140,65132,1.33,0.61,9.33

131084156,1
131084156,65145,1.32,0.60,9.35

131084156,1
131084171,65158,1.33,0.60,9.35

131084171,1
131084171,65171,1.31,0.58,9.37

131084187,1
131084187,65184,-2.66,-4.62,0.51

131084203,1
131084203,65197,2.00,1.14,10.24

131084218,1
131084218,65210,1.40,0.89,10.19

131084234,1
131084234,65223,1.26,0.54,9.20

131084234,1
131084234,65236,1.24,0.76,9.58

131084250,1
131084250,65249,1.34,0.74,9.75

131084265,1
131084265,65262,1.20,0.67,9.54

131084281,1
131084281,65275,1.27,0.74,9.63

131084296,1
131084296,65288,1.50,1.02,10.40

131084312,1
131084312,65301,1.48,1.44,10.75

131084312,1
131084328,65314,0.82,-0.09,6.89

131084328,1
131084328,65327,1.42,0.41,9.25

131084343,1
131084343,65340,1.31,0.56,9.23

131084359,1
131084359,65353,1.29,0.55,9.42

131084375,1
131084375,65366,1.36,0.58,9.29

131084390,1
131084390,65379,1.28,0.58,9.35

131084390,1
131084390,65392,1.31,0.55,9.37

131084406,1
131084406,65405,1.30,0.58,9.37

131084421,1
131084421,65418,1.28,0.58,9.38

131084437,1
131084437,65431,1.30,0.57,9.39

131084453,1
131084453,65444,1.30,0.57,9.35

131084468,1
131084468,65457,1.28,0.59,9.36

131084468,1
131084468,65470,1.30,0.56,9.36

131084484,1
131084484,65483,1.34,0.58,9.37

131084500,1
131084500,65496,1.30,0.59,9.33

131084515,1
131084515,65509,1.31,0.59,9.36

131084531,1
131084531,65522,1.30,0.59,9.35

131084546,1
131084546,65535,-0.89,-2.03,12.80

131084546,1
131084546,65548,1.33,0.82,9.69

131084562,1
131084562,65561,1.32,0.82,9.88

131084578,1
131084578,65574,1.20,0.57,9.34

131084593,1
131084593,65587,1.24,0.74,9.59

131084609,1
131084609,65600,1.34,0.75,9.76

131084625,1
131084625,65613,1.22,0.67,9.52

131084625,1
131084625,65626,1.39,0.93,10.27

131084640,1
131084640,65639,1.46,1.12,10.86

131084656,1
131084656,65652,0.93,0.40,7.77

131084671,1
131084671,65665,1.38,0.07,8.29

131084687,1
131084687,65678,1.40,0.55,9.38

131084703,1
131084703,65691,1.30,0.61,9.38

131084703,1
131084703,65704,1.30,0.59,9.26

131084718,1
131084718,65717,1.35,0.62,9.32

131084734,1
131084734,65730,1.28,0.56,9.38

131084750,1
131084750,65743,1.31,0.56,9.36

131084765,1
131084765,65756,1.27,0.59,9.35

131084765,1
131084781,65769,1.30,0.58,9.41

131084781,1
131084781,65782,1.31,0.57,9.38

131084796,1
131084796,65795,1.30,0.56,9.37

131084812,1
131084812,65808,1.32,0.58,9.34

131084828,1
131084828,65821,1.32,0.58,9.33

131084843,1
131084843,65834,1.35,0.59,9.33

131084843,1
131084859,65847,1.30,0.59,9.36

131084859,1
131084859,65860,1.33,0.61,9.39

131084875,1
131084875,65873,1.29,0.59,9.34

131084890,1
131084890,65886,1.29,0.58,9.35

131084906,1
131084906,65899,1.72,3.52,19.46

131084921,1
131084921,65912,0.76,0.79,9.46

131084921,1
131084937,65925,1.39,0.72,9.52

131084937,1
131084937,65938,1.18,0.49,9.12

131084953,1
131084953,65951,1.18,0.61,9.46

131084968,1
131084968,65964,1.31,0.79,9.61

131084984,1
131084984,65977,1.30,0.65,9.44

131085000,1
131085000,65990,1.30,0.84,9.65

131085000,1
131085015,66003,1.57,1.22,10.95

131085015,1
131085015,66016,0.96,0.71,8.48

131085031,1
131085031,66029,1.37,-0.23,7.75

131085046,1
131085046,66042,1.41,0.53,9.49

131085062,1
131085062,66055,1.31,0.55,9.33

131085078,1
131085078,66068,1.28,0.56,9.28

131085093,1
131085093,66081,1.30,0.62,9.36

131085093,1
131085093,66094,1.31,0.58,9.36

131085109,1
131085109,66107,1.28,0.58,9.35

131085125,1
131085125,66120,1.30,0.58,9.37

131085140,1
131085140,66133,1.30,0.59,9.39

131085156,1
131085156,66146,1.28,0.57,9.32

131085156,1
131085171,66159,1.31,0.57,9.37

131085171,1
131085171,66172,1.30,0.59,9.37

131085187,1
131085187,66185,1.32,0.60,9.35

131085203,1
131085203,66198,1.29,0.57,9.35

131085218,1
131085218,66211,1.30,0.57,9.36

131085234,1
131085234,66224,4.27,-0.04,-3.10

131085234,1
131085234,66237,1.58,1.73,10.38

131085250,1
131085250,66250,1.37,0.61,9.85

131085265,1
131085265,66263,1.38,0.72,9.31

131085281,1
131085281,66276,1.29,0.74,9.68

131085296,1
131085296,66289,1.23,0.61,9.53

131085312,1
131085312,66302,1.24,0.72,9.58

131085312,1
131085312,66315,1.22,0.78,9.55

131085328,1
131085328,66328,1.27,0.74,9.55

131085343,1
131085343,66341,1.42,1.16,10.57

131085359,1
131085359,66354,1.41,1.16,10.38

131085375,1
131085375,66367,0.83,0.10,7.16

131085390,1
131085390,66380,1.36,0.42,9.17

131085390,1
131085390,66393,1.34,0.58,9.24

131085406,1
131085406,66406,1.26,0.56,9.38

131085421,1
131085421,66419,1.29,0.60,9.29

131085437,1
131085437,66432,1.31,0.62,9.36

131085453,1
131085453,66445,1.30,0.58,9.34

131085468,1
131085468,66458,1.28,0.57,9.35

131085468,1
131085484,66471,1.30,0.59,9.36

131085484,1
131085484,66484,1.28,0.57,9.34

131085500,1
131085500,66497,1.30,0.56,9.34

131085515,1
131085515,66510,1.32,0.60,9.35

131085531,1
131085531,66523,1.30,0.59,9.34

131085546,1
131085546,66536,1.33,0.59,9.33

131085546,1
131085546,66549,1.30,0.57,9.36

131085562,1
131085562,66562,1.31,0.59,9.37

131085578,1
131085578,66575,1.29,0.59,9.36

131085593,1
131085593,66588,-0.43,0.56,17.85

131085609,1
131085609,66601,1.04,1.02,10.04

131085625,1
131085625,66614,1.27,0.82,9.72

131085625,1
131085625,66627,1.16,0.41,9.01

131085640,1
131085640,66640,1.16,0.61,9.40

131085656,1
131085656,66653,1.30,0.76,9.65

131085671,1
131085671,66666,1.25,0.69,9.76

131085687,1
131085687,66679,1.27,0.85,10.04

131085703,1
131085703,66692,1.46,1.05,10.47

131085703,1
131085703,66705,1.27,1.06,10.06

131085718,1
131085718,66718,0.96,0.05,7.17

131085734,1
131085734,66731,1.41,0.51,9.46

131085750,1
131085750,66744,1.29,0.57,9.23

131085765,1
131085765,66757,1.27,0.56,9.32

131085781,1
131085781,66770,1.33,0.60,9.32

131085781,1
131085781,66783,1.29,0.57,9.37

131085796,1
131085796,66796,1.27,0.55,9.36

131085812,1
131085812,66809,1.27,0.60,9.37

131085828,1
131085828,66822,1.27,0.58,9.37

131085843,1
131085843,66835,1.30,0.58,9.35

131085859,1
131085859,66848,1.29,0.55,9.32

131085859,1
131085859,66861,1.32,0.59,9.37

131085875,1
131085875,66874,1.29,0.60,9.35

131085890,1
131085890,66887,1.32,0.58,9.35

131085906,1
131085906,66900,1.30,0.57,9.34

131085921,1
131085921,66913,1.31,0.58,9.34

131085937,1
131085937,66926,1.30,0.58,9.34

131085937,1
131085937,66939,1.30,0.58,9.35

131085953,1
131085953,66952,1.72,2.54,14.01

131085968,1
131085968,66965,1.06,0.88,10.33

131085984,1
131085984,66978,1.43,0.77,9.54

131086000,1
131086000,66991,1.23,0.58,9.34

131086015,1
131086015,67004,1.26,0.57,9.33

131086015,1
131086015,67017,1.24,0.72,9.41

131086031,1
131086031,67030,1.28,0.23,9.21

131086046,1
131086046,67043,1.24,0.78,9.79

131086062,1
131086062,67056,1.25,0.97,9.96

131086078,1
131086078,67069,1.51,1.19,10.82

131086093,1
131086093,67082,1.05,0.22,8.13

131086093,1
131086093,67095,1.24,0.19,8.01

131086109,1
131086109,67108,1.41,0.58,9.47

131086125,1
131086125,67121,1.26,0.57,9.36

131086140,1
131086140,67134,1.27,0.57,9.30

131086156,1
131086156,67147,1.32,0.63,9.37

131086171,1
131086171,67160,1.29,0.56,9.35

131086171,1
131086171,67173,1.29,0.57,9.35

131086187,1
131086187,67186,1.29,0.61,9.41

131086203,1
131086203,67199,1.27,0.59,9.41

131086218,1
131086218,67212,1.29,0.57,9.37

131086234,1
131086234,67225,1.29,0.56,9.37

131086250,1
131086250,67238,1.29,0.58,9.34

131086250,1
131086250,67251,1.29,0.58,9.33

131086265,1
131086265,67264,1.31,0.58,9.34

131086281,1
131086281,67277,1.32,0.59,9.34

131086296,1
131086296,67290,1.29,0.57,9.33

131086312,1
131086312,67303,1.29,0.58,9.38

131086328,1
131086328,67316,-1.60,-2.15,9.35

131086328,1
131086328,67329,1.39,0.87,9.88

131086343,1
131086343,67342,1.22,0.80,10.10

131086359,1
131086359,67355,1.16,0.52,9.23

131086375,1
131086375,67368,1.20,0.75,9.61

131086390,1
131086390,67381,1.30,0.79,9.73

131086390,1
131086406,67394,1.23,0.66,9.65

131086406,1
131086406,67407,1.25,0.75,9.73

131086421,1
131086421,67420,1.39,1.04,9.95

131086437,1
131086437,67433,1.48,1.41,10.89

131086453,1
131086453,67446,0.75,0.32,7.60

131086468,1
131086468,67459,1.33,0.08,8.34

131086484,1
131086484,67472,1.36,0.52,9.42

131086484,1
131086484,67485,1.28,0.58,9.39

131086500,1
131086500,67498,1.29,0.57,9.27

131086515,1
131086515,67511,1.30,0.59,9.38

131086531,1
131086531,67524,1.27,0.54,9.34

131086546,1
131086546,67537,1.32,0.59,9.36

131086546,1
131086562,67550,1.27,0.59,9.39

131086562,1
131086562,67563,1.29,0.56,9.40

131086578,1
131086578,67576,1.26,0.58,9.35

131086593,1
131086593,67589,1.28,0.58,9.38

131086609,1
131086609,67602,1.29,0.57,9.37

131086625,1
131086625,67615,1.29,0.59,9.36

131086640,1
131086640,67628,1.30,0.60,9.33

131086640,1
131086640,67641,1.29,0.58,9.35

131086656,1
131086656,67654,-1.69,-3.58,4.12

131086671,1
131086671,67667,1.53,0.31,9.92

131086687,1
131086687,67680,1.33,0.79,9.96

131086703,1
131086703,67693,1.23,0.67,9.36

131086703,1
131086718,67706,1.18,0.68,9.73

131086718,1
131086718,67719,1.29,0.72,9.70

131086734,1
131086734,67732,1.17,0.67,9.50

131086750,1
131086750,67745,1.23,0.73,9.58

131086765,1
131086765,67758,1.30,0.80,10.10

131086781,1
131086781,67771,1.34,0.89,10.13

131086781,1
131086781,67784,1.40,1.09,10.07

131086796,1
131086796,67797,1.05,-0.01,7.12

131086812,1
131086812,67810,1.34,0.53,9.48

131086828,1
131086828,67823,1.30,0.58,9.24

131086843,1
131086843,67836,1.30,0.57,9.36

131086859,1
131086859,67849,1.28,0.61,9.33

131086859,1
131086859,67862,1.31,0.58,9.41

131086875,1
131086875,67875,1.28,0.55,9.39

131086890,1
131086890,67888,1.30,0.59,9.35

131086906,1
131086906,67901,1.27,0.58,9.37

131086921,1
131086921,67914,1.29,0.57,9.35

131086937,1
131086937,67927,1.29,0.58,9.36

131086937,1
131086953,67940,1.30,0.58,9.34

131086953,1
131086953,67953,1.31,0.61,9.34

131086968,1
131086968,67966,1.28,0.56,9.35

131086984,1
131086984,67979,1.31,0.57,9.35

131087000,1
131087000,67992,1.26,0.57,9.38

131087015,1
131087015,68005,1.27,0.59,9.37

131087015,1
131087015,68018,1.49,0.58,9.30

131087031,1
131087031,68031,1.59,1.46,13.11

131087046,1
131087046,68044,1.19,0.68,10.06

131087062,1
131087062,68057,1.38,0.70,9.31

131087078,1
131087078,68070,1.22,0.66,9.43

131087093,1
131087093,68083,1.21,0.64,9.42

131087093,1
131087093,68096,1.22,0.75,9.45

131087109,1
131087109,68109,1.25,0.66,9.54

131087125,1
131087125,68122,1.25,0.75,9.88

131087140,1
131087140,68135,1.38,1.08,10.47

131087156,1
131087156,68148,1.37,1.14,10.27

131087171,1
131087171,68161,1.03,-0.17,7.03

131087171,1
131087171,68174,1.37,0.51,9.48

131087187,1
131087187,68187,1.31,0.57,9.22

131087203,1
131087203,68200,1.26,0.53,9.37

131087218,1
131087218,68213,1.30,0.58,9.31

131087234,1
131087234,68226,1.30,0.58,9.38

131087250,1
131087250,68239,1.30,0.54,9.34

131087250,1
131087265,68252,1.27,0.56,9.36

131087265,1
131087265,68265,1.27,0.59,9.36

131087281,1
131087281,68278,1.27,0.58,9.38

131087296,1
131087296,68291,1.28,0.54,9.38

131087312,1
131087312,68304,1.32,0.57,9.37

131087328,1
131087328,68317,1.28,0.59,9.38

131087328,1
131087328,68330,1.30,0.57,9.32

131087343,1
131087343,68343,1.30,0.56,9.32

131087359,1
131087359,68356,1.32,0.58,9.37

131087375,1
131087375,68369,3.62,0.20,0.45

131087390,1
131087390,68382,1.52,1.46,11.00

131087406,1
131087406,68395,1.31,0.60,9.84

131087406,1
131087406,68408,1.35,0.78,9.42

131087421,1
131087421,68421,1.26,0.75,9.73

131087437,1
131087437,68434,1.21,0.67,9.51

131087453,1
131087453,68447,1.24,0.59,9.54

131087468,1
131087468,68460,1.22,0.84,9.62

131087484,1
131087484,68473,1.31,0.85,9.66

131087484,1
131087484,68486,1.39,1.11,10.39

131087500,1
131087500,68499,1.32,1.18,10.11

131087515,1
131087515,68512,1.12,-0.19,7.07

131087531,1
131087531,68525,1.38,0.53,9.47

131087546,1
131087546,68538,1.31,0.57,9.23

131087562,1
131087562,68551,1.26,0.56,9.35

131087562,1
131087562,68564,1.31,0.59,9.34

131087578,1
131087578,68577,1.29,0.56,9.36

131087593,1
131087593,68590,1.29,0.57,9.38

131087609,1
131087609,68603,1.27,0.60,9.34

131087625,1
131087625,68616,1.28,0.57,9.39

131087640,1
131087640,68629,1.30,0.58,9.36

131087640,1
131087640,68642,1.31,0.55,9.35

131087656,1
131087656,68655,1.29,0.58,9.35

131087671,1
131087671,68668,1.29,0.59,9.36

131087687,1
131087687,68681,1.30,0.59,9.37

131087703,1
131087703,68694,1.29,0.56,9.34

131087718,1
131087718,68707,-1.54,-2.65,6.37

131087718,1
131087718,68720,1.59,0.91,10.01

131087734,1
131087734,68733,1.31,0.77,9.99

131087750,1
131087750,68746,1.21,0.47,9.22

131087765,1
131087765,68759,1.20,0.67,9.39

131087781,1
131087781,68772,1.31,0.73,9.57

131087796,1
131087796,68785,1.24,0.38,9.28

131087796,1
131087796,68798,1.20,0.73,9.54

131087812,1
131087812,68811,1.32,0.87,9.76

131087828,1
131087828,68824,1.30,0.89,10.04

131087843,1
131087843,68837,1.42,1.13,10.38

131087859,1
131087859,68850,0.96,0.15,7.87

131087875,1
131087875,68863,1.29,0.25,8.63

131087875,1
131087875,68876,1.35,0.55,9.30

131087890,1
131087890,68889,1.31,0.58,9.42

131087906,1
131087906,68902,1.25,0.56,9.32

131087921,1
131087921,68915,1.29,0.58,9.34

131087937,1
131087937,68928,1.27,0.53,9.37

131087953,1
131087953,68941,1.29,0.57,9.36

131087953,1
131087953,68954,1.26,0.58,9.36

131087968,1
131087968,68967,1.28,0.56,9.39

131087984,1
131087984,68980,1.29,0.58,9.37

131088000,1
131088000,68993,1.27,0.58,9.38

131088015,1
131088015,69006,1.30,0.59,9.35

131088015,1
131088031,69019,1.28,0.58,9.33

131088031,1
131088031,69032,1.30,0.58,9.34

131088046,1
131088046,69045,1.29,0.59,9.35

131088062,1
131088062,69058,1.29,0.57,9.35

131088078,1
131088078,69071,1.41,0.25,19.61

131088093,1
131088093,69084,1.09,0.91,9.62

131088093,1
131088093,69097,1.33,0.92,10.01

131088109,1
131088109,69110,1.20,0.59,9.21

131088125,1
131088125,69123,1.21,0.74,9.38

131088140,1
131088140,69136,1.28,0.70,9.50

131088156,1
131088156,69149,1.27,0.78,9.44

131088171,1
131088171,69162,1.20,0.82,9.48

131088171,1
131088187,69175,1.34,0.98,9.75

131088187,1
131088187,69188,1.41,1.21,10.43

131088203,1
131088203,69201,1.23,0.75,9.36

131088218,1
131088218,69214,1.27,0.00,7.43

131088234,1
131088234,69227,1.40,0.58,9.50

131088250,1
131088250,69240,1.29,0.57,9.23

131088250,1
131088265,69253,1.28,0.57,9.33

131088265,1
131088265,69266,1.32,0.64,9.33

131088281,1
131088281,69279,1.26,0.57,9.38

131088296,1
131088296,69292,1.29,0.57,9.36

131088312,1
131088312,69305,1.25,0.59,9.38

131088328,1
131088328,69318,1.28,0.57,9.40

131088328,1
131088343,69331,1.29,0.57,9.40

131088343,1
131088343,69344,1.29,0.59,9.36

131088359,1
131088359,69357,1.31,0.59,9.36

131088375,1
131088375,69370,1.27,0.57,9.36

131088390,1
131088390,69383,1.30,0.58,9.35

131088406,1
131088406,69396,1.29,0.59,9.34

131088406,1
131088421,69409,1.32,0.56,9.35

131088421,1
131088421,69422,1.99,2.98,15.19

131088437,1
131088437,69435,1.21,0.80,10.00

131088453,1
131088453,69448,1.40,0.87,9.71

131088468,1
131088468,69461,1.29,0.71,9.59

131088484,1
131088484,69474,1.25,0.61,9.48

131088484,1
131088484,69487,1.25,0.77,9.42

131088500,1
131088500,69500,1.35,0.83,9.57

131088515,1
131088515,69513,1.28,0.78,9.67

131088531,1
131088531,69526,1.47,1.24,10.66

131088546,1
131088546,69539,1.05,0.79,9.27

131088562,1
131088562,69552,1.36,-0.22,7.31

131088562,1
131088562,69565,1.45,0.56,9.50

131088578,1
131088578,69578,1.30,0.59,9.25

131088593,1
131088593,69591,1.26,0.56,9.31

131088609,1
131088609,69604,1.26,0.61,9.34

131088625,1
131088625,69617,1.31,0.58,9.36

131088640,1
131088640,69630,1.26,0.57,9.36

131088640,1
131088640,69643,1.26,0.56,9.38

131088656,1
131088656,69656,1.28,0.59,9.38

131088671,1
131088671,69669,1.29,0.60,9.37

131088687,1
131088687,69682,1.30,0.58,9.33

131088703,1
131088703,69695,1.28,0.59,9.34

131088718,1
131088718,69708,1.31,0.61,9.34

131088718,1
131088718,69721,1.28,0.58,9.36

131088734,1
131088734,69734,1.31,0.59,9.39

131088750,1
131088750,69747,1.29,0.60,9.39

131088765,1
131088765,69760,-2.88,-4.83,-5.46

131088781,1
131088781,69773,1.70,1.12,9.85

131088796,1
131088796,69786,1.24,0.72,10.07

131088796,1
131088796,69799,1.16,0.67,9.59

131088812,1
131088812,69812,1.15,0.69,9.46

131088828,1
131088828,69825,1.33,0.79,9.62

131088843,1
131088843,69838,1.16,0.52,9.22

131088859,1
131088859,69851,1.42,0.48,10.01

131088875,1
131088875,69864,1.40,1.15,10.25

131088875,1
131088875,69877,1.24,1.30,9.92

131088890,1
131088890,69890,1.10,-0.42,6.98

131088906,1
131088906,69903,1.43,0.53,9.60

131088921,1
131088921,69916,1.28,0.59,9.21

131088937,1
131088937,69929,1.25,0.57,9.34

131088953,1
131088953,69942,1.32,0.63,9.32

131088953,1
131088953,69955,1.27,0.57,9.38

131088968,1
131088968,69968,1.30,0.58,9.39

131088984,1
131088984,69981,1.28,0.59,9.39

131089000,1
131089000,69994,1.25,0.58,9.41

131089015,1
131089015,70007,1.27,0.59,9.36

131089031,1
131089031,70020,1.28,0.57,9.36

131089031,1
131089031,70033,1.30,0.55,9.35

131089046,1
131089046,70046,1.29,0.59,9.32

131089062,1
131089062,70059,1.30,0.58,9.34

131089078,1
131089078,70072,1.30,0.58,9.35

131089093,1
131089093,70085,1.29,0.58,9.37

131089109,1
131089109,70098,-0.96,-4.37,-3.54

131089109,1
131089109,70111,1.67,1.08,10.27

131089125,1
131089125,70124,1.29,0.77,9.80

131089140,1
131089140,70137,1.22,0.61,9.35

131089156,1
131089156,70150,1.20,0.74,9.58

131089171,1
131089171,70163,1.26,0.69,9.59

131089187,1
131089187,70176,1.24,0.64,9.49

131089187,1
131089187,70189,1.20,0.79,9.56

131089203,1
131089203,70202,1.31,0.74,9.74

131089218,1
131089218,70215,1.32,1.11,10.19

131089234,1
131089234,70228,1.37,1.24,10.66

131089250,1
131089250,70241,0.76,0.13,7.09

131089265,1
131089265,70254,1.38,0.26,8.97

131089265,1
131089265,70267,1.35,0.55,9.26

131089281,1
131089281,70280,1.27,0.56,9.44

131089296,1
131089296,70293,1.27,0.62,9.28

131089312,1
131089312,70306,1.30,0.61,9.36

131089328,1
131089328,70319,1.31,0.56,9.38

131089343,1
131089343,70332,1.27,0.58,9.35

131089343,1
131089343,70345,1.25,0.59,9.38

131089359,1
131089359,70358,1.27,0.58,9.37

131089375,1
131089375,70371,1.27,0.57,9.34

131089390,1
131089390,70384,1.30,0.61,9.33

131089406,1
131089406,70397,1.28,0.58,9.34

131089421,1
131089421,70410,1.30,0.59,9.33

131089421,1
131089421,70423,1.28,0.58,9.33

131089437,1
131089437,70436,1.31,0.59,9.35

131089453,1
131089453,70449,1.24,-3.01,-9.08

131089468,1
131089468,70462,1.74,1.62,10.33

131089484,1
131089484,70475,1.27,0.50,9.62

131089500,1
131089500,70488,1.29,0.63,9.22

131089500,1
131089500,70501,1.26,0.76,9.60

131089515,1
131089515,70514,1.27,0.72,9.60

131089531,1
131089531,70527,1.22,0.66,9.41

131089546,1
131089546,70540,1.24,0.81,9.45

131089562,1
131089562,70553,1.28,0.87,9.49

131089562,1
131089578,70566,1.30,0.97,10.03

131089578,1
131089578,70579,1.46,1.33,10.64

131089593,1
131089593,70592,0.82,0.33,7.59

131089609,1
131089609,70605,1.32,0.11,8.69

131089625,1
131089625,70618,1.38,0.56,9.29

131089640,1
131089640,70631,1.29,0.57,9.40

131089656,1
131089656,70644,1.27,0.56,9.30

131089656,1
131089656,70657,1.31,0.62,9.35

131089671,1
131089671,70670,1.30,0.59,9.37

131089687,1
131089687,70683,1.27,0.58,9.36

131089703,1
131089703,70696,1.26,0.58,9.36

131089718,1
131089718,70709,1.29,0.59,9.38

131089718,1
131089734,70722,1.27,0.56,9.37

131089734,1
131089734,70735,1.29,0.57,9.37

131089750,1
131089750,70748,1.28,0.59,9.38

131089765,1
131089765,70761,1.32,0.59,9.36

131089781,1
131089781,70774,1.31,0.59,9.34

131089796,1
131089796,70787,1.31,0.60,9.33

131089796,1
131089812,70800,1.28,0.58,9.36

131089812,1
131089812,70813,1.28,0.55,9.37

131089828,1
131089828,70826,1.32,0.57,9.38

131089843,1
131089843,70839,1.28,0.58,9.39

131089859,1
131089859,70852,1.43,4.47,17.54

131089875,1
131089875,70865,0.88,0.89,9.87

131089890,1
131089890,70878,1.38,0.91,9.71

131089890,1
131089890,70891,1.24,0.63,9.44

131089906,1
131089906,70904,1.21,0.68,9.44

131089921,1
131089921,70917,1.29,0.71,9.52

131089937,1
131089937,70930,1.24,0.66,9.56

131089953,1
131089953,70943,1.27,0.86,9.75

131089953,1
131089968,70956,1.35,1.22,10.48

131089968,1
131089968,70969,1.24,0.55,9.35

131089984,1
131089984,70982,1.11,0.24,7.57

131090000,1
131090000,70995,1.42,0.53,9.43

131090015,1
131090015,71008,1.31,0.58,9.26

131090031,1
131090031,71021,1.24,0.57,9.32

131090031,1
131090046,71034,1.30,0.62,9.30

131090046,1
131090046,71047,1.32,0.59,9.37

131090062,1
131090062,71060,1.27,0.56,9.36

131090078,1
131090078,71073,1.25,0.58,9.38

131090093,1
131090093,71086,1.26,0.59,9.37

131090109,1
131090109,71099,1.25,0.57,9.37

131090109,1
131090109,71112,1.28,0.56,9.35

131090125,1
131090125,71125,1.27,0.59,9.37

131090140,1
131090140,71138,1.28,0.61,9.33

131090156,1
131090156,71151,1.29,0.58,9.32

131090171,1
131090171,71164,1.27,0.58,9.35

131090187,1
131090187,71177,-2.07,-4.01,-9.03

131090187,1
131090203,71190,1.82,1.21,10.03

131090203,1
131090203,71203,1.34,0.78,10.12

131090218,1
131090218,71216,1.16,0.57,9.19

131090234,1
131090234,71229,1.21,0.77,9.57

131090250,1
131090250,71242,1.24,0.73,9.56

131090265,1
131090265,71255,1.19,0.68,9.54

131090265,1
131090265,71268,1.22,0.75,9.39

131090281,1
131090281,71281,1.35,0.89,9.84

131090296,1
131090296,71294,1.43,1.14,10.49

131090312,1
131090312,71307,1.17,0.85,9.36

131090328,1
131090328,71320,1.28,-0.19,7.44

131090343,1
131090343,71333,1.37,0.52,9.45

131090343,1
131090343,71346,1.32,0.59,9.31

131090359,1
131090359,71359,1.28,0.56,9.35

131090375,1
131090375,71372,1.28,0.62,9.32

131090390,1
131090390,71385,1.31,0.55,9.37

131090406,1
131090406,71398,1.29,0.58,9.38

131090421,1
131090421,71411,1.27,0.58,9.38

131090421,1
131090421,71424,1.26,0.57,9.37

131090437,1
131090437,71437,1.31,0.57,9.38

131090453,1
131090453,71450,1.28,0.58,9.37

131090468,1
131090468,71463,1.30,0.58,9.35

131090484,1
131090484,71476,1.29,0.59,9.34

131090500,1
131090500,71489,1.29,0.55,9.35

131090500,1
131090500,71502,1.31,0.56,9.37

131090515,1
131090515,71515,1.26,0.55,9.35

131090531,1
131090531,71528,1.06,-1.93,-14.26

131090546,1
131090546,71541,1.89,1.94,10.90

131090562,1
131090562,71554,1.34,0.59,9.94

131090578,1
131090578,71567,1.27,0.69,9.35

131090578,1
131090578,71580,1.26,0.77,9.66

131090593,1
131090593,71593,1.20,0.66,9.55

131090609,1
131090609,71606,1.17,0.69,9.43

131090625,1
131090625,71619,1.25,0.71,9.64

131090640,1
131090640,71632,1.29,0.74,9.70

131090656,1
131090656,71645,1.34,1.27,10.64

131090656,1
131090656,71658,1.27,0.66,9.15

131090671,1
131090671,71671,1.22,-0.19,7.33

131090687,1
131090687,71684,1.36,0.52,9.46

131090703,1
131090703,71697,1.29,0.59,9.27

131090718,1
131090718,71710,1.26,0.55,9.31

131090734,1
131090734,71723,1.26,0.61,9.32

131090734,1
131090734,71736,1.31,0.59,9.37

131090750,1
131090750,71749,1.26,0.57,9.35

131090765,1
131090765,71762,1.26,0.59,9.36

131090781,1
131090781,71775,1.26,0.58,9.38

131090796,1
131090796,71788,1.28,0.58,9.35

131090812,1
131090812,71801,1.27,0.56,9.35

131090812,1
131090812,71814,1.28,0.57,9.37

131090828,1
131090828,71827,1.29,0.61,9.34

131090843,1
131090843,71840,1.27,0.58,9.33

131090859,1
131090859,71853,1.29,0.59,9.36

131090875,1
131090875,71866,1.28,0.59,9.35

131090890,1
131090890,71879,3.06,-2.31,-13.05

131090890,1
131090890,71892,1.73,2.07,10.94

131090906,1
131090906,71905,1.31,0.60,9.69

131090921,1
131090921,71918,1.30,0.69,9.31

131090937,1
131090937,71931,1.21,0.78,9.65

131090953,1
131090953,71944,1.22,0.66,9.51

131090968,1
131090968,71957,1.20,0.71,9.47

131090968,1
131090968,71970,1.26,0.67,9.59

131090984,1
131090984,71983,1.30,0.92,10.06

131091000,1
131091000,71996,1.38,1.34,10.68

131091015,1
131091015,72009,0.90,-0.02,7.46

131091031,1
131091031,72022,1.36,0.28,8.76

131091046,1
131091046,72035,1.30,0.57,9.28

131091046,1
131091046,72048,1.30,0.58,9.41

131091062,1
131091062,72061,1.27,0.58,9.26

131091078,1
131091078,72074,1.25,0.57,9.36

131091093,1
131091093,72087,1.29,0.56,9.41

131091109,1
131091109,72100,1.25,0.57,9.37

131091125,1
131091125,72113,1.25,0.59,9.39

131091125,1
131091125,72126,1.28,0.58,9.38

131091140,1
131091140,72139,1.30,0.57,9.37

131091156,1
131091156,72152,1.26,0.56,9.35

131091171,1
131091171,72165,1.29,0.59,9.34

131091187,1
131091187,72178,1.28,0.59,9.34

131091203,1
131091203,72191,1.28,0.55,9.32

131091203,1
131091203,72204,1.31,0.55,9.36

131091218,1
131091218,72217,1.90,0.73,8.62

131091234,1
131091234,72230,1.40,1.81,12.02

131091250,1
131091250,72243,1.15,0.67,9.98

131091265,1
131091265,72256,1.37,0.73,9.46

131091265,1
131091281,72269,1.19,0.73,9.70

131091281,1
131091281,72282,1.22,0.66,9.55

131091296,1
131091296,72295,1.23,0.74,9.47

131091312,1
131091312,72308,1.23,0.71,9.60

131091328,1
131091328,72321,1.25,0.71,9.86

131091343,1
131091343,72334,1.23,0.93,9.68

131091359,1
131091359,72347,1.38,1.17,10.51

131091359,1
131091359,72360,0.95,0.13,7.89

131091375,1
131091375,72373,1.28,0.27,8.54

131091390,1
131091390,72386,1.35,0.55,9.32

131091406,1
131091406,72399,1.25,0.54,9.40

131091421,1
131091421,72412,1.25,0.57,9.33

131091437,1
131091437,72425,1.28,0.60,9.37

131091437,1
131091437,72438,1.28,0.57,9.39

131091453,1
131091453,72451,1.25,0.57,9.34

131091468,1
131091468,72464,1.27,0.59,9.36

131091484,1
131091484,72477,1.24,0.60,9.38

131091500,1
131091500,72490,1.29,0.57,9.36

131091500,1
131091515,72503,1.27,0.56,9.36

131091515,1
131091515,72516,1.28,0.59,9.37

131091531,1
131091531,72529,1.28,0.59,9.30

131091546,1
131091546,72542,1.28,0.58,9.35

131091562,1
131091562,72555,1.28,0.57,9.33

131091578,1
131091578,72568,1.26,0.57,9.35

131091578,1
131091578,72581,1.76,1.77,19.61

131091593,1
131091593,72594,1.06,1.16,10.13

131091609,1
131091609,72607,1.35,0.92,10.16

131091625,1
131091625,72620,1.18,0.60,9.36

131091640,1
131091640,72633,1.21,0.72,9.37

131091656,1
131091656,72646,1.25,0.79,9.56

131091656,1
131091671,72659,1.18,0.61,9.51

131091671,1
131091671,72672,1.22,0.75,9.54

131091687,1
131091687,72685,1.24,1.08,9.63

131091703,1
131091703,72698,1.33,1.04,10.01

131091718,1
131091718,72711,1.33,1.13,9.99

131091734,1
131091734,72724,1.05,-0.09,7.60

131091734,1
131091734,72737,1.37,0.43,9.16

131091750,1
131091750,72750,1.30,0.56,9.20

131091765,1
131091765,72763,1.29,0.58,9.38

131091781,1
131091781,72776,1.27,0.61,9.33

131091796,1
131091796,72789,1.28,0.60,9.35

131091812,1
131091812,72802,1.28,0.59,9.35

131091812,1
131091812,72815,1.28,0.59,9.39

131091828,1
131091828,72828,1.27,0.57,9.40

131091843,1
131091843,72841,1.27,0.60,9.36

131091859,1
131091859,72854,1.29,0.58,9.34

131091875,1
131091875,72867,1.28,0.58,9.38

131091890,1
131091890,72880,1.31,0.59,9.37

131091890,1
131091890,72893,1.28,0.57,9.33

131091906,1
131091906,72906,1.29,0.57,9.35

131091921,1
131091921,72919,1.27,0.57,9.35

131091937,1
131091937,72932,1.53,0.62,8.91

131091953,1
131091953,72945,2.06,2.40,12.80

131091968,1
131091968,72958,1.28,0.80,10.03

131091968,1
131091968,72971,1.39,0.74,9.47

131091984,1
131091984,72984,1.28,0.76,9.69

131092000,1
131092000,72997,1.22,0.65,9.38

131092015,1
131092015,73010,1.22,0.76,9.52

131092031,1
131092031,73023,1.26,0.46,9.38

131092046,1
131092046,73036,1.26,0.79,9.89

131092046,1
131092046,73049,1.31,0.99,9.86

131092062,1
131092062,73062,1.40,1.16,10.44

131092078,1
131092078,73075,0.89,0.27,7.97

131092093,1
131092093,73088,1.27,0.21,8.49

131092109,1
131092109,73101,1.34,0.55,9.32

131092125,1
131092125,73114,1.27,0.59,9.39

131092125,1
131092125,73127,1.24,0.58,9.33

131092140,1
131092140,73140,1.30,0.63,9.36

131092156,1
131092156,73153,1.26,0.58,9.38

131092171,1
131092171,73166,1.29,0.59,9.38

131092187,1
131092187,73179,1.27,0.60,9.36

131092203,1
131092203,73192,1.27,0.60,9.34

131092203,1
131092218,73205,1.28,0.59,9.34

131092218,1
131092218,73218,1.26,0.57,9.35

131092234,1
131092234,73231,1.26,0.59,9.35

131092250,1
131092250,73244,1.28,0.58,9.34

131092265,1
131092265,73257,1.29,0.60,9.35

131092281,1
131092281,73270,1.27,0.59,9.35

131092281,1
131092281,73283,2.14,2.64,19.61

131092296,1
131092296,73296,1.26,1.07,10.21

131092312,1
131092312,73309,1.42,0.77,9.61

131092328,1
131092328,73322,1.19,0.61,9.31

131092343,1
131092343,73335,1.19,0.70,9.29

131092359,1
131092359,73348,1.27,0.77,9.65

131092359,1
131092359,73361,1.24,0.63,9.56

131092375,1
131092375,73374,1.21,0.74,9.51

131092390,1
131092390,73387,1.36,1.01,10.05

131092406,1
131092406,73400,1.46,1.27,10.63

131092421,1
131092421,73413,0.95,-0.10,7.36

131092437,1
131092437,73426,1.35,0.37,8.85

131092437,1
131092437,73439,1.33,0.61,9.22

131092453,1
131092453,73452,1.26,0.58,9.42

131092468,1
131092468,73465,1.30,0.60,9.34

131092484,1
131092484,73478,1.27,0.60,9.35

131092500,1
131092500,73491,1.28,0.57,9.37

131092515,1
131092515,73504,1.27,0.57,9.36

131092515,1
131092515,73517,1.28,0.59,9.37

131092531,1
131092531,73530,1.27,0.57,9.38

131092546,1
131092546,73543,1.28,0.55,9.36

131092562,1
131092562,73556,1.30,0.59,9.38

131092578,1
131092578,73569,1.26,0.57,9.35

131092593,1
131092593,73582,1.31,0.59,9.32

131092593,1
131092593,73595,1.27,0.57,9.35

131092609,1
131092609,73608,1.30,0.58,9.35

131092625,1
131092625,73621,1.28,0.56,9.39

131092640,1
131092640,73634,0.84,1.97,19.61

131092656,1
131092656,73647,0.96,1.27,9.74

131092671,1
131092671,73660,1.27,0.94,10.02

131092671,1
131092671,73673,1.16,0.57,9.24

131092687,1
131092687,73686,1.17,0.72,9.42

131092703,1
131092703,73699,1.28,0.59,9.44

131092718,1
131092718,73712,1.21,0.68,9.53

131092734,1
131092734,73725,1.22,0.86,9.59

131092750,1
131092750,73738,1.40,1.08,10.13

131092750,1
131092750,73751,1.28,1.32,10.61

131092765,1
131092765,73764,0.91,0.03,7.16

131092781,1
131092781,73777,1.41,0.40,9.15

131092796,1
131092796,73790,1.30,0.57,9.26

131092812,1
131092812,73803,1.24,0.57,9.39

131092828,1
131092828,73816,1.30,0.62,9.29

131092828,1
131092828,73829,1.26,0.60,9.36

131092843,1
131092843,73842,1.27,0.55,9.34

131092859,1
131092859,73855,1.29,0.59,9.38

131092875,1
131092875,73868,1.28,0.58,9.37

131092890,1
131092890,73881,1.26,0.57,9.38

131092906,1
131092906,73894,1.29,0.58,9.33

131092906,1
131092906,73907,1.28,0.61,9.36

131092921,1
131092921,73920,1.26,0.60,9.35

131092937,1
131092937,73933,1.30,0.62,9.33

131092953,1
131092953,73946,1.27,0.59,9.33

131092968,1
131092968,73959,1.28,0.58,9.34

131092984,1
131092984,73972,0.75,-4.09,-19.61

131092984,1
131092984,73985,1.71,1.71,10.60

131093000,1
131093000,73998,1.19,0.65,9.85

131093015,1
131093015,74011,1.20,0.70,9.26

131093031,1
131093031,74024,1.21,0.82,9.62

131093046,1
131093046,74037,1.24,0.72,9.70

131093062,1
131093062,74050,1.21,0.78,9.57

131093062,1
131093062,74063,1.26,0.80,9.57

131093078,1
131093078,74076,1.35,0.97,9.86

131093093,1
131093093,74089,1.42,1.28,10.80

131093109,1
131093109,74102,0.82,0.29,7.83

131093125,1
131093125,74115,1.39,0.05,8.27

131093125,1
131093140,74128,1.38,0.53,9.34

131093140,1
131093140,74141,1.27,0.58,9.39

131093156,1
131093156,74154,1.26,0.57,9.30

131093171,1
131093171,74167,1.27,0.60,9.34

131093187,1
131093187,74180,1.28,0.54,9.36

131093203,1
131093203,74193,1.28,0.57,9.39

131093218,1
131093218,74206,1.24,0.57,9.41

131093218,1
131093218,74219,1.26,0.59,9.38

131093234,1
131093234,74232,1.29,0.59,9.35

131093250,1
131093250,74245,1.27,0.57,9.35

131093265,1
131093265,74258,1.31,0.59,9.38

131093281,1
131093281,74271,1.27,0.59,9.33

131093281,1
131093296,74284,1.31,0.58,9.34

131093296,1
131093296,74297,1.28,0.57,9.39

131093312,1
131093312,74310,1.28,0.59,9.36

131093328,1
131093328,74323,1.39,0.56,9.32

131093343,1
131093343,74336,1.62,2.21,12.47

131093359,1
131093359,74349,1.25,0.88,10.43

131093359,1
131093359,74362,1.34,0.81,9.56

131093375,1
131093375,74375,1.28,0.76,9.58

131093390,1
131093390,74388,1.18,0.61,9.48

131093406,1
131093406,74401,1.22,0.85,9.65

131093421,1
131093421,74414,1.30,0.83,9.68

131093437,1
131093437,74427,1.31,0.93,9.90

131093453,1
131093453,74440,1.42,1.47,11.05

131093453,1
131093453,74453,0.91,0.21,7.61

131093468,1
131093468,74466,1.32,0.04,8.30

131093484,1
131093484,74479,1.38,0.56,9.36

131093500,1
131093500,74492,1.28,0.62,9.43

131093515,1
131093515,74505,1.24,0.57,9.26

131093515,1
131093515,74518,1.30,0.64,9.36

131093531,1
131093531,74531,1.28,0.58,9.39

131093546,1
131093546,74544,1.28,0.59,9.37

131093562,1
131093562,74557,1.24,0.57,9.41

131093578,1
131093578,74570,1.25,0.58,9.38

131093593,1
131093593,74583,1.28,0.60,9.33

131093593,1
131093593,74596,1.25,0.57,9.35

131093609,1
131093609,74609,1.29,0.59,9.35

131093625,1
131093625,74622,1.26,0.60,9.34

131093640,1
131093640,74635,1.29,0.57,9.33

131093656,1
131093656,74648,1.27,0.59,9.33

131093671,1
131093671,74661,1.26,0.59,9.33

131093671,1
131093687,74674,-0.69,-4.20,-18.21

131093687,1
131093687,74687,1.91,1.60,10.78

131093703,1
131093703,74700,1.31,0.64,9.88

131093718,1
131093718,74713,1.24,0.69,9.15

131093734,1
131093734,74726,1.24,0.80,9.62

131093750,1
131093750,74739,1.24,0.69,9.58

131093750,1
131093750,74752,1.20,0.70,9.34

131093765,1
131093765,74765,1.26,0.84,9.55

131093781,1
131093781,74778,1.30,0.82,9.67

131093796,1
131093796,74791,1.36,1.14,10.38

131093812,1
131093812,74804,1.28,1.06,10.02

131093828,1
131093828,74817,1.08,-0.15,7.12

131093828,1
131093828,74830,1.35,0.54,9.42

131093843,1
131093843,74843,1.33,0.59,9.21

131093859,1
131093859,74856,1.24,0.57,9.38

131093875,1
131093875,74869,1.28,0.63,9.34

131093890,1
131093890,74882,1.28,0.59,9.37

131093906,1
131093906,74895,1.26,0.55,9.38

131093906,1
131093906,74908,1.25,0.60,9.39

131093921,1
131093921,74921,1.26,0.59,9.40

131093937,1
131093937,74934,1.27,0.59,9.39

131093953,1
131093953,74947,1.29,0.59,9.36

131093968,1
131093968,74960,1.30,0.58,9.35

131093984,1
131093984,74973,1.27,0.59,9.32

131093984,1
131093984,74986,1.28,0.59,9.35

131094000,1
131094000,74999,1.27,0.59,9.39

131094015,1
131094015,75012,1.29,0.59,9.37

131094031,1
131094031,75025,-0.80,-4.20,-7.66

131094046,1
131094046,75038,1.98,1.37,10.55

131094062,1
131094062,75051,1.32,0.66,9.74

131094062,1
131094062,75064,1.21,0.54,9.21

131094078,1
131094078,75077,1.22,0.77,9.72

131094093,1
131094093,75090,1.23,0.72,9.56

131094109,1
131094109,75103,1.15,0.49,9.31

131094125,1
131094125,75116,1.22,0.89,9.60

131094140,1
131094140,75129,1.36,0.85,9.73

131094140,1
131094140,75142,1.36,1.14,10.27

131094156,1
131094156,75155,1.45,1.40,10.57

131094171,1
131094171,75168,0.86,-0.20,6.90

131094187,1
131094187,75181,1.31,0.44,9.34

131094203,1
131094203,75194,1.31,0.60,9.16

131094218,1
131094218,75207,1.25,0.56,9.39

131094218,1
131094218,75220,1.27,0.60,9.32

131094234,1
131094234,75233,1.28,0.61,9.36

131094250,1
131094250,75246,1.26,0.55,9.35

131094265,1
131094265,75259,1.27,0.58,9.38

131094281,1
131094281,75272,1.24,0.58,9.38

131094296,1
131094296,75285,1.29,0.58,9.32

131094296,1
131094296,75298,1.27,0.58,9.35

131094312,1
131094312,75311,1.29,0.59,9.35

131094328,1
131094328,75324,1.27,0.60,9.34

131094343,1
131094343,75337,1.27,0.62,9.32

131094359,1
131094359,75350,1.27,0.60,9.35

131094359,1
131094375,75363,1.28,0.59,9.37

131094375,1
131094375,75376,0.86,1.53,16.47

131094390,1
131094390,75389,1.08,0.90,10.27

131094406,1
131094406,75402,1.38,0.90,9.87

131094421,1
131094421,75415,1.13,0.61,9.52

131094437,1
131094437,75428,1.18,0.66,9.42

131094453,1
131094453,75441,1.25,0.85,9.58

131094453,1
131094453,75454,1.21,0.68,9.32

131094468,1
131094468,75467,1.24,0.79,9.57

131094484,1
131094484,75480,1.34,0.96,9.71

131094500,1
131094500,75493,1.41,1.24,10.45

131094515,1
131094515,75506,1.14,0.91,9.39

131094531,1
131094531,75519,1.22,-0.17,7.39

131094531,1
131094531,75532,1.38,0.56,9.46

131094546,1
131094546,75545,1.29,0.59,9.29

131094562,1
131094562,75558,1.22,0.55,9.35

131094578,1
131094578,75571,1.30,0.64,9.34

131094593,1
131094593,75584,1.27,0.59,9.39

131094609,1
131094609,75597,1.27,0.54,9.39

131094609,1
131094609,75610,1.28,0.61,9.39

131094625,1
131094625,75623,1.23,0.57,9.37

131094640,1
131094640,75636,1.30,0.57,9.35

131094656,1
131094656,75649,1.30,0.59,9.34

131094671,1
131094671,75662,1.29,0.60,9.36

131094671,1
131094687,75675,1.29,0.59,9.37

131094687,1
131094687,75688,1.28,0.58,9.37

131094703,1
131094703,75701,1.28,0.59,9.37

131094718,1
131094718,75714,1.29,0.57,9.36

131094734,1
131094734,75727,-1.83,-2.90,6.56

131094750,1
131094750,75740,1.45,0.81,9.90

131094765,1
131094765,75753,1.28,0.90,10.21

131094765,1
131094765,75766,1.11,0.52,9.08

131094781,1
131094781,75779,1.16,0.78,9.59

131094796,1
131094796,75792,1.23,0.75,9.56

131094812,1
131094812,75805,1.19,0.66,9.41

131094828,1
131094828,75818,1.19,0.72,9.54

131094828,1
131094843,75831,1.27,0.78,9.62

131094843,1
131094843,75844,1.25,0.77,9.75

131094859,1
131094859,75857,1.37,1.08,10.10

131094875,1
131094875,75870,1.30,1.21,10.14

131094890,1
131094890,75883,0.94,-0.06,7.32

131094906,1
131094906,75896,1.36,0.55,9.28

131094906,1
131094906,75909,1.30,0.58,9.23

131094921,1
131094921,75922,1.24,0.58,9.35

131094937,1
131094937,75935,1.27,0.63,9.32

131094953,1
131094953,75948,1.27,0.58,9.34

131094968,1
131094968,75961,1.28,0.57,9.35

131094984,1
131094984,75974,1.26,0.59,9.36

131094984,1
131095000,75987,1.26,0.59,9.36

131095000,1
131095000,76000,1.26,0.60,9.36

131095015,1
131095015,76013,1.26,0.61,9.36

131095031,1
131095031,76026,1.27,0.59,9.35

131095046,1
131095046,76039,1.28,0.62,9.35

131095062,1
131095062,76052,1.29,0.59,9.34

131095062,1
131095062,76065,1.28,0.59,9.33

131095078,1
131095078,76078,1.28,0.58,9.34

131095093,1
131095093,76091,1.27,0.58,9.35

131095109,1
131095109,76104,1.27,0.60,9.37

131095125,1
131095125,76117,1.41,2.14,12.99

131095140,1
131095140,76130,1.21,0.84,10.45

131095140,1
131095140,76143,1.31,0.82,9.66

131095156,1
131095156,76156,1.24,0.67,9.48

131095171,1
131095171,76169,1.17,0.67,9.47

131095187,1
131095187,76182,1.16,0.80,9.34

131095203,1
131095203,76195,1.30,0.74,9.79

131095218,1
131095218,76208,1.22,0.92,9.83

131095218,1
131095218,76221,1.39,1.23,10.39

131095234,1
131095234,76234,0.97,0.41,8.16

131095250,1
131095250,76247,1.30,0.11,8.29

131095265,1
131095265,76260,1.36,0.58,9.35

131095281,1
131095281,76273,1.25,0.57,9.38

131095296,1
131095296,76286,1.25,0.59,9.29

131095296,1
131095296,76299,1.30,0.61,9.36

131095312,1
131095312,76312,1.29,0.57,9.40

131095328,1
131095328,76325,1.25,0.57,9.37

131095343,1
131095343,76338,1.26,0.57,9.43

131095359,1
131095359,76351,1.27,0.59,9.39

131095375,1
131095375,76364,1.27,0.59,9.34

131095375,1
131095375,76377,1.28,0.59,9.34

131095390,1
131095390,76390,1.27,0.60,9.37

131095406,1
131095406,76403,1.26,0.59,9.32

131095421,1
131095421,76416,1.27,0.58,9.34

131095437,1
131095437,76429,1.29,0.59,9.35

131095453,1
131095453,76442,-1.75,-2.58,7.98

131095453,1
131095453,76455,1.39,0.83,9.94

131095468,1
131095468,76468,1.26,0.80,10.18

131095484,1
131095484,76481,1.16,0.60,9.31

131095500,1
131095500,76494,1.17,0.73,9.54

131095515,1
131095515,76507,1.23,0.70,9.52

131095531,1
131095531,76520,1.16,0.65,9.59

131095531,1
131095531,76533,1.20,0.70,9.74

131095546,1
131095546,76546,1.31,0.79,9.91

131095562,1
131095562,76559,1.45,1.35,10.26

131095578,1
131095578,76572,1.20,0.87,9.36

131095593,1
131095593,76585,1.16,-0.12,7.44

131095609,1
131095609,76598,1.36,0.55,9.47

131095609,1
131095609,76611,1.27,0.59,9.27

131095625,1
131095625,76624,1.25,0.57,9.35

131095640,1
131095640,76637,1.25,0.62,9.31

131095656,1
131095656,76650,1.26,0.58,9.36

131095671,1
131095671,76663,1.27,0.58,9.41

131095687,1
131095687,76676,1.25,0.61,9.38

131095687,1
131095687,76689,1.26,0.58,9.38

131095703,1
131095703,76702,1.27,0.60,9.35

131095718,1
131095718,76715,1.29,0.61,9.32

131095734,1
131095734,76728,1.27,0.60,9.33

131095750,1
131095750,76741,1.28,0.60,9.33

131095765,1
131095765,76754,1.26,0.60,9.34

131095765,1
131095765,76767,1.25,0.60,9.33

131095781,1
131095781,76780,1.29,0.61,9.35

131095796,1
131095796,76793,1.25,0.58,9.37

131095812,1
131095812,76806,1.27,0.60,9.39

131095828,1
131095828,76819,-2.73,-4.59,3.09

131095843,1
131095843,76832,1.47,1.07,9.68

131095843,1
131095843,76845,1.34,0.93,10.28

131095859,1
131095859,76858,1.14,0.63,9.36

131095875,1
131095875,76871,1.17,0.83,9.48

131095890,1
131095890,76884,1.30,0.74,9.55

131095906,1
131095906,76897,1.23,0.75,9.46

131095921,1
131095921,76910,1.31,0.94,9.75

131095921,1
131095921,76923,1.44,1.20,10.41

131095937,1
131095937,76936,1.12,1.10,9.80

131095953,1
131095953,76949,1.24,-0.35,7.19

131095968,1
131095968,76962,1.44,0.56,9.41

131095984,1
131095984,76975,1.28,0.59,9.26

131096000,1
131096000,76988,1.26,0.59,9.31

131096000,1
131096000,77001,1.30,0.64,9.29

131096015,1
131096015,77014,1.27,0.59,9.36

131096031,1
131096031,77027,1.25,0.59,9.36

131096046,1
131096046,77040,1.27,0.62,9.38

131096062,1
131096062,77053,1.22,0.58,9.38

131096078,1
131096078,77066,1.28,0.57,9.40

131096078,1
131096078,77079,1.28,0.58,9.38

131096093,1
131096093,77092,1.28,0.58,9.37

131096109,1
131096109,77105,1.29,0.59,9.38

131096125,1
131096125,77118,1.27,0.60,9.34

131096140,1
131096140,77131,1.29,0.60,9.33

131096140,1
131096156,77144,1.29,0.59,9.33

131096156,1
131096156,77157,1.41,1.83,12.41

131096171,1
131096171,77170,1.04,0.95,10.38

131096187,1
131096187,77183,1.35,0.80,9.42

131096203,1
131096203,77196,1.22,0.74,9.73

131096218,1
131096218,77209,1.14,0.68,9.40

131096234,1
131096234,77222,1.22,0.80,9.67

131096234,1
131096234,77235,1.17,0.79,9.49

131096250,1
131096250,77248,1.22,0.73,9.68

131096265,1
131096265,77261,1.28,1.00,9.93

131096281,1
131096281,77274,1.45,1.27,10.57

131096296,1
131096296,77287,1.17,0.82,9.06

131096296,1
131096312,77300,1.28,-0.19,7.38

131096312,1
131096312,77313,1.42,0.55,9.45

131096328,1
131096328,77326,1.28,0.60,9.30

131096343,1
131096343,77339,1.25,0.57,9.36

131096359,1
131096359,77352,1.27,0.63,9.30

131096375,1
131096375,77365,1.25,0.56,9.36

131096390,1
131096390,77378,1.24,0.56,9.36

131096390,1
131096390,77391,1.28,0.59,9.37

131096406,1
131096406,77404,1.23,0.59,9.37

131096421,1
131096421,77417,1.26,0.55,9.37

131096437,1
131096437,77430,1.28,0.58,9.33

131096453,1
131096453,77443,1.27,0.60,9.36

131096453,1
131096468,77456,1.25,0.61,9.32

131096468,1
131096468,77469,1.25,0.59,9.33

131096484,1
131096484,77482,1.28,0.58,9.35

131096500,1
131096500,77495,1.26,0.59,9.37

131096515,1
131096515,77508,1.28,0.58,9.38

131096531,1
131096531,77521,1.26,0.58,9.38

131096531,1
131096546,77534,1.74,1.77,12.31

131096546,1
131096546,77547,1.20,0.92,10.26

131096562,1
131096562,77560,1.35,0.90,9.69

131096578,1
131096578,77573,1.17,0.72,9.63

131096593,1
131096593,77586,1.15,0.69,9.45

131096609,1
131096609,77599,1.26,0.78,9.56

131096609,1
131096609,77612,1.26,0.72,9.79

131096625,1
131096625,77625,1.30,0.83,9.94

131096640,1
131096640,77638,1.41,1.41,10.73

131096656,1
131096656,77651,0.84,0.14,7.61

131096671,1
131096671,77664,1.29,0.22,8.63

131096687,1
131096687,77677,1.36,0.57,9.24

131096687,1
131096687,77690,1.28,0.60,9.40

131096703,1
131096703,77703,1.23,0.55,9.28

131096718,1
131096718,77716,1.31,0.61,9.33

131096734,1
131096734,77729,1.27,0.56,9.36

131096750,1
131096750,77742,1.25,0.58,9.36

131096765,1
131096765,77755,1.25,0.57,9.40

131096765,1
131096765,77768,1.27,0.58,9.40

131096781,1
131096781,77781,1.26,0.57,9.37

131096796,1
131096796,77794,1.24,0.57,9.37

131096812,1
131096812,77807,1.27,0.60,9.37

131096828,1
131096828,77820,1.26,0.58,9.33

131096843,1
131096843,77833,1.29,0.57,9.35

131096843,1
131096843,77846,1.26,0.59,9.33

131096859,1
131096859,77859,1.28,0.58,9.36

131096875,1
131096875,77872,1.26,0.57,9.37

131096890,1
131096890,77885,1.26,0.57,9.39

131096906,1
131096906,77898,-2.97,-5.13,0.96

131096921,1
131096921,77911,1.79,1.29,9.94

131096921,1
131096921,77924,1.35,0.90,10.12

131096937,1
131096937,77937,1.12,0.60,9.30

131096953,1
131096953,77950,1.17,0.80,9.50

131096968,1
131096968,77963,1.25,0.75,9.74

131096984,1
131096984,77976,1.16,0.72,9.57

131097000,1
131097000,77989,1.26,0.89,9.88

131097000,1
131097000,78002,1.42,1.16,10.30

131097015,1
131097015,78015,1.28,1.35,10.63

131097031,1
131097031,78028,0.95,-0.09,7.16

131097046,1
131097046,78041,1.36,0.39,9.02

131097062,1
131097062,78054,1.28,0.54,9.25

131097078,1
131097078,78067,1.24,0.57,9.42

131097078,1
131097078,78080,1.28,0.61,9.30

131097093,1
131097093,78093,1.28,0.59,9.33

131097109,1
131097109,78106,1.26,0.57,9.33

131097125,1
131097125,78119,1.26,0.59,9.35

131097140,1
131097140,78132,1.24,0.61,9.39

131097156,1
131097156,78145,1.24,0.56,9.38

131097156,1
131097156,78158,1.27,0.59,9.33

131097171,1
131097171,78171,1.24,0.58,9.34

131097187,1
131097187,78184,1.27,0.60,9.35

131097203,1
131097203,78197,1.28,0.59,9.36

131097218,1
131097218,78210,1.27,0.59,9.32

131097234,1
131097234,78223,1.28,0.61,9.35

131097234,1
131097234,78236,1.27,0.60,9.36

131097250,1
131097250,78249,1.46,2.38,14.61

131097265,1
131097265,78262,1.15,1.02,10.29

131097281,1
131097281,78275,1.36,0.87,9.83

131097296,1
131097296,78288,1.12,0.62,9.44

131097312,1
131097312,78301,1.15,0.67,9.46

131097312,1
131097312,78314,1.21,0.74,9.58

131097328,1
131097328,78327,1.23,0.49,9.29

131097343,1
131097343,78340,1.18,0.76,9.58

131097359,1
131097359,78353,1.33,1.22,10.04

131097375,1
131097375,78366,1.29,1.30,10.47

131097375,1
131097390,78379,0.97,-0.09,7.22

131097390,1
131097390,78392,1.35,0.35,8.91

131097406,1
131097406,78405,1.28,0.54,9.25

131097421,1
131097421,78418,1.24,0.56,9.42

131097437,1
131097437,78431,1.26,0.57,9.29

131097453,1
131097453,78444,1.26,0.61,9.33

131097468,1
131097468,78457,1.23,0.58,9.39

131097468,1
131097468,78470,1.25,0.56,9.39

131097484,1
131097484,78483,1.25,0.61,9.39

131097500,1
131097500,78496,1.24,0.59,9.36

131097515,1
131097515,78509,1.28,0.59,9.36

131097531,1
131097531,78522,1.26,0.56,9.37

131097546,1
131097546,78535,1.27,0.57,9.37

131097546,1
131097546,78548,1.30,0.57,9.36

131097562,1
131097562,78561,1.29,0.57,9.35

131097578,1
131097578,78574,1.28,0.58,9.33

131097593,1
131097593,78587,1.24,0.57,9.37

131097609,1
131097609,78600,1.27,0.58,9.37

131097625,1
131097625,78613,3.58,-2.10,-14.69

131097625,1
131097625,78626,1.70,1.88,10.19

131097640,1
131097640,78639,1.25,0.44,9.52

131097656,1
131097656,78652,1.36,0.87,9.30

131097671,1
131097671,78665,1.18,0.72,9.67

131097687,1
131097687,78678,1.21,0.63,9.54

131097703,1
131097703,78691,1.18,0.66,9.43

131097703,1
131097703,78704,1.19,0.61,9.39

131097718,1
131097718,78717,1.24,0.69,9.60

131097734,1
131097734,78730,1.23,0.86,9.79

131097750,1
131097750,78743,1.47,1.16,10.62

131097765,1
131097765,78756,0.95,0.42,8.15

131097765,1
131097781,78769,1.24,0.04,8.23

131097781,1
131097781,78782,1.34,0.56,9.35

131097796,1
131097796,78795,1.27,0.57,9.37

131097812,1
131097812,78808,1.24,0.57,9.30

131097828,1
131097828,78821,1.27,0.61,9.34

131097843,1
131097843,78834,1.23,0.58,9.39

131097859,1
131097859,78847,1.23,0.59,9.39

131097859,1
131097859,78860,1.24,0.59,9.39

131097875,1
131097875,78873,1.22,0.58,9.40

131097890,1
131097890,78886,1.25,0.58,9.36

131097906,1
131097906,78899,1.26,0.59,9.36

131097921,1
131097921,78912,1.27,0.59,9.34

131097921,1
131097937,78925,1.29,0.59,9.34

131097937,1
131097937,78938,1.26,0.59,9.32

131097953,1
131097953,78951,1.27,0.60,9.37

131097968,1
131097968,78964,3.90,-0.90,-5.38

131097984,1
131097984,78977,1.50,1.99,10.17

131098000,1
131098000,78990,1.28,0.65,9.78

131098000,1
131098015,79003,1.29,0.80,9.46

131098015,1
131098015,79016,1.20,0.77,9.73

131098031,1
131098031,79029,1.21,0.67,9.52

131098046,1
131098046,79042,1.21,0.51,9.34

131098062,1
131098062,79055,1.20,0.75,9.48

131098078,1
131098078,79068,1.31,0.88,9.76

131098078,1
131098093,79081,1.36,1.19,10.28

131098093,1
131098093,79094,1.18,1.20,10.01

131098109,1
131098109,79107,1.08,-0.14,7.31

131098125,1
131098125,79120,1.37,0.51,9.31

131098140,1
131098140,79133,1.30,0.59,9.22

131098156,1
131098156,79146,1.22,0.57,9.37

131098171,1
131098171,79159,1.26,0.60,9.35

131098171,1
131098187,79172,1.24,0.59,9.33

131098187,1
131098187,79185,1.26,0.57,9.36

131098203,1
131098203,79198,1.25,0.58,9.38

131098218,1
131098218,79211,1.27,0.58,9.42

131098234,1
131098234,79224,1.26,0.58,9.39

131098234,1
131098234,79237,1.27,0.56,9.37

131098250,1
131098250,79250,1.27,0.59,9.38

131098265,1
131098265,79263,1.28,0.59,9.37

131098281,1
131098281,79276,1.29,0.59,9.36

131098296,1
131098296,79289,1.26,0.59,9.36

131098312,1
131098312,79302,1.26,0.61,9.40

131098312,1
131098312,79315,1.25,0.56,9.37

131098328,1
131098328,79328,4.31,0.29,0.66

131098343,1
131098343,79341,1.58,2.00,10.82

131098359,1
131098359,79354,1.30,0.67,9.99

131098375,1
131098375,79367,1.31,0.73,9.27

131098390,1
131098390,79380,1.25,0.79,9.63

131098390,1
131098390,79393,1.22,0.65,9.58

131098406,1
131098406,79406,1.17,0.69,9.53

131098421,1
131098421,79419,1.24,0.71,9.48

131098437,1
131098437,79432,1.27,0.78,9.81

131098453,1
131098453,79445,1.34,1.14,10.47

131098468,1
131098468,79458,1.16,0.97,9.45

131098468,1
131098468,79471,1.21,-0.13,7.57

131098484,1
131098484,79484,1.35,0.56,9.41

131098500,1
131098500,79497,1.29,0.59,9.30

131098515,1
131098515,79510,1.25,0.58,9.33

131098531,1
131098531,79523,1.25,0.61,9.37

131098546,1
131098546,79536,1.29,0.60,9.36

131098546,1
131098546,79549,1.22,0.56,9.38

131098562,1
131098562,79562,1.24,0.57,9.39

131098578,1
131098578,79575,1.24,0.62,9.40

131098593,1
131098593,79588,1.25,0.60,9.37

131098609,1
131098609,79601,1.27,0.59,9.37

131098625,1
131098625,79614,1.25,0.59,9.35

131098625,1
131098625,79627,1.27,0.60,9.34

131098640,1
131098640,79640,1.25,0.58,9.36

131098656,1
131098656,79653,1.27,0.61,9.35

131098671,1
131098671,79666,1.25,0.60,9.35

131098687,1
131098687,79679,1.27,0.59,9.36

131098703,1
131098703,79692,1.25,0.60,9.37

131098703,1
131098703,79705,-1.23,-1.35,14.44

131098718,1
131098718,79718,1.01,1.11,9.56

131098734,1
131098734,79731,1.24,1.01,10.24

131098750,1
131098750,79744,1.12,0.54,9.18

131098765,1
131098765,79757,1.09,0.72,9.42

131098781,1
131098781,79770,1.28,0.80,9.68

131098781,1
131098781,79783,1.16,0.64,9.55

131098796,1
131098796,79796,1.21,0.91,9.87

131098812,1
131098812,79809,1.41,1.17,10.40

131098828,1
131098828,79822,1.21,1.25,10.17

131098843,1
131098843,79835,1.02,-0.05,7.30

131098859,1
131098859,79848,1.39,0.45,9.29

131098859,1
131098859,79861,1.30,0.54,9.27

131098875,1
131098875,79874,1.21,0.57,9.37

131098890,1
131098890,79887,1.29,0.61,9.33

131098906,1
131098906,79900,1.27,0.60,9.36

131098921,1
131098921,79913,1.25,0.57,9.36

131098937,1
131098937,79926,1.27,0.60,9.39

131098937,1
131098937,79939,1.23,0.57,9.39

131098953,1
131098953,79952,1.24,0.55,9.40

131098968,1
131098968,79965,1.24,0.56,9.38

131098984,1
131098984,79978,1.27,0.59,9.39

131099000,1
131099000,79991,1.24,0.60,9.39

131099015,1
131099015,80004,1.29,0.58,9.34

131099015,1
131099015,80017,1.26,0.58,9.32

131099031,1
131099031,80030,1.26,0.58,9.32

131099046,1
131099046,80043,1.27,0.61,9.37

131099062,1
131099062,80056,1.25,0.56,9.39

131099078,1
131099078,80069,1.78,0.74,19.61

131099093,1
131099093,80082,0.89,0.99,9.89

131099093,1
131099093,80095,1.30,0.99,10.39

131099109,1
131099109,80108,1.12,0.58,9.32

131099125,1
131099125,80121,1.13,0.71,9.33

131099140,1
131099140,80134,1.24,0.69,9.43

131099156,1
131099156,80147,1.19,0.66,9.52

131099171,1
131099171,80160,1.18,0.79,9.57

131099171,1
131099171,80173,1.29,0.86,9.71

131099187,1
131099187,80186,1.42,1.07,10.31

131099203,1
131099203,80199,1.37,1.05,10.18

131099218,1
131099218,80212,1.30,0.82,7.55

131099234,1
131099234,80225,1.44,0.72,8.77

131099250,1
131099250,80238,1.30,0.59,9.35

131099250,1
131099250,80251,1.17,0.48,9.39

131099265,1
131099265,80264,1.31,0.67,9.27

131099281,1
131099281,80277,1.24,0.57,9.38

131099296,1
131099296,80290,1.24,0.56,9.39

131099312,1
131099312,80303,1.26,0.63,9.35

131099328,1
131099328,80316,1.20,0.59,9.39

131099328,1
131099328,80329,1.25,0.62,9.38

131099343,1
131099343,80342,1.26,0.59,9.36

131099359,1
131099359,80355,1.26,0.58,9.36

131099375,1
131099375,80368,1.25,0.59,9.35

131099390,1
131099390,80381,1.26,0.59,9.33

131099406,1
131099406,80394,1.25,0.63,9.36

131099406,1
131099406,80407,1.28,0.60,9.34

131099421,1
131099421,80420,-2.94,-5.53,-6.40

131099437,1
131099437,80433,1.86,1.30,9.90

131099453,1
131099453,80446,1.31,0.76,9.78

131099468,1
131099468,80459,1.12,0.60,9.14

131099484,1
131099484,80472,1.18,0.81,9.62

131099484,1
131099484,80485,1.26,0.75,9.60

131099500,1
131099500,80498,1.11,0.54,9.28

131099515,1
131099515,80511,1.19,0.77,9.61

131099531,1
131099531,80524,1.33,0.81,9.79

131099546,1
131099546,80537,1.34,1.27,10.64

131099562,1
131099562,80550,1.06,0.61,8.59

131099562,1
131099562,80563,1.25,-0.06,7.85

131099578,1
131099578,80576,1.33,0.51,9.41

131099593,1
131099593,80589,1.30,0.58,9.37

131099609,1
131099609,80602,1.23,0.55,9.32

131099625,1
131099625,80615,1.26,0.61,9.36

131099640,1
131099640,80628,1.28,0.56,9.41

131099640,1
131099640,80641,1.26,0.56,9.39

131099656,1
131099656,80654,1.25,0.58,9.39

131099671,1
131099671,80667,1.23,0.58,9.38

131099687,1
131099687,80680,1.27,0.58,9.35

131099703,1
131099703,80693,1.25,0.56,9.36

131099718,1
131099718,80706,1.25,0.58,9.36

131099718,1
131099718,80719,1.25,0.60,9.36

131099734,1
131099734,80732,1.24,0.57,9.35

131099750,1
131099750,80745,1.26,0.59,9.35

131099765,1
131099765,80758,0.99,-3.32,-19.61

131099781,1
131099781,80771,2.04,2.28,10.73

131099781,1
131099781,80784,1.23,0.67,10.01

131099796,1
131099796,80797,1.16,0.72,9.34

131099812,1
131099812,80810,1.17,0.78,9.64

131099828,1
131099828,80823,1.20,0.66,9.63

131099843,1
131099843,80836,1.13,0.69,9.54

131099859,1
131099859,80849,1.22,0.76,9.71

131099859,1
131099875,80862,1.30,0.86,9.91

131099875,1
131099875,80875,1.45,1.39,10.67

131099890,1
131099890,80888,0.96,0.45,8.18

131099906,1
131099906,80901,1.20,-0.06,8.12

131099921,1
131099921,80914,1.34,0.55,9.30

131099937,1
131099937,80927,1.27,0.60,9.37

131099937,1
131099953,80940,1.24,0.54,9.30

131099953,1
131099953,80953,1.27,0.61,9.34

131099968,1
131099968,80966,1.22,0.56,9.35

131099984,1
131099984,80979,1.24,0.57,9.36

131100000,1
131100000,80992,1.22,0.58,9.39

131100015,1
131100015,81005,1.24,0.60,9.37

131100015,1
131100015,81018,1.22,0.62,9.36

131100031,1
131100031,81031,1.27,0.61,9.36

131100046,1
131100046,81044,1.26,0.62,9.37

131100062,1
131100062,81057,1.23,0.61,9.32

131100078,1
131100078,81070,1.27,0.57,9.34

131100093,1
131100093,81083,1.24,0.57,9.36

131100093,1
131100093,81096,1.27,0.60,9.39

131102109,181109,1.24,0.58,9.35
181122,1.06,0.73,11.97
181135,1.13,0.87,10.34
181148,1.29,0.87,9.91
181161,1.10,0.64,9.51
181174,1.12,0.69,9.36
181187,1.16,0.73,9.58
181200,1.18,0.66,9.57
181213,1.16,0.69,9.86
181226,1.32,1.01,10.02
181239,1.41,1.17,10.49
131102109,
181252,1.08,0.67,8.90
181265,1.18,-0.01,7.72
181278,1.34,0.56,9.39
181291,1.29,0.59,9.32
181304,1.25,0.57,9.33
181317,1.29,0.62,9.34
181330,1.26,0.59,9.37
181343,1.25,0.58,9.38
181356,1.24,0.59,9.41
181369,1.19,0.58,9.38
181382,1.24,0.59,9.37
131102109,
181395,1.25,0.58,9.38
181408,1.25,0.59,9.35
181421,1.27,0.59,9.35
181434,1.27,0.58,9.35
181447,1.28,0.58,9.34
181460,1.24,0.57,9.37
181473,1.57,2.72,19.61
181486,0.86,1.00,10.53
181499,1.39,1.78,10.23
181512,1.10,0.82,9.56
181525,1.13,0.82,9.49
131102109,
181538,1.17,0.73,9.50
181551,1.14,0.62,9.46
181564,1.13,0.73,9.54
181577,1.19,0.65,9.61
181590,1.24,0.76,9.66
181603,1.22,0.93,9.49
181616,1.38,1.10,10.29
181629,1.06,0.42,8.46
181642,1.24,0.05,8.18
181655,1.33,0.54,9.30
181668,1.22,0.57,9.39
131102109,
181681,1.23,0.58,9.33
181694,1.23,0.60,9.34
181707,1.24,0.56,9.37
181720,1.25,0.58,9.38
181733,1.26,0.61,9.35
181746,1.24,0.60,9.36
181759,1.25,0.59,9.34
181772,1.26,0.60,9.36
181785,1.26,0.60,9.36
181798,1.26,0.60,9.33
181811,1.23,0.60,9.34
1
131102109,81824,1.24,0.59,9.34
181837,1.24,0.61,9.39
181850,1.24,0.59,9.35
181863,1.25,0.59,9.36
181876,1.24,0.58,9.35
181889,1.27,0.61,9.36
181902,1.26,0.59,9.33
181915,1.25,0.58,9.36
181928,1.24,0.61,9.38
181941,1.27,0.60,9.38
181954,1.25,0.58,9.37
181
131102109,967,1.26,0.58,9.40
181980,1.26,0.60,9.36
181993,1.25,0.58,9.33
182006,1.27,0.57,9.36
182019,1.24,0.58,9.35
182032,1.26,0.59,9.37
182045,1.24,0.57,9.35
182058,1.27,0.57,9.37
182071,1.26,0.58,9.38
182084,1.27,0.58,9.37
182097,1.27,0.57,9.38
18211
131102125,0,1.24,0.57,9.39
182123,1.26,0.57,9.35
182136,1.22,0.56,9.38
182149,1.26,0.57,9.36
182162,1.25,0.57,9.38
182175,1.27,0.58,9.38
182188,1.24,0.56,9.37
182201,1.25,0.57,9.35
182214,1.23,0.60,9.34
182227,1.24,0.57,9.37
182240,1.25,0.59,9.33
182253,
131102125,1.21,0.58,9.36
182266,1.24,0.58,9.36
182279,1.23,0.57,9.36
182292,1.26,0.57,9.36
182305,1.23,0.58,9.38
182318,1.22,0.58,9.34
182331,1.24,0.60,9.34
182344,1.23,0.57,9.35
182357,1.25,0.59,9.36
182370,1.24,0.61,9.36
182383,1.26,0.58,9.35
182396,1.
131102125,22,0.59,9.36
182409,1.25,0.59,9.37
182422,1.25,0.60,9.37
182435,1.25,0.58,9.33
182448,1.26,0.59,9.36
182461,1.25,0.58,9.33
182474,1.25,0.60,9.34
182487,1.25,0.60,9.36
182500,1.25,0.60,9.36
182513,1.23,0.59,9.35
182526,1.24,0.61,9.36
182539,1.24
131102125,,0.59,9.35
182552,1.25,0.58,9.39
182565,1.27,0.60,9.36
182578,1.27,0.58,9.38
182591,1.27,0.61,9.37
182604,1.26,0.59,9.36
182617,1.28,0.60,9.36
182630,1.24,0.57,9.39
182643,1.24,0.58,9.36
182656,1.25,0.59,9.37
182669,1.25,0.57,9.37
182682,1.26,0
131102125,.59,9.36
182695,1.24,0.58,9.35
182708,1.28,0.57,9.37
182721,1.24,0.58,9.38
182734,1.26,0.59,9.37
182747,1.25,0.60,9.36
182760,1.27,0.58,9.37
182773,1.27,0.58,9.35
182786,1.26,0.55,9.38
182799,1.26,0.57,9.38
182812,1.24,0.57,9.36
182825,1.27,0.5
131102125,7,9.37
182838,1.22,0.57,9.36
182851,1.25,0.58,9.36
182864,1.24,0.60,9.33
182877,1.24,0.57,9.37
182890,1.26,0.60,9.37
182903,1.25,0.60,9.34
182916,1.26,0.58,9.37
182929,1.23,0.55,9.38
182942,1.27,0.56,9.36
182955,1.25,0.60,9.37
182968,1.26,0.58,
131102125,9.38
182981,1.25,0.57,9.37
182994,1.24,0.58,9.36
183007,1.25,0.58,9.37
183020,1.26,0.57,9.35
183033,1.25,0.59,9.36
183046,1.25,0.60,9.40
183059,1.25,0.59,9.38
183072,1.23,0.58,9.37
183085,1.26,0.58,9.31
183098,1.24,0.60,9.36
183111,1.25,0.59,9.
131102125,36
183124,1.28,0.59,9.34

131102140,1
131102140,83137,1.25,0.59,9.34

131102156,1
131102156,83150,1.28,0.60,9.35

131102171,1
131102171,83163,1.24,0.59,9.35

131102187,1
131102187,83176,1.26,0.61,9.34

131102187,1
131102187,83189,1.22,0.59,9.35

131102203,1
131102203,83202,1.27,0.59,9.38

131102218,1
131102218,83215,1.24,0.61,9.38

131102234,1
131102234,83228,1.25,0.59,9.37

131102250,1
131102250,83241,1.25,0.59,9.36

131102265,1
131102265,83254,1.24,0.57,9.37

131102265,1
131102265,83267,1.27,0.57,9.39

131102281,1
131102281,83280,1.25,0.57,9.36

131102296,1
131102296,83293,1.27,0.58,9.36

131102312,1
131102312,83306,1.24,0.59,9.39

131102328,1
131102328,83319,1.26,0.58,9.38

131102343,1
131102343,83332,1.27,0.58,9.36

131102343,1
131102343,83345,1.25,0.58,9.35

131102359,1
131102359,83358,1.26,0.57,9.36

131102375,1
131102375,83371,1.23,0.57,9.37

131102390,1
131102390,83384,1.27,0.57,9.37

131102406,1
131102406,83397,1.24,0.57,9.37

131102421,1
131102421,83410,1.27,0.58,9.35

131102421,1
131102421,83423,1.25,0.58,9.35

131102437,1
131102437,83436,1.27,0.57,9.34

131102453,1
131102453,83449,1.25,0.58,9.32

131102468,1
131102468,83462,2.28,0.68,7.08

131102484,1
131102484,83475,1.98,1.83,11.82

131102500,1
131102500,83488,1.43,0.80,10.18

131102500,1
131102500,83501,1.44,0.75,9.76

131102515,1
131102515,83514,1.24,0.67,9.61

131102531,1
131102531,83527,1.18,0.68,9.52

131102546,1
131102546,83540,1.23,0.74,9.55

131102562,1
131102562,83553,-4.19,-0.53,11.35

131102562,1
131102578,83566,-1.75,1.78,10.76

131102578,1
131102578,83579,3.85,1.58,12.69

131102593,1
131102593,83592,8.95,0.36,8.80

131102609,1
131102609,83605,2.99,-0.50,6.38

131102625,1
131102625,83618,-0.76,1.17,9.89

131102640,1
131102640,83631,0.55,0.73,9.46

131102656,1
131102656,83644,1.07,0.63,9.36

131102656,1
131102656,83657,1.20,0.65,9.26

131102671,1
131102671,83670,1.22,0.57,9.45

131102687,1
131102687,83683,1.14,0.60,9.36

131102703,1
131102703,83696,1.12,0.61,9.32

131102718,1
131102718,83709,1.14,0.60,9.40

131102734,1
131102734,83722,1.18,0.60,9.33

131102734,1
131102734,83735,1.19,0.60,9.36

131102750,1
131102750,83748,1.14,0.61,9.38

131102765,1
131102765,83761,1.17,0.61,9.34

131102781,1
131102781,83774,1.18,0.63,9.35

131102796,1
131102796,83787,1.17,0.62,9.33

131102796,1
131102812,83800,-3.62,-2.89,-5.22

131102812,1
131102812,83813,1.53,0.97,10.56

131102828,1
131102828,83826,1.17,0.82,10.32

131102843,1
131102843,83839,0.95,0.62,9.31

131102859,1
131102859,83852,1.06,0.76,9.61

131102875,1
131102875,83865,1.10,0.72,9.58

131102890,1
131102890,83878,1.02,0.66,9.53

131102890,1
131102890,83891,1.19,0.80,10.02

131102906,1
131102906,83904,1.51,0.73,10.57

131102921,1
131102921,83917,1.14,0.51,9.13

131102937,1
131102937,83930,0.84,0.43,7.46

131102953,1
131102953,83943,1.21,0.68,9.53

131102953,1
131102968,83956,1.07,0.60,9.23

131102968,1
131102968,83969,1.19,0.59,9.40

131102984,1
131102984,83982,1.17,0.59,9.30

131103000,1
131103000,83995,1.16,0.59,9.40

131103015,1
131103015,84008,1.15,0.60,9.43

131103031,1
131103031,84021,1.14,0.58,9.39

131103031,1
131103046,84034,1.16,0.61,9.37

131103046,1
131103046,84047,1.16,0.59,9.39

131103062,1
131103062,84060,1.15,0.60,9.38

131103078,1
131103078,84073,1.14,0.59,9.37

131103093,1
131103093,84086,1.18,0.61,9.34

131103109,1
131103109,84099,1.18,0.59,9.35

131103109,1
131103109,84112,1.67,1.95,19.61

131103125,1
131103125,84125,0.61,0.73,9.13

131103140,1
131103140,84138,1.14,0.85,9.92

131103156,1
131103156,84151,1.04,0.55,9.35

131103171,1
131103171,84164,1.02,0.67,9.39

131103187,1
131103187,84177,1.14,0.71,9.53

131103187,1
131103187,84190,1.07,0.63,9.47

131103203,1
131103203,84203,1.09,0.73,9.56

131103218,1
131103218,84216,1.20,0.84,9.74

131103234,1
131103234,84229,1.42,0.70,10.34

131103250,1
131103250,84242,1.20,1.95,10.44

131103265,1
131103265,84255,1.47,-0.69,7.60

131103265,1
131103265,84268,0.45,1.03,8.80

131103281,1
131103281,84281,1.08,0.66,9.34

131103296,1
131103296,84294,1.11,0.64,9.39

131103312,1
131103312,84307,1.12,0.57,9.34

131103328,1
131103328,84320,1.17,0.60,9.36

131103343,1
131103343,84333,1.15,0.57,9.41

131103343,1
131103343,84346,1.14,0.63,9.39

131103359,1
131103359,84359,1.16,0.59,9.37

131103375,1
131103375,84372,1.16,0.57,9.33

131103390,1
131103390,84385,1.19,0.60,9.34

131103406,1
131103406,84398,1.12,0.60,9.33

131103421,1
131103421,84411,1.17,0.59,9.36

131103421,1
131103421,84424,1.13,0.59,9.33

131103437,1
131103437,84437,0.52,1.22,19.28

131103453,1
131103453,84450,0.59,0.65,9.54

131103468,1
131103468,84463,1.09,0.83,10.26

131103484,1
131103484,84476,0.99,0.56,9.26

131103500,1
131103500,84489,1.00,0.67,9.35

131103500,1
131103500,84502,1.15,0.73,9.41

131103515,1
131103515,84515,1.05,0.62,9.23

131103531,1
131103531,84528,1.11,0.73,9.47

131103546,1
131103546,84541,1.20,0.86,9.77

131103562,1
131103562,84554,1.29,0.84,10.20

131103578,1
131103578,84567,1.62,0.59,10.55

131103578,1
131103593,84580,0.68,0.42,7.19

131103593,1
131103593,84593,1.09,0.59,9.20

131103609,1
131103609,84606,1.10,0.60,9.27

131103625,1
131103625,84619,1.15,0.61,9.44

131103640,1
131103640,84632,1.14,0.59,9.30

131103656,1
131103656,84645,1.18,0.60,9.36

131103656,1
131103656,84658,1.16,0.58,9.38

131103671,1
131103671,84671,1.17,0.60,9.38

131103687,1
131103687,84684,1.15,0.59,9.39

131103703,1
131103703,84697,1.15,0.59,9.39

131103718,1
131103718,84710,1.17,0.60,9.37

131103734,1
131103734,84723,1.13,0.59,9.36

131103734,1
131103734,84736,1.16,0.59,9.35

131103750,1
131103750,84749,1.15,0.59,9.34

131103765,1
131103765,84762,1.16,0.58,9.34

131103781,1
131103781,84775,1.14,0.59,9.37

131103796,1
131103796,84788,3.04,1.39,3.59

131103812,1
131103812,84801,1.42,0.91,10.48

131103812,1
131103812,84814,1.30,0.59,10.11

131103828,1
131103828,84827,1.26,0.77,9.52

131103843,1
131103843,84840,1.17,0.68,9.64

131103859,1
131103859,84853,1.07,0.67,9.37

131103875,1
131103875,84866,1.08,0.72,9.38

131103890,1
131103890,84879,1.16,0.72,9.50

131103890,1
131103890,84892,1.12,0.72,9.57

131103906,1
131103906,84905,1.04,0.95,10.24

131103921,1
131103921,84918,0.75,1.85,9.88

131103937,1
131103937,84931,2.26,-1.02,8.51

131103953,1
131103953,84944,0.18,1.34,7.83

131103968,1
131103968,84957,1.11,0.76,9.57

131103968,1
131103968,84970,1.06,0.66,9.28

131103984,1
131103984,84983,1.13,0.55,9.39

131104000,1
131104000,84996,1.23,0.61,9.34

131104015,1
131104015,85009,1.13,0.54,9.40

131104031,1
131104031,85022,1.11,0.58,9.41

131104046,1
131104046,85035,1.15,0.61,9.38

131104046,1
131104046,85048,1.13,0.59,9.34

131104062,1
131104062,85061,1.16,0.57,9.38

131104078,1
131104078,85074,1.16,0.59,9.38

131104093,1
131104093,85087,1.15,0.61,9.35

131104109,1
131104109,85100,1.16,0.59,9.35

131104125,1
131104125,85113,-1.90,-0.85,4.75

131104125,1
131104125,85126,0.95,0.77,9.62

131104140,1
131104140,85139,1.20,0.82,10.41

131104156,1
131104156,85152,0.92,0.56,9.11

131104171,1
131104171,85165,1.06,0.70,9.54

131104187,1
131104187,85178,1.16,0.72,9.52

131104203,1
131104203,85191,1.05,0.65,9.47

131104203,1
131104203,85204,1.10,0.72,9.47

131104218,1
131104218,85217,1.18,0.78,9.57

131104234,1
131104234,85230,1.13,0.72,9.67

131104250,1
131104250,85243,1.42,0.77,10.35

131104265,1
131104265,85256,1.51,0.55,10.07

131104265,1
131104281,85269,0.62,0.44,7.17

131104281,1
131104281,85282,1.16,0.65,9.47

131104296,1
131104296,85295,1.11,0.61,9.22

131104312,1
131104312,85308,1.15,0.59,9.41

131104328,1
131104328,85321,1.17,0.59,9.35

131104343,1
131104343,85334,1.13,0.59,9.39

131104343,1
131104343,85347,1.15,0.59,9.37

131104359,1
131104359,85360,1.18,0.59,9.38

131104375,1
131104375,85373,1.18,0.61,9.36

131104390,1
131104390,85386,1.17,0.60,9.35

131104406,1
131104406,85399,1.17,0.59,9.38

131104421,1
131104421,85412,1.19,0.60,9.38

131104437,1
131104437,85425,1.17,0.58,9.39

131104437,1
131104437,85438,1.17,0.58,9.37

131104453,1
131104453,85451,1.14,0.58,9.37

131104468,1
131104468,85464,1.16,0.57,9.39

131104484,1
131104484,85477,2.82,2.22,19.61

131104500,1
131104500,85490,0.64,0.54,9.33

131104500,1
131104500,85503,1.22,0.83,9.96

131104515,1
131104515,85516,1.07,0.61,9.23

131104531,1
131104531,85529,1.04,0.66,9.28

131104546,1
131104546,85542,1.16,0.70,9.46

131104562,1
131104562,85555,1.14,0.63,9.50

131104578,1
131104578,85568,1.07,0.66,9.44

131104578,1
131104578,85581,1.19,0.78,9.58

131104593,1
131104593,85594,1.13,0.71,9.54

131104609,1
131104609,85607,1.43,0.92,10.31

131104625,1
131104625,85620,1.17,-0.00,10.16

131104640,1
131104640,85633,0.75,0.59,7.41

131104656,1
131104656,85646,1.17,0.68,9.36

131104656,1
131104671,85659,1.09,0.59,9.25

131104671,1
131104671,85672,1.17,0.60,9.40

131104687,1
131104687,85685,1.14,0.58,9.34

131104703,1
131104703,85698,1.12,0.57,9.38

131104718,1
131104718,85711,1.15,0.61,9.37

131104734,1
131104734,85724,1.15,0.59,9.33

131104734,1
131104734,85737,1.16,0.57,9.40

131104750,1
131104750,85750,1.16,0.59,9.36

131104765,1
131104765,85763,1.18,0.60,9.37

131104781,1
131104781,85776,1.14,0.60,9.35

131104796,1
131104796,85789,1.18,0.61,9.34

131104812,1
131104812,85802,1.15,0.61,9.33

131104812,1
131104828,85815,-2.90,-1.76,-3.89

131104828,1
131104828,85828,1.40,0.93,10.42

131104843,1
131104843,85841,1.06,0.73,10.20

131104859,1
131104859,85854,0.92,0.61,9.18

131104875,1
131104875,85867,1.03,0.71,9.52

131104890,1
131104890,85880,1.10,0.70,9.61

131104890,1
131104890,85893,1.01,0.62,9.46

131104906,1
131104906,85906,1.07,0.74,9.53

131104921,1
131104921,85919,1.13,0.79,9.70

131104937,1
131104937,85932,1.10,0.69,9.73

131104953,1
131104953,85945,1.40,0.76,10.09

131104968,1
131104968,85958,1.64,0.53,10.33

131104968,1
131104968,85971,0.62,0.48,7.40

131104984,1
131104984,85984,1.09,0.66,9.17

131105000,1
131105000,85997,1.11,0.63,9.27

131105015,1
131105015,86010,1.13,0.62,9.44

131105031,1
131105031,86023,1.19,0.61,9.33

131105046,1
131105046,86036,1.16,0.62,9.38

131105046,1
131105046,86049,1.13,0.59,9.42

131105062,1
131105062,86062,1.17,0.59,9.38

131105078,1
131105078,86075,1.15,0.62,9.38

131105093,1
131105093,86088,1.19,0.60,9.37

131105109,1
131105109,86101,1.16,0.60,9.36

131105125,1
131105125,86114,1.19,0.61,9.37

131105125,1
131105125,86127,1.16,0.60,9.38

131105140,1
131105140,86140,1.16,0.58,9.37

131105156,1
131105156,86153,1.15,0.58,9.38

131105171,1
131105171,86166,3.41,2.28,19.61

131105187,1
131105187,86179,0.60,0.50,9.21

131105203,1
131105203,86192,1.19,0.76,9.94

131105203,1
131105203,86205,1.08,0.58,9.30

131105218,1
131105218,86218,1.02,0.67,9.43

131105234,1
131105234,86231,1.19,0.71,9.48

131105250,1
131105250,86244,1.06,0.65,9.53

131105265,1
131105265,86257,1.12,0.70,9.85

131105281,1
131105281,86270,1.58,0.73,10.75

131105281,1
131105281,86283,1.07,0.54,8.98

131105296,1
131105296,86296,0.78,0.50,7.49

131105312,1
131105312,86309,1.19,0.66,9.60

131105328,1
131105328,86322,1.11,0.58,9.28

131105343,1
131105343,86335,1.15,0.56,9.33

131105359,1
131105359,86348,1.19,0.62,9.37

131105359,1
131105359,86361,1.14,0.61,9.39

131105375,1
131105375,86374,1.12,0.59,9.36

131105390,1
131105390,86387,1.16,0.60,9.40

131105406,1
131105406,86400,1.14,0.59,9.37

131105421,1
131105421,86413,1.16,0.58,9.38

131105437,1
131105437,86426,1.14,0.57,9.41

131105437,1
131105437,86439,1.16,0.60,9.40

131105453,1
131105453,86452,1.14,0.60,9.36

131105468,1
131105468,86465,1.18,0.59,9.34

131105484,1
131105484,86478,1.14,0.59,9.37

131105500,1
131105500,86491,1.15,0.59,9.38

131105515,1
131105515,86504,1.15,0.58,9.36

131105515,1
131105515,86517,0.92,1.57,5.84

131105531,1
131105531,86530,2.88,0.61,9.67

131105546,1
131105546,86543,1.51,0.62,9.66

131105562,1
131105562,86556,1.31,0.71,9.33

131105578,1
131105578,86569,1.15,0.65,9.32

131105593,1
131105593,86582,1.05,0.67,9.47

131105593,1
131105593,86595,1.12,0.74,9.60

131105609,1
131105609,86608,1.14,0.73,9.58

131105625,1
131105625,86621,1.14,0.69,9.44

131105640,1
131105640,86634,1.62,0.96,10.43

131105656,1
131105656,86647,1.25,1.10,10.09

131105671,1
131105671,86660,3.00,-1.58,8.52

131105671,1
131105671,86673,1.00,0.30,6.84

131105687,1
131105687,86686,0.36,1.22,10.03

131105703,1
131105703,86699,0.96,0.67,9.21

131105718,1
131105718,86712,1.07,0.62,9.42

131105734,1
131105734,86725,1.21,0.60,9.30

131105750,1
131105750,86738,1.18,0.58,9.36

131105750,1
131105750,86751,1.14,0.59,9.40

131105765,1
131105765,86764,1.15,0.63,9.38

131105781,1
131105781,86777,1.17,0.59,9.35

131105796,1
131105796,86790,1.20,0.57,9.36

131105812,1
131105812,86803,1.16,0.59,9.37

131105828,1
131105828,86816,1.17,0.59,9.39

131105828,1
131105828,86829,1.17,0.60,9.36

131105843,1
131105843,86842,1.18,0.56,9.36

131105859,1
131105859,86855,-2.52,-1.62,-3.59

131105875,1
131105875,86868,1.79,1.15,10.05

131105890,1
131105890,86881,1.26,0.64,10.10

131105906,1
131105906,86894,1.01,0.65,9.29

131105906,1
131105906,86907,1.19,0.72,9.64

131105921,1
131105921,86920,1.06,0.68,9.72

131105937,1
131105937,86933,1.04,0.65,9.42

131105953,1
131105953,86946,1.12,0.75,9.52

131105968,1
131105968,86959,1.15,0.80,9.77

131105984,1
131105984,86972,1.27,0.74,9.87

131105984,1
131105984,86985,1.53,0.79,10.33

131106000,1
131106000,86998,0.97,0.44,8.78

131106015,1
131106015,87011,0.82,0.52,7.99

131106031,1
131106031,87024,1.21,0.65,9.48

131106046,1
131106046,87037,1.12,0.61,9.32

131106046,1
131106062,87050,1.15,0.58,9.35

131106062,1
131106062,87063,1.16,0.61,9.35

131106078,1
131106078,87076,1.14,0.58,9.38

131106093,1
131106093,87089,1.13,0.58,9.39

131106109,1
131106109,87102,1.14,0.59,9.36

131106125,1
131106125,87115,1.15,0.60,9.37

131106125,1
131106125,87128,1.12,0.58,9.38

131106140,1
131106140,87141,1.15,0.60,9.36

131106156,1
131106156,87154,1.14,0.59,9.36

131106171,1
131106171,87167,1.15,0.58,9.36

131106187,1
131106187,87180,1.17,0.59,9.37

131106203,1
131106203,87193,1.14,0.59,9.38

131106218,1
131106218,87206,-1.55,-2.41,-4.82

131106218,1
131106218,87219,-2.48,0.98,7.75

131106234,1
131106234,87232,-2.21,0.13,10.23

131106250,1
131106250,87245,-4.09,0.51,9.26

131106265,1
131106265,87258,-0.22,1.05,9.93

131106281,1
131106281,87271,6.83,1.61,9.34

131106281,1
131106296,87284,4.01,1.70,9.30

131106296,1
131106296,87297,-8.44,1.13,9.88

131106312,1
131106312,87310,10.86,2.06,8.85

131106328,1
131106328,87323,1.88,0.67,8.85

131106343,1
131106343,87336,1.31,0.65,10.31

131106359,1
131106359,87349,0.71,1.06,9.40

131106375,1
131106375,87362,1.90,1.20,8.85

131106375,1
131106375,87375,2.46,1.36,9.30

131106390,1
131106390,87388,2.39,1.35,9.15

131106406,1
131106406,87401,4.19,1.97,7.96

131106421,1
131106421,87414,3.34,1.16,6.63

131106437,1
131106437,87427,-1.73,0.70,10.73

131106437,1
131106453,87440,0.34,0.65,11.08

131106453,1
131106453,87453,0.87,0.96,9.77

131106468,1
131106468,87466,1.30,1.30,7.72

131106484,1
131106484,87479,1.23,0.92,9.86

131106500,1
131106500,87492,1.25,0.96,9.72

131106515,1
131106515,87505,1.29,1.12,8.82

131106515,1
131106515,87518,1.18,1.07,9.29

131106531,1
131106531,87531,1.24,1.00,9.50

131106546,1
131106546,87544,1.23,1.02,9.32

131106562,1
131106562,87557,1.25,1.06,9.25

131106578,1
131106578,87570,1.23,1.01,9.38

131106593,1
131106593,87583,1.24,1.03,9.39

131106593,1
131106593,87596,1.20,1.03,9.31

131106609,1
131106609,87609,1.22,1.02,9.31

131106625,1
131106625,87622,1.22,1.03,9.36

131106640,1
131106640,87635,1.23,1.04,9.31

131106656,1
131106656,87648,1.24,1.04,9.28

131106671,1
131106671,87661,1.23,1.02,9.31

131106671,1
131106671,87674,1.25,1.03,9.28

131106687,1
131106687,87687,1.23,1.02,9.31

131106703,1
131106703,87700,1.24,1.03,9.35

131106718,1
131106718,87713,1.22,1.03,9.35

131106734,1
131106734,87726,1.23,1.02,9.36

131106750,1
131106750,87739,1.21,1.04,9.32

131106750,1
131106750,87752,1.22,1.03,9.32

131106765,1
131106765,87765,1.23,1.00,9.33

131106781,1
131106781,87778,1.22,1.00,9.31

131106796,1
131106796,87791,1.23,1.04,9.32

131106812,1
131106812,87804,1.24,1.02,9.34

131106828,1
131106828,87817,1.25,1.02,9.31

131106828,1
131106828,87830,1.23,1.03,9.29

131106843,1
131106843,87843,1.22,1.03,9.33

131106859,1
131106859,87856,1.22,1.04,9.36

131106875,1
131106875,87869,1.24,1.02,9.34

131106890,1
131106890,87882,1.23,1.04,9.35

131106906,1
131106906,87895,1.22,1.03,9.34

131106906,1
131106906,87908,1.26,1.04,9.36

131106921,1
131106921,87921,1.22,1.02,9.32

131106937,1
131106937,87934,1.24,1.03,9.36

131106953,1
131106953,87947,1.95,2.56,-4.78

131106968,1
131106968,87960,1.33,0.42,12.30

131106984,1
131106984,87973,0.81,0.52,10.35

131106984,1
131106984,87986,1.14,0.75,9.40

131107000,1
131107000,87999,0.97,0.73,9.48

131107015,1
131107015,88012,0.92,0.70,9.53

131107031,1
131107031,88025,1.11,0.75,9.40

131107046,1
131107046,88038,1.00,0.73,9.56

131107062,1
131107062,88051,1.09,0.73,9.77

131107062,1
131107062,88064,1.27,0.74,10.17

131107078,1
131107078,88077,0.99,0.91,8.80

131107093,1
131107093,88090,1.30,1.11,8.09

131107109,1
131107109,88103,1.25,1.06,9.04

131107125,1
131107125,88116,1.19,0.91,9.78

131107140,1
131107140,88129,1.23,0.95,9.28

131107140,1
131107140,88142,1.21,1.03,9.05

131107156,1
131107156,88155,1.18,0.95,9.54

131107171,1
131107171,88168,1.22,0.99,9.33

131107187,1
131107187,88181,1.23,0.98,9.26

131107203,1
131107203,88194,1.22,0.94,9.41

131107218,1
131107218,88207,1.23,0.98,9.34

131107218,1
131107218,88220,1.21,0.98,9.26

131107234,1
131107234,88233,1.25,0.96,9.35

131107250,1
131107250,88246,1.22,0.99,9.27

131107265,1
131107265,88259,1.22,1.00,9.31

131107281,1
131107281,88272,1.22,0.98,9.33

131107296,1
131107296,88285,1.48,0.64,13.24

131107296,1
131107296,88298,0.97,0.67,9.72

131107312,1
131107312,88311,0.95,0.67,9.86

131107328,1
131107328,88324,1.16,0.73,9.13

131107343,1
131107343,88337,0.89,0.75,9.55

131107359,1
131107359,88350,1.08,0.73,9.58

131107375,1
131107375,88363,1.09,0.71,9.54

131107375,1
131107375,88376,0.26,0.49,8.61

131107390,1
131107390,88389,1.07,0.91,10.03

131107406,1
131107406,88402,1.25,0.69,9.85

131107421,1
131107421,88415,1.77,0.72,9.91

131107437,1
131107437,88428,0.90,1.00,8.07

131107453,1
131107453,88441,1.17,1.09,8.37

131107453,1
131107453,88454,1.13,0.91,9.40

131107468,1
131107468,88467,1.27,0.86,9.70

131107484,1
131107484,88480,1.23,0.98,9.15

131107500,1
131107500,88493,1.23,0.96,9.27

131107515,1
131107515,88506,1.19,0.95,9.44

131107515,1
131107531,88519,1.22,0.98,9.28

131107531,1
131107531,88532,1.24,0.94,9.28

131107546,1
131107546,88545,1.22,0.93,9.37

131107562,1
131107562,88558,1.22,0.98,9.28

131107578,1
131107578,88571,1.20,0.95,9.33

131107593,1
131107593,88584,1.24,0.96,9.35

131107609,1
131107609,88597,1.22,0.96,9.31

131107609,1
131107609,88610,1.04,0.12,16.08

131107625,1
131107625,88623,0.87,0.62,10.20

131107640,1
131107640,88636,0.93,0.65,9.71

131107656,1
131107656,88649,1.14,0.71,9.25

131107671,1
131107671,88662,0.87,0.73,9.67

131107687,1
131107687,88675,1.08,0.74,9.50

131107687,1
131107687,88688,1.04,0.72,9.40

131107703,1
131107703,88701,0.99,0.73,9.70

131107718,1
131107718,88714,1.11,0.76,9.54

131107734,1
131107734,88727,1.06,0.77,9.41

131107750,1
131107750,88740,1.24,0.77,9.90

131107750,1
131107765,88753,1.13,0.67,9.99

131107765,1
131107765,88766,1.06,1.04,8.40

131107781,1
131107781,88779,1.24,1.08,8.42

131107796,1
131107796,88792,1.21,0.93,9.45

131107812,1
131107812,88805,1.22,0.89,9.57

131107828,1
131107828,88818,1.24,0.99,9.14

131107828,1
131107828,88831,1.18,0.95,9.36

131107843,1
131107843,88844,1.19,0.93,9.43

131107859,1
131107859,88857,1.22,0.95,9.28

131107875,1
131107875,88870,1.23,0.93,9.33

131107890,1
131107890,88883,1.22,0.94,9.38

131107906,1
131107906,88896,1.22,0.95,9.29

131107906,1
131107921,88909,1.23,0.94,9.35

131107921,1
131107921,88922,1.22,0.94,9.36

131107937,1
131107937,88935,1.23,0.95,9.31

131107953,1
131107953,88948,1.22,0.93,9.34

131107968,1
131107968,88961,1.22,0.94,9.35

131107984,1
131107984,88974,1.23,0.94,9.32

131107984,1
131108000,88987,1.75,0.96,3.09

131108000,1
131108000,89000,1.14,0.37,11.95

131108015,1
131108015,89013,0.78,0.55,10.42

131108031,1
131108031,89026,1.14,0.78,9.47

131108046,1
131108046,89039,1.03,0.72,9.41

131108062,1
131108062,89052,0.99,0.70,9.54

131108062,1
131108062,89065,1.12,0.76,9.36

131108078,1
131108078,89078,1.05,0.71,9.49

131108093,1
131108093,89091,1.04,0.72,9.51

131108109,1
131108109,89104,1.07,0.72,9.51

131108125,1
131108125,89117,1.20,0.69,9.93

131108140,1
131108140,89130,1.22,0.62,10.31

131108140,1
131108156,89143,1.04,0.96,8.32

131108156,1
131108156,89156,1.24,1.09,8.28

131108171,1
131108171,89169,1.11,0.85,9.43

131108187,1
131108187,89182,1.22,0.86,9.55

131108203,1
131108203,89195,1.26,0.99,9.15

131108218,1
131108218,89208,1.19,0.96,9.25

131108234,1
131108234,89221,1.20,0.91,9.45

131108234,1
131108234,89234,1.23,0.97,9.31

131108250,1
131108250,89247,1.19,0.94,9.30

131108265,1
131108265,89260,1.22,0.93,9.40

131108281,1
131108281,89273,1.19,0.96,9.30

131108296,1
131108296,89286,1.20,0.94,9.34

131108296,1
131108296,89299,1.24,0.94,9.33

131108312,1
131108312,89312,1.21,0.95,9.31

131108328,1
131108328,89325,1.22,0.96,9.33

131108343,1
131108343,89338,1.21,0.93,9.37

131108359,1
131108359,89351,1.22,0.96,9.35

131108375,1
131108375,89364,0.20,1.15,5.62

131108375,1
131108375,89377,0.99,0.71,9.64

131108390,1
131108390,89390,0.96,0.62,10.02

131108406,1
131108406,89403,1.15,0.70,9.12

131108421,1
131108421,89416,0.96,0.76,9.54

131108437,1
131108437,89429,1.07,0.71,9.51

131108453,1
131108453,89442,1.08,0.72,9.33

131108453,1
131108453,89455,1.02,0.73,9.53

131108468,1
131108468,89468,1.14,0.79,9.52

131108484,1
131108484,89481,1.06,0.70,9.57

131108500,1
131108500,89494,1.25,0.71,9.86

131108515,1
131108515,89507,1.27,0.71,10.04

131108531,1
131108531,89520,1.05,1.01,8.18

131108531,1
131108531,89533,1.20,1.04,8.71

131108546,1
131108546,89546,1.21,0.90,9.51

131108562,1
131108562,89559,1.21,0.89,9.44

131108578,1
131108578,89572,1.24,0.95,9.11

131108593,1
131108593,89585,1.24,0.93,9.42

131108609,1
131108609,89598,1.19,0.94,9.41

131108609,1
131108609,89611,1.23,0.95,9.23

131108625,1
131108625,89624,1.25,0.92,9.37

131108640,1
131108640,89637,1.22,0.92,9.37

131108656,1
131108656,89650,1.22,0.94,9.28

131108671,1
131108671,89663,1.25,0.91,9.36

131108687,1
131108687,89676,1.26,0.92,9.32

131108687,1
131108687,89689,1.22,0.91,9.31

131108703,1
131108703,89702,1.23,0.91,9.33

131108718,1
131108718,89715,0.23,1.81,-1.73

131108734,1
131108734,89728,1.10,0.70,9.72

131108750,1
131108750,89741,0.96,0.51,10.02

131108765,1
131108765,89754,1.15,0.70,9.13

131108765,1
131108765,89767,0.95,0.76,9.52

131108781,1
131108781,89780,0.99,0.67,9.53

131108796,1
131108796,89793,1.07,0.70,9.38

131108812,1
131108812,89806,0.98,0.72,9.45

131108828,1
131108828,89819,1.11,0.75,9.64

131108843,1
131108843,89832,1.07,0.72,9.52

131108843,1
131108843,89845,1.17,0.72,9.62

131108859,1
131108859,89858,1.33,0.86,9.74

131108875,1
131108875,89871,0.80,0.53,9.71

131108890,1
131108890,89884,1.08,0.89,9.04

131108906,1
131108906,89897,1.26,1.05,8.39

131108921,1
131108921,89910,1.22,0.91,9.21

131108921,1
131108921,89923,1.19,0.86,9.60

131108937,1
131108937,89936,1.25,0.93,9.25

131108953,1
131108953,89949,1.19,0.95,9.27

131108968,1
131108968,89962,1.18,0.91,9.44

131108984,1
131108984,89975,1.24,0.95,9.29

131108984,1
131108984,89988,1.23,0.95,9.34

131109000,1
131109000,90001,1.21,0.91,9.38

131109015,1
131109015,90014,1.21,0.92,9.30

131109031,1
131109031,90027,1.23,0.93,9.31

131109046,1
131109046,90040,1.22,0.91,9.35

131109062,1
131109062,90053,1.24,0.93,9.32

131109078,1
131109078,90066,1.31,1.17,8.71

131109078,1
131109078,90079,0.78,0.23,10.91

131109093,1
131109093,90092,0.74,0.65,10.13

131109109,1
131109109,90105,1.10,0.74,9.41

131109125,1
131109125,90118,1.08,0.69,9.33

131109140,1
131109140,90131,0.89,0.71,9.57

131109156,1
131109156,90144,1.17,0.77,9.35

131109156,1
131109156,90157,1.09,0.70,9.38

131109171,1
131109171,90170,1.03,0.71,9.71

131109187,1
131109187,90183,1.20,0.74,9.86

131109203,1
131109203,90196,1.32,0.64,10.31

131109218,1
131109218,90209,1.02,0.96,8.33

131109234,1
131109234,90222,1.26,1.09,8.27

131109234,1
131109234,90235,1.18,0.90,9.53

131109250,1
131109250,90248,1.16,0.85,9.51

131109265,1
131109265,90261,1.27,0.96,9.14

131109281,1
131109281,90274,1.20,0.92,9.37

131109296,1
131109296,90287,1.19,0.90,9.45

131109296,1
131109312,90300,1.24,0.92,9.33

131109312,1
131109312,90313,1.22,0.90,9.37

131109328,1
131109328,90326,1.20,0.94,9.37

131109343,1
131109343,90339,1.21,0.92,9.29

131109359,1
131109359,90352,1.23,0.93,9.34

131109375,1
131109375,90365,1.21,0.92,9.34

131109390,1
131109390,90378,1.25,0.91,9.33

131109390,1
131109390,90391,1.22,0.92,9.34

131109406,1
131109406,90404,1.23,0.93,9.32

131109421,1
131109421,90417,1.29,1.08,9.14

131109437,1
131109437,90430,0.73,0.18,12.15

131109453,1
131109453,90443,0.68,0.55,10.52

131109468,1
131109468,90456,1.10,0.78,9.48

131109468,1
131109468,90469,1.09,0.66,9.31

131109484,1
131109484,90482,0.90,0.66,9.62

131109500,1
131109500,90495,1.15,0.78,9.38

131109515,1
131109515,90508,1.08,0.70,9.46

131109531,1
131109531,90521,1.03,0.70,9.60

131109531,1
131109531,90534,1.31,0.74,9.81

131109546,1
131109546,90547,1.54,0.55,10.30

131109562,1
131109562,90560,0.86,0.84,8.85

131109578,1
131109578,90573,1.21,1.03,8.32

131109593,1
131109593,90586,1.22,0.98,9.09

131109609,1
131109609,90599,1.16,0.82,9.59

131109609,1
131109609,90612,1.27,0.91,9.28

131109625,1
131109625,90625,1.24,0.96,9.19

131109640,1
131109640,90638,1.14,0.89,9.45

131109656,1
131109656,90651,1.20,0.91,9.32

131109671,1
131109671,90664,1.21,0.92,9.29

131109687,1
131109687,90677,1.22,0.92,9.37

131109687,1
131109703,90690,1.19,0.93,9.31

131109703,1
131109703,90703,1.21,0.93,9.32

131109718,1
131109718,90716,1.20,0.93,9.34

131109734,1
131109734,90729,2.32,1.97,-1.52

131109750,1
131109750,90742,1.35,0.54,11.63

131109765,1
131109765,90755,0.92,0.51,10.23

131109765,1
131109765,90768,1.19,0.76,9.31

131109781,1
131109781,90781,1.04,0.70,9.51

131109796,1
131109796,90794,0.99,0.65,9.49

131109812,1
131109812,90807,1.12,0.73,9.29

131109828,1
131109828,90820,1.07,0.75,9.45

131109843,1
131109843,90833,1.05,0.72,9.56

131109843,1
131109843,90846,1.10,0.74,9.51

131109859,1
131109859,90859,1.28,0.78,9.75

131109875,1
131109875,90872,0.76,0.41,9.80

131109890,1
131109890,90885,1.11,0.92,8.81

131109906,1
131109906,90898,1.28,1.06,8.41

131109921,1
131109921,90911,1.21,0.91,9.29

131109921,1
131109921,90924,1.19,0.85,9.52

131109937,1
131109937,90937,1.23,0.93,9.25

131109953,1
131109953,90950,1.19,0.94,9.30

131109968,1
131109968,90963,1.19,0.90,9.45

131109984,1
131109984,90976,1.25,0.93,9.30

131110000,1
131110000,90989,1.22,0.90,9.32

131110000,1
131110000,91002,1.21,0.91,9.38

131110015,1
131110015,91015,1.20,0.91,9.30

131110031,1
131110031,91028,1.22,0.92,9.35

131110046,1
131110046,91041,1.20,0.90,9.34

131110062,1
131110062,91054,1.21,0.91,9.32

131110078,1
131110078,91067,1.67,1.98,6.90

131110078,1
131110078,91080,0.79,0.24,10.32

131110093,1
131110093,91093,0.84,0.67,10.08

131110109,1
131110109,91106,1.13,0.72,9.33

131110125,1
131110125,91119,1.06,0.68,9.35

131110140,1
131110140,91132,0.98,0.64,9.79

131110156,1
131110156,91145,1.31,0.65,10.11

131110156,1
131110156,91158,1.00,0.84,9.07

131110171,1
131110171,91171,1.24,1.03,8.52

131110187,1
131110187,91184,1.27,0.96,9.12

131110203,1
131110203,91197,1.15,0.85,9.51

131110218,1
131110218,91210,1.26,0.89,9.37

131110234,1
131110234,91223,1.22,0.94,9.15

131110234,1
131110234,91236,1.20,0.89,9.45

131110250,1
131110250,91249,1.21,0.89,9.30

131110265,1
131110265,91262,1.24,0.91,9.32

131110281,1
131110281,91275,1.19,0.92,9.38

131110296,1
131110296,91288,1.22,0.91,9.33

131110312,1
131110312,91301,1.19,0.92,9.32

131110312,1
131110312,91314,1.22,0.93,9.37

131110328,1
131110328,91327,1.21,0.91,9.31

131110343,1
131110343,91340,1.21,0.92,9.32

131110359,1
131110359,91353,1.20,0.92,9.33

131110375,1
131110375,91366,1.22,0.93,9.33

131110390,1
131110390,91379,1.21,0.92,9.33

131110390,1
131110406,91392,1.20,0.91,9.33

131110406,1
131110406,91405,1.21,0.94,9.36

131110421,1
131110421,91418,1.21,0.93,9.37

131110437,1
131110437,91431,1.21,0.92,9.34

131110453,1
131110453,91444,1.21,0.93,9.35

131110468,1
131110468,91457,1.22,0.91,9.33

131110468,1
131110468,91470,1.22,0.93,9.30

131110484,1
131110484,91483,1.28,0.80,9.14

131110500,1
131110500,91496,1.53,0.59,9.51

131110515,1
131110515,91509,2.03,1.43,9.87

131110531,1
131110531,91522,0.41,0.93,9.06

131110546,1
131110546,91535,0.86,1.02,9.33

131110546,1
131110546,91548,4.70,0.56,9.77

131110562,1
131110562,91561,7.55,-1.10,8.81

131110578,1
131110578,91574,-6.96,4.19,9.69

131110593,1
131110593,91587,0.56,1.80,8.40

131110609,1
131110609,91600,0.39,1.12,9.08

131110625,1
131110625,91613,1.40,1.58,9.55

131110625,1
131110625,91626,1.91,0.69,9.64

131110640,1
131110640,91639,3.36,1.31,9.38

131110656,1
131110656,91652,3.21,1.73,10.21

131110671,1
131110671,91665,1.63,2.63,9.16

131110687,1
131110687,91678,1.35,2.62,9.53

131110703,1
131110703,91691,2.17,2.03,9.39

131110703,1
131110703,91704,2.01,-0.44,8.67

131110718,1
131110718,91717,2.46,-1.13,7.92

131110734,1
131110734,91730,1.92,-1.40,9.63

131110750,1
131110750,91743,1.01,0.09,9.02

131110765,1
131110765,91756,0.62,-0.65,7.76

131110781,1
131110781,91769,0.70,1.38,8.57

131110781,1
131110781,91782,-0.20,1.70,9.13

131110796,1
131110796,91795,-0.74,3.18,10.55

131110812,1
131110812,91808,-0.65,2.31,10.71

131110828,1
131110828,91821,0.37,0.35,9.31

131110843,1
131110843,91834,0.72,0.52,9.59

131110843,1
131110843,91847,1.54,1.23,9.32

131110859,1
131110859,91860,1.14,1.55,9.23

131110875,1
131110875,91873,1.38,3.02,9.16

131110890,1
131110890,91886,2.89,5.92,9.66

131110906,1
131110906,91899,0.69,1.15,10.58

131110921,1
131110921,91912,-0.54,0.06,7.37

131110937,1
131110937,91925,1.46,-2.31,10.16

131110937,1
131110937,91938,5.10,-1.80,9.99

131110953,1
131110953,91951,2.21,0.96,8.59

131110968,1
131110968,91964,1.56,1.52,9.87

131110984,1
131110984,91977,1.51,0.59,9.11

131111000,1
131111000,91990,1.36,0.63,9.44

131111000,1
131111015,92003,1.35,0.62,9.38

131111015,1
131111015,92016,1.36,0.66,9.32

131111031,1
131111031,92029,1.37,0.63,9.37

131111046,1
131111046,92042,1.35,0.61,9.33

131111062,1
131111062,92055,1.37,0.62,9.32

131111078,1
131111078,92068,1.34,0.65,9.33

131111078,1
131111093,92081,1.37,0.63,9.33

131111093,1
131111093,92094,1.36,0.64,9.33

131111109,1
131111109,92107,1.35,0.65,9.33

131111125,1
131111125,92120,1.36,0.63,9.34

131111140,1
131111140,92133,1.36,0.62,9.37

131111156,1
131111156,92146,1.37,0.63,9.33

131111171,1
131111171,92159,1.35,0.62,9.37

131111171,1
131111171,92172,1.38,0.63,9.33

131111187,1
131111187,92185,1.37,0.64,9.32

131111203,1
131111203,92198,1.37,0.64,9.34

131111218,1
131111218,92211,1.36,0.63,9.35

131111234,1
131111234,92224,1.37,0.61,9.34

131111234,1
131111250,92237,1.37,0.62,9.35

131111250,1
131111250,92250,1.72,1.22,8.51

131111265,1
131111265,92263,1.88,-0.15,15.31

131111281,1
131111281,92276,0.95,0.46,9.95

131111296,1
131111296,92289,1.00,0.73,9.69

131111312,1
131111312,92302,1.36,0.63,9.40

131111312,1
131111312,92315,1.28,0.73,9.39

131111328,1
131111328,92328,1.29,0.70,9.28

131111343,1
131111343,92341,1.20,0.66,9.46

131111359,1
131111359,92354,1.23,0.74,9.50

131111375,1
131111375,92367,1.28,0.68,9.37

131111390,1
131111390,92380,1.34,0.64,9.44

131111390,1
131111390,92393,1.48,0.65,9.97

131111406,1
131111406,92406,1.37,0.53,9.65

131111421,1
131111421,92419,1.18,0.67,8.21

131111437,1
131111437,92432,1.38,0.69,9.30

131111453,1
131111453,92445,1.32,0.65,9.32

131111468,1
131111468,92458,1.32,0.59,9.35

131111468,1
131111468,92471,1.33,0.63,9.36

131111484,1
131111484,92484,1.33,0.63,9.33

131111500,1
131111500,92497,1.34,0.64,9.36

131111515,1
131111515,92510,1.32,0.62,9.35

131111531,1
131111531,92523,1.33,0.62,9.40

131111546,1
131111546,92536,1.32,0.64,9.37

131111546,1
131111546,92549,1.32,0.63,9.36

131111562,1
131111562,92562,1.31,0.62,9.34

131111578,1
131111578,92575,1.31,0.62,9.34

131111593,1
131111593,92588,1.33,0.64,9.36

131111609,1
131111609,92601,1.33,0.61,9.34

131111625,1
131111625,92614,1.34,0.64,9.34

131111625,1
131111625,92627,-1.43,-0.79,3.13

131111640,1
131111640,92640,1.59,0.72,10.74

131111656,1
131111656,92653,1.23,0.61,10.02

131111671,1
131111671,92666,1.10,0.62,9.17

131111687,1
131111687,92679,1.27,0.66,9.61

131111703,1
131111703,92692,1.28,0.67,9.54

131111703,1
131111703,92705,1.19,0.60,9.37

131111718,1
131111718,92718,1.20,0.69,9.50

131111734,1
131111734,92731,1.32,0.74,9.61

131111750,1
131111750,92744,1.28,0.65,9.56

131111765,1
131111765,92757,1.47,0.52,9.79

131111781,1
131111781,92770,1.59,1.07,10.35

131111781,1
131111781,92783,0.88,0.42,7.74

131111796,1
131111796,92796,1.30,0.66,9.19

131111812,1
131111812,92809,1.30,0.64,9.21

131111828,1
131111828,92822,1.30,0.62,9.36

131111843,1
131111843,92835,1.31,0.62,9.31

131111859,1
131111859,92848,1.33,0.63,9.34

131111859,1
131111859,92861,1.30,0.63,9.38

131111875,1
131111875,92874,1.30,0.61,9.36

131111890,1
131111890,92887,1.31,0.63,9.36

131111906,1
131111906,92900,1.31,0.65,9.34

131111921,1
131111921,92913,1.31,0.62,9.35

131111937,1
131111937,92926,1.31,0.61,9.32

131111937,1
131111937,92939,1.33,0.64,9.32

131111953,1
131111953,92952,1.32,0.62,9.33

131111968,1
131111968,92965,1.34,0.63,9.35

131111984,1
131111984,92978,-0.02,1.15,1.62

131112000,1
131112000,92991,2.14,0.62,10.30

131112015,1
131112015,93004,1.35,0.58,10.05

131112015,1
131112015,93017,1.27,0.70,9.42

131112031,1
131112031,93030,1.24,0.74,9.65

131112046,1
131112046,93043,1.17,0.65,9.46

131112062,1
131112062,93056,1.22,0.67,9.36

131112078,1
131112078,93069,1.21,0.70,9.44

131112093,1
131112093,93082,1.28,0.69,9.40

131112093,1
131112093,93095,1.22,0.71,9.45

131112109,1
131112109,93108,1.29,0.67,9.52

131112125,1
131112125,93121,1.42,0.65,9.91

131112140,1
131112140,93134,1.70,0.61,10.17

131112156,1
131112156,93147,0.90,0.56,7.78

131112171,1
131112171,93160,1.25,0.65,9.29

131112171,1
131112171,93173,1.30,0.60,9.26

131112187,1
131112187,93186,1.31,0.61,9.39

131112203,1
131112203,93199,1.31,0.63,9.36

131112218,1
131112218,93212,1.30,0.59,9.38

131112234,1
131112234,93225,1.32,0.59,9.38

131112250,1
131112250,93238,1.30,0.62,9.37

131112250,1
131112250,93251,1.30,0.60,9.35

131112265,1
131112265,93264,1.33,0.61,9.36

131112281,1
131112281,93277,1.32,0.61,9.36

131112296,1
131112296,93290,1.32,0.60,9.36

131112312,1
131112312,93303,1.30,0.60,9.38

131112328,1
131112328,93316,1.31,0.63,9.31

131112328,1
131112328,93329,1.30,0.62,9.33

131112343,1
131112343,93342,3.45,0.69,15.05

131112359,1
131112359,93355,1.14,0.52,9.44

131112375,1
131112375,93368,1.33,0.77,9.80

131112390,1
131112390,93381,1.20,0.61,9.41

131112406,1
131112406,93394,1.19,0.66,9.39

131112406,1
131112406,93407,1.29,0.70,9.50

131112421,1
131112421,93420,1.15,0.66,9.47

131112437,1
131112437,93433,1.19,0.70,9.57

131112453,1
131112453,93446,1.28,0.73,9.70

131112468,1
131112468,93459,1.57,0.65,10.31

131112468,1
131112484,93472,1.36,0.48,9.23

131112484,1
131112484,93485,0.93,0.70,7.89

131112500,1
131112500,93498,1.28,0.67,9.33

131112515,1
131112515,93511,1.27,0.64,9.35

131112531,1
131112531,93524,1.31,0.62,9.33

131112546,1
131112546,93537,1.30,0.68,9.33

131112562,1
131112562,93550,1.30,0.64,9.35

131112562,1
131112562,93563,1.26,0.61,9.37

131112578,1
131112578,93576,1.29,0.60,9.37

131112593,1
131112593,93589,1.29,0.61,9.38

131112609,1
131112609,93602,1.29,0.63,9.38

131112625,1
131112625,93615,1.31,0.63,9.36

131112640,1
131112640,93628,1.31,0.61,9.33

131112640,1
131112640,93641,1.34,0.62,9.31

131112656,1
131112656,93654,1.32,0.62,9.31

131112671,1
131112671,93667,1.30,0.63,9.33

131112687,1
131112687,93680,1.29,0.62,9.36

131112703,1
131112703,93693,1.29,0.63,9.36

131112718,1
131112718,93706,4.62,0.56,17.19

131112718,1
131112718,93719,1.12,0.36,9.23

131112734,1
131112734,93732,1.44,0.80,9.93

131112750,1
131112750,93745,1.20,0.59,9.43

131112765,1
131112765,93758,1.16,0.67,9.27

131112781,1
131112781,93771,1.30,0.73,9.47

131112781,1
131112796,93784,1.20,0.67,9.46

131112796,1
131112796,93797,1.18,0.73,9.44

131112812,1
131112812,93810,1.30,0.74,9.62

131112828,1
131112828,93823,1.39,0.73,9.85

131112843,1
131112843,93836,1.70,0.49,10.34

131112859,1
131112859,93849,1.01,0.56,8.22

131112859,1
131112875,93862,1.02,0.77,8.61

131112875,1
131112875,93875,1.27,0.61,9.26

131112890,1
131112890,93888,1.30,0.63,9.42

131112906,1
131112906,93901,1.29,0.60,9.33

131112921,1
131112921,93914,1.30,0.61,9.32

131112937,1
131112937,93927,1.30,0.61,9.33

131112937,1
131112937,93940,1.30,0.65,9.35

131112953,1
131112953,93953,1.29,0.58,9.34

131112968,1
131112968,93966,1.33,0.60,9.38

131112984,1
131112984,93979,1.28,0.63,9.36

131113000,1
131113000,93992,1.30,0.63,9.37

131113015,1
131113015,94005,1.30,0.60,9.34

131113015,1
131113015,94018,1.28,0.63,9.34

131113031,1
131113031,94031,1.29,0.61,9.32

131113046,1
131113046,94044,1.30,0.61,9.34

131113062,1
131113062,94057,4.24,0.76,17.27

131113078,1
131113078,94070,1.04,0.40,9.31

131113093,1
131113093,94083,1.43,0.81,10.11

131113093,1
131113093,94096,1.16,0.57,9.23

131113109,1
131113109,94109,1.15,0.67,9.18

131113125,1
131113125,94122,1.31,0.74,9.44

131113140,1
131113140,94135,1.23,0.67,9.51

131113156,1
131113156,94148,1.16,0.71,9.45

131113171,1
131113171,94161,1.29,0.77,9.61

131113171,1
131113171,94174,1.29,0.72,9.58

131113187,1
131113187,94187,1.55,0.75,9.98

131113203,1
131113203,94200,1.55,0.25,9.98

131113218,1
131113218,94213,0.79,0.69,7.70

131113234,1
131113234,94226,1.22,0.71,9.36

131113250,1
131113250,94239,1.26,0.64,9.29

131113250,1
131113250,94252,1.28,0.61,9.36

131113265,1
131113265,94265,1.30,0.63,9.36

131113281,1
131113281,94278,1.28,0.61,9.37

131113296,1
131113296,94291,1.29,0.61,9.36

131113312,1
131113312,94304,1.31,0.61,9.32

131113328,1
131113328,94317,1.32,0.62,9.34

131113328,1
131113328,94330,1.30,0.63,9.35

131113343,1
131113343,94343,1.31,0.63,9.36

131113359,1
131113359,94356,1.31,0.61,9.38

131113375,1
131113375,94369,1.29,0.61,9.37

131113390,1
131113390,94382,1.28,0.63,9.37

131113406,1
131113406,94395,1.29,0.59,9.36

131113421,1
131113421,94408,-2.44,-1.22,0.93

131113421,1
131113421,94421,1.57,0.80,10.52

131113437,1
131113437,94434,1.21,0.70,10.03

131113453,1
131113453,94447,1.05,0.61,9.34

131113468,1
131113468,94460,1.21,0.72,9.48

131113484,1
131113484,94473,1.22,0.73,9.35

131113484,1
131113484,94486,1.16,0.65,9.45

131113500,1
131113500,94499,1.25,0.74,9.55

131113515,1
131113515,94512,1.25,0.74,9.59

131113531,1
131113531,94525,1.23,0.73,9.73

131113546,1
131113546,94538,1.44,0.72,9.86

131113562,1
131113562,94551,1.79,0.60,10.43

131113562,1
131113562,94564,0.76,0.50,7.64

131113578,1
131113578,94577,1.21,0.62,8.99

131113593,1
131113593,94590,1.28,0.63,9.22

131113609,1
131113609,94603,1.27,0.61,9.37

131113625,1
131113625,94616,1.30,0.61,9.33

131113640,1
131113640,94629,1.27,0.62,9.36

131113640,1
131113640,94642,1.29,0.61,9.37

131113656,1
131113656,94655,1.31,0.60,9.35

131113671,1
131113671,94668,1.30,0.61,9.37

131113687,1
131113687,94681,1.28,0.61,9.36

131113703,1
131113703,94694,1.30,0.60,9.36

131113718,1
131113718,94707,1.32,0.62,9.33

131113718,1
131113718,94720,1.28,0.62,9.34

131113734,1
131113734,94733,1.32,0.62,9.34

131113750,1
131113750,94746,1.28,0.60,9.34

131113765,1
131113765,94759,1.59,1.14,8.74

131113781,1
131113781,94772,3.51,1.75,14.80

131113796,1
131113796,94785,1.54,0.62,9.68

131113796,1
131113796,94798,1.38,0.79,9.57

131113812,1
131113812,94811,1.32,0.68,9.47

131113828,1
131113828,94824,1.17,0.66,9.37

131113843,1
131113843,94837,1.21,0.70,9.33

131113859,1
131113859,94850,1.26,0.71,9.54

131113875,1
131113875,94863,1.20,0.72,9.62

131113875,1
131113875,94876,1.32,0.77,9.72

131113890,1
131113890,94889,1.62,0.79,10.19

131113906,1
131113906,94902,1.34,0.21,9.87

131113921,1
131113921,94915,0.91,0.81,7.66

131113937,1
131113937,94928,1.30,0.72,9.34

131113953,1
131113953,94941,1.24,0.64,9.30

131113953,1
131113953,94954,1.27,0.62,9.36

131113968,1
131113968,94967,1.31,0.65,9.33

131113984,1
131113984,94980,1.27,0.62,9.37

131114000,1
131114000,94993,1.27,0.63,9.36

131114015,1
131114015,95006,1.28,0.64,9.36

131114031,1
131114031,95019,1.28,0.62,9.36

131114031,1
131114031,95032,1.30,0.62,9.36

131114046,1
131114046,95045,1.32,0.61,9.38

131114062,1
131114062,95058,1.29,0.62,9.35

131114078,1
131114078,95071,1.27,0.60,9.33

131114093,1
131114093,95084,1.30,0.61,9.33

131114109,1
131114109,95097,-2.91,-1.51,-1.93

131114109,1
131114109,95110,1.69,0.96,10.31

131114125,1
131114125,95123,1.25,0.72,10.17

131114140,1
131114140,95136,1.05,0.62,9.13

131114156,1
131114156,95149,1.22,0.74,9.54

131114171,1
131114171,95162,1.24,0.72,9.58

131114187,1
131114187,95175,1.12,0.65,9.43

131114187,1
131114187,95188,1.19,0.71,9.47

131114203,1
131114203,95201,1.27,0.76,9.56

131114218,1
131114218,95214,1.19,0.72,9.42

131114234,1
131114234,95227,1.35,0.76,9.70

131114250,1
131114250,95240,1.63,0.85,10.23

131114250,1
131114250,95253,1.28,0.25,9.49

131114265,1
131114265,95266,0.89,0.64,7.86

131114281,1
131114281,95279,1.27,0.66,9.33

131114296,1
131114296,95292,1.25,0.64,9.40

131114312,1
131114312,95305,1.25,0.57,9.32

131114328,1
131114328,95318,1.30,0.64,9.34

131114328,1
131114328,95331,1.26,0.61,9.37

131114343,1
131114343,95344,1.28,0.61,9.35

131114359,1
131114359,95357,1.29,0.61,9.36

131114375,1
131114375,95370,1.29,0.62,9.36

131114390,1
131114390,95383,1.27,0.61,9.35

131114406,1
131114406,95396,1.28,0.61,9.37

131114406,1
131114421,95409,1.28,0.62,9.33

131114421,1
131114421,95422,1.25,0.59,9.36

131114437,1
131114437,95435,1.30,0.60,9.38

131114453,1
131114453,95448,-1.66,0.24,2.72

131114468,1
131114468,95461,-2.27,1.38,10.25

131114484,1
131114484,95474,-1.59,1.17,10.52

131114484,1
131114500,95487,-1.37,1.33,9.20

131114500,1
131114500,95500,-1.28,1.08,9.31

131114515,1
131114515,95513,-0.59,0.39,9.38

131114531,1
131114531,95526,10.64,-3.85,6.55

131114546,1
131114546,95539,5.47,0.67,9.70

131114562,1
131114562,95552,7.50,1.82,10.10

131114562,1
131114562,95565,1.68,0.36,9.36

131114578,1
131114578,95578,0.99,0.52,9.12

131114593,1
131114593,95591,1.17,0.77,9.40

131114609,1
131114609,95604,0.97,0.74,9.18

131114625,1
131114625,95617,1.23,0.74,9.26

131114640,1
131114640,95630,0.99,0.70,9.39

131114640,1
131114640,95643,1.10,0.74,9.59

131114656,1
131114656,95656,1.59,0.75,9.15

131114671,1
131114671,95669,0.74,0.71,9.24

131114687,1
131114687,95682,1.02,0.72,9.46

131114703,1
131114703,95695,1.13,0.76,9.35

131114718,1
131114718,95708,1.12,0.76,9.34

131114718,1
131114718,95721,1.11,0.73,9.36

131114734,1
131114734,95734,1.16,0.77,9.39

131114750,1
131114750,95747,1.10,0.76,9.35

131114765,1
131114765,95760,1.14,0.76,9.33

131114781,1
131114781,95773,1.12,0.77,9.35

131114796,1
131114796,95786,1.11,0.78,9.38

131114796,1
131114796,95799,1.11,0.76,9.39

131114812,1
131114812,95812,1.14,0.74,9.39

131114828,1
131114828,95825,1.13,0.78,9.36

131114843,1
131114843,95838,1.13,0.77,9.34

131114859,1
131114859,95851,1.12,0.78,9.34

131114875,1
131114875,95864,1.13,0.76,9.36

131114875,1
131114875,95877,1.15,0.78,9.36

131114890,1
131114890,95890,1.11,0.76,9.35

131114906,1
131114906,95903,1.13,0.78,9.36

131114921,1
131114921,95916,1.12,0.76,9.35

131114937,1
131114937,95929,1.15,0.75,9.35

131114953,1
131114953,95942,1.11,0.75,9.39

131114953,1
131114953,95955,1.14,0.76,9.37

131114968,1
131114968,95968,1.14,0.75,9.34

131114984,1
131114984,95981,1.14,0.76,9.35

131115000,1
131115000,95994,1.15,0.77,9.36

131115015,1
131115015,96007,1.13,0.76,9.37

131115031,1
131115031,96020,1.13,0.76,9.38

131115031,1
131115031,96033,1.12,0.76,9.39

131115046,1
131115046,96046,0.37,-0.21,12.83

131115062,1
131115062,96059,1.23,0.96,9.87

131115078,1
131115078,96072,1.20,0.77,9.69

131115093,1
131115093,96085,2.17,0.89,9.17

131115109,1
131115109,96098,4.51,0.89,9.17

131115109,1
131115109,96111,5.14,1.08,9.23

131115125,1
131115125,96124,3.68,0.94,9.59

131115140,1
131115140,96137,1.75,0.73,9.60

131115156,1
131115156,96150,1.39,0.73,9.87

131115171,1
131115171,96163,0.62,0.99,9.68

131115187,1
131115187,96176,-0.29,0.65,9.75

131115187,1
131115203,96189,0.13,1.52,9.94

131115203,1
131115203,96202,0.49,0.78,9.05

131115218,1
131115218,96215,1.09,0.36,9.39

131115234,1
131115234,96228,0.83,0.71,9.06

131115250,1
131115250,96241,-0.19,0.41,9.43

131115265,1
131115265,96254,0.19,0.28,9.56

131115265,1
131115265,96267,-0.30,0.40,9.44

131115281,1
131115281,96280,0.21,0.34,9.92

131115296,1
131115296,96293,0.72,0.53,9.53

131115312,1
131115312,96306,0.58,0.93,9.35

131115328,1
131115328,96319,1.39,0.42,9.69

131115343,1
131115343,96332,0.78,0.67,10.23

131115343,1
131115343,96345,1.31,0.44,9.11

131115359,1
131115359,96358,2.06,0.85,8.21

131115375,1
131115375,96371,1.86,0.90,8.97

131115390,1
131115390,96384,1.54,0.82,9.37

131115406,1
131115406,96397,1.62,0.79,9.29

131115421,1
131115421,96410,1.64,0.85,9.36

131115421,1
131115421,96423,1.67,0.88,9.30

131115437,1
131115437,96436,1.66,0.93,9.26

131115453,1
131115453,96449,1.53,0.79,9.31

131115468,1
131115468,96462,1.54,0.80,9.33

131115484,1
131115484,96475,1.55,0.80,9.33

131115500,1
131115500,96488,1.56,0.79,9.27

131115500,1
131115500,96501,1.55,0.78,9.29

131115515,1
131115515,96514,1.55,0.79,9.26

131115531,1
131115531,96527,1.55,0.80,9.29

131115546,1
131115546,96540,1.05,0.77,15.19

131115562,1
131115562,96553,1.06,0.71,9.84

131115578,1
131115578,96566,1.73,1.23,10.16

131115578,1
131115578,96579,1.47,0.80,9.40

131115593,1
131115593,96592,1.38,0.81,9.54

131115609,1
131115609,96605,1.48,0.82,9.44

131115625,1
131115625,96618,1.37,0.70,9.37

131115640,1
131115640,96631,1.39,0.76,9.35

131115656,1
131115656,96644,-0.67,0.17,9.78

131115656,1
131115656,96657,2.15,0.82,9.57

131115671,1
131115671,96670,2.15,0.82,9.82

131115687,1
131115687,96683,4.31,0.41,9.80

131115703,1
131115703,96696,2.48,0.33,9.12

131115718,1
131115718,96709,1.15,0.66,7.88

131115734,1
131115734,96722,1.10,1.13,9.33

131115734,1
131115734,96735,1.36,0.83,9.35

131115750,1
131115750,96748,1.46,0.75,9.30

131115765,1
131115765,96761,1.48,0.77,9.30

131115781,1
131115781,96774,1.41,0.76,9.34

131115796,1
131115796,96787,1.45,0.76,9.35

131115812,1
131115812,96800,1.46,0.78,9.31

131115812,1
131115812,96813,1.49,0.76,9.31

131115828,1
131115828,96826,1.45,0.75,9.33

131115843,1
131115843,96839,1.44,0.77,9.32

131115859,1
131115859,96852,1.45,0.76,9.33

131115875,1
131115875,96865,1.43,0.75,9.34

131115875,1
131115875,96878,1.43,0.76,9.32

131115890,1
131115890,96891,1.42,0.76,9.32

131115906,1
131115906,96904,1.33,1.27,6.56

131115921,1
131115921,96917,2.48,1.11,11.25

131115937,1
131115937,96930,1.29,0.69,9.59

131115953,1
131115953,96943,1.47,0.80,9.45

131115968,1
131115968,96956,1.37,0.74,9.57

131115968,1
131115968,96969,1.30,0.70,9.37

131115984,1
131115984,96982,1.35,0.76,9.34

131116000,1
131116000,96995,1.34,0.75,9.47

131116015,1
131116015,97008,1.31,0.76,9.55

131116031,1
131116031,97021,1.42,0.74,9.60

131116031,1
131116046,97034,1.74,0.66,10.34

131116046,1
131116046,97047,1.09,0.37,8.44

131116062,1
131116062,97060,1.30,1.05,8.71

131116078,1
131116078,97073,1.44,0.83,9.15

131116093,1
131116093,97086,1.38,0.74,9.32

131116109,1
131116109,97099,1.47,0.74,9.32

131116109,1
131116125,97112,1.46,0.80,9.30

131116125,1
131116125,97125,1.40,0.75,9.33

131116140,1
131116140,97138,1.44,0.76,9.32

131116156,1
131116156,97151,1.42,0.74,9.37

131116171,1
131116171,97164,1.43,0.74,9.36

131116187,1
131116187,97177,1.43,0.76,9.33

131116187,1
131116203,97190,1.43,0.76,9.32

131116203,1
131116203,97203,1.44,0.76,9.34

131116218,1
131116218,97216,1.42,0.75,9.34

131116234,1
131116234,97229,1.45,0.75,9.30

131116250,1
131116250,97242,1.44,0.76,9.29

131116265,1
131116265,97255,1.83,0.92,9.12

131116265,1
131116281,97268,0.76,0.74,11.93

131116281,1
131116281,97281,0.68,0.66,9.65

131116296,1
131116296,97294,1.09,0.90,9.50

131116312,1
131116312,97307,1.59,0.52,9.63

131116328,1
131116328,97320,1.31,0.69,9.45

131116343,1
131116343,97333,1.32,0.78,9.40

131116343,1
131116343,97346,1.28,0.69,9.43

131116359,1
131116359,97359,1.28,0.73,9.39

131116375,1
131116375,97372,1.33,0.76,9.31

131116390,1
131116390,97385,1.34,0.75,9.30

131116406,1
131116406,97398,1.33,0.71,9.27

131116421,1
131116421,97411,1.39,0.78,9.47

131116421,1
131116421,97424,1.43,0.73,9.59

131116437,1
131116437,97437,1.50,0.75,9.91

131116453,1
131116453,97450,1.59,0.76,10.19

131116468,1
131116468,97463,1.05,0.50,8.19

131116484,1
131116484,97476,1.30,0.96,9.11

131116500,1
131116500,97489,1.41,0.80,9.27

131116500,1
131116500,97502,1.41,0.74,9.36

131116515,1
131116515,97515,1.43,0.74,9.31

131116531,1
131116531,97528,1.44,0.74,9.32

131116546,1
131116546,97541,1.43,0.77,9.33

131116562,1
131116562,97554,1.44,0.76,9.33

131116578,1
131116578,97567,1.41,0.74,9.32

131116578,1
131116593,97580,1.42,0.73,9.35

131116593,1
131116593,97593,1.39,0.74,9.29

131116609,1
131116609,97606,1.40,0.74,9.33

131116625,1
131116625,97619,1.43,0.75,9.35

131116640,1
131116640,97632,0.03,-0.13,3.06

131116656,1
131116656,97645,1.67,0.98,10.43

131116671,1
131116671,97658,1.35,0.73,9.97

131116671,1
131116671,97671,1.29,0.69,9.15

131116687,1
131116687,97684,1.26,0.76,9.53

131116703,1
131116703,97697,1.36,0.74,9.48

131116718,1
131116718,97710,1.25,0.74,9.39

131116734,1
131116734,97723,1.32,0.78,9.43

131116734,1
131116734,97736,1.32,0.79,9.55

131116750,1
131116750,97749,1.31,0.76,9.76

131116765,1
131116765,97762,1.70,0.69,10.38

131116781,1
131116781,97775,1.08,0.31,8.55

131116796,1
131116796,97788,1.28,0.98,8.48

131116812,1
131116812,97801,1.48,0.86,9.11

131116812,1
131116812,97814,1.39,0.76,9.39

131116828,1
131116828,97827,1.43,0.73,9.31

131116843,1
131116843,97840,1.45,0.77,9.28

131116859,1
131116859,97853,1.40,0.75,9.36

131116875,1
131116875,97866,1.42,0.74,9.36

131116890,1
131116890,97879,1.41,0.73,9.33

131116890,1
131116890,97892,1.40,0.73,9.33

131116906,1
131116906,97905,1.43,0.77,9.34

131116921,1
131116921,97918,1.42,0.74,9.31

131116937,1
131116937,97931,1.46,0.76,9.32

131116953,1
131116953,97944,1.44,0.74,9.34

131116968,1
131116968,97957,1.44,0.75,9.31

131116968,1
131116968,97970,1.43,0.74,9.32

131116984,1
131116984,97983,1.43,0.74,9.35

131117000,1
131117000,97996,-1.29,0.18,1.97

131117015,1
131117015,98009,1.63,0.78,10.39

131117031,1
131117031,98022,1.39,0.74,10.13

131117046,1
131117046,98035,1.23,0.68,9.03

131117046,1
131117046,98048,1.26,0.77,9.57

131117062,1
131117062,98061,1.36,0.76,9.57

131117078,1
131117078,98074,1.23,0.71,9.44

131117093,1
131117093,98087,1.27,0.77,9.32

131117109,1
131117109,98100,1.33,0.78,9.48

131117125,1
131117125,98113,1.32,0.71,9.53

131117125,1
131117125,98126,1.58,0.73,9.92

131117140,1
131117140,98139,1.55,0.68,9.81

131117156,1
131117156,98152,1.07,0.79,8.14

131117171,1
131117171,98165,1.50,0.85,9.13

131117187,1
131117187,98178,1.41,0.75,9.36

131117203,1
131117203,98191,1.38,0.72,9.35

131117203,1
131117203,98204,1.47,0.75,9.29

131117218,1
131117234,98217,1.40,0.74,9.34
198230,1.42,0.75,9.37

131117250,1
131117250,98243,1.41,0.72,9.35

131117265,1
131117265,98256,1.41,0.75,9.33

131117281,1
131117281,98269,1.39,0.73,9.31

131117281,1
131117281,98282,1.43,0.73,9.33

131117296,1
131117296,98295,1.41,0.75,9.31

131117312,1
131117312,98308,1.41,0.75,9.30

131117328,1
131117328,98321,1.42,0.73,9.30

131117343,1
131117343,98334,1.38,0.73,9.33

131117359,1
131117359,98347,0.92,1.10,15.40

131117359,1
131117359,98360,0.56,0.48,9.97

131117375,1
131117375,98373,1.43,0.79,9.99

131117390,1
131117390,98386,1.31,0.62,9.65

131117406,1
131117406,98399,1.19,0.67,9.28

131117421,1
131117421,98412,1.35,0.78,9.38

131117437,1
131117437,98425,1.25,0.67,9.46

131117437,1
131117437,98438,1.27,0.70,9.38

131117453,1
131117453,98451,1.32,0.77,9.49

131117468,1
131117468,98464,1.36,0.74,9.47

131117484,1
131117484,98477,1.46,0.76,9.55

131117500,1
131117500,98490,1.78,0.81,10.26

131117500,1
131117500,98503,0.99,0.54,8.13

131117515,1
131117515,98516,1.38,0.84,9.10

131117531,1
131117531,98529,1.41,0.76,9.24

131117546,1
131117546,98542,1.36,0.73,9.36

131117562,1
131117562,98555,1.43,0.72,9.31

131117578,1
131117578,98568,1.41,0.73,9.33

131117578,1
131117593,98581,1.42,0.74,9.36

131117593,1
131117593,98594,1.42,0.75,9.31

131117609,1
131117609,98607,1.42,0.74,9.30

131117625,1
131117625,98620,1.41,0.75,9.32

131117640,1
131117640,98633,1.44,0.75,9.34

131117656,1
131117656,98646,1.42,0.74,9.35

131117656,1
131117671,98659,1.41,0.75,9.34

131117671,1
131117671,98672,1.43,0.74,9.32

131117687,1
131117687,98685,1.43,0.71,9.31

131117703,1
131117703,98698,3.01,1.84,5.38

131117718,1
131117718,98711,1.84,0.78,11.39

131117734,1
131117734,98724,1.22,0.48,9.92

131117734,1
131117734,98737,1.39,0.80,9.28

131117750,1
131117750,98750,1.36,0.76,9.67

131117765,1
131117765,98763,1.29,0.71,9.40

131117781,1
131117781,98776,1.24,0.77,9.39

131117796,1
131117796,98789,1.35,0.79,9.64

131117812,1
131117812,98802,1.33,0.80,9.66

131117812,1
131117812,98815,0.30,1.64,9.76

131117828,1
131117828,98828,0.51,0.99,9.58

131117843,1
131117843,98841,0.81,0.30,8.35

131117859,1
131117859,98854,3.42,0.22,6.45

131117875,1
131117875,98867,1.79,0.86,10.19

131117890,1
131117890,98880,1.11,0.68,9.27

131117890,1
131117890,98893,1.37,0.71,9.43

131117906,1
131117906,98906,1.47,0.84,9.28

131117921,1
131117921,98919,1.32,0.73,9.37

131117937,1
131117937,98932,1.41,0.77,9.32

131117953,1
131117953,98945,1.39,0.76,9.35

131117968,1
131117968,98958,1.37,0.75,9.38

131117968,1
131117984,98971,1.40,0.74,9.33

131117984,1
131117984,98984,1.36,0.77,9.34

131118000,1
131118000,98997,1.39,0.74,9.33

131118015,1
131118015,99010,1.38,0.76,9.32

131118031,1
131118031,99023,2.11,0.99,17.14

131118046,1
131118046,99036,0.84,0.57,9.67

131118046,1
131118046,99049,1.33,0.87,9.84

131118062,1
131118062,99062,1.23,0.64,9.30

131118078,1
131118078,99075,1.20,0.73,9.35

131118093,1
131118093,99088,1.36,0.78,9.47

131118109,1
131118109,99101,1.24,0.70,9.53

131118125,1
131118125,99114,1.29,0.72,9.37

131118125,1
131118125,99127,1.30,0.81,9.66

131118140,1
131118140,99140,1.42,0.73,9.96

131118156,1
131118156,99153,1.66,0.63,10.15

131118171,1
131118171,99166,0.91,0.62,7.90

131118187,1
131118187,99179,1.39,0.90,8.84

131118203,1
131118203,99192,1.40,0.80,9.23

131118203,1
131118203,99205,1.36,0.74,9.39

131118218,1
131118218,99218,1.38,0.74,9.28

131118234,1
131118234,99231,1.38,0.73,9.32

131118250,1
131118250,99244,1.36,0.74,9.37

131118265,1
131118265,99257,1.38,0.75,9.35

131118281,1
131118281,99270,1.37,0.75,9.32

131118281,1
131118281,99283,1.41,0.76,9.35

131118296,1
131118296,99296,1.37,0.76,9.33

131118312,1
131118312,99309,1.39,0.74,9.31

131118328,1
131118328,99322,1.43,0.78,9.31

131118343,1
131118343,99335,1.40,0.77,9.31

131118359,1
131118359,99348,2.47,1.10,8.85

131118359,1
131118359,99361,1.36,1.05,11.85

131118375,1
131118375,99374,1.08,0.50,10.09

131118390,1
131118390,99387,1.44,0.84,9.54

131118406,1
131118406,99400,1.28,0.66,9.62

131118421,1
131118421,99413,1.17,0.67,9.32

131118437,1
131118437,99426,1.27,0.80,9.47

131118437,1
131118437,99439,1.25,0.75,9.56

131118453,1
131118453,99452,1.25,0.72,9.41

131118468,1
131118468,99465,1.33,0.79,9.59

131118484,1
131118484,99478,1.38,0.75,9.65

131118500,1
131118500,99491,1.65,0.74,10.15

131118515,1
131118515,99504,1.09,0.62,8.34

131118515,1
131118515,99517,1.32,0.83,8.64

131118531,1
131118531,99530,1.39,0.78,9.21

131118546,1
131118546,99543,1.33,0.72,9.35

131118562,1
131118562,99556,1.40,0.73,9.29

131118578,1
131118578,99569,1.35,0.74,9.29

131118593,1
131118593,99582,1.37,0.72,9.36

131118593,1
131118593,99595,1.36,0.74,9.36

131118609,1
131118609,99608,1.39,0.74,9.31

131118625,1
131118625,99621,1.42,0.73,9.32

131118640,1
131118640,99634,1.40,0.73,9.30

131118656,1
131118656,99647,1.40,0.73,9.33

131118671,1
131118671,99660,1.39,0.72,9.33

131118671,1
131118671,99673,1.40,0.73,9.31

131118687,1
131118687,99686,1.37,0.71,9.30

131118703,1
131118703,99699,-0.69,-0.02,6.91

131118718,1
131118718,99712,1.24,0.67,9.93

131118734,1
131118734,99725,1.26,0.80,10.04

131118750,1
131118750,99738,1.21,0.67,9.31

131118750,1
131118750,99751,1.21,0.74,9.51

131118765,1
131118765,99764,1.32,0.76,9.53

131118781,1
131118781,99777,1.21,0.71,9.50

131118796,1
131118796,99790,1.27,0.76,9.37

131118812,1
131118812,99803,1.30,0.75,9.57

131118828,1
131118828,99816,1.29,0.71,9.48

131118828,1
131118828,99829,1.52,0.75,9.84

131118843,1
131118843,99842,1.54,0.85,9.92

131118859,1
131118859,99855,0.98,0.60,7.98

131118875,1
131118875,99868,1.43,0.83,9.11

131118890,1
131118890,99881,1.36,0.76,9.27

131118906,1
131118906,99894,1.34,0.71,9.33

131118906,1
131118906,99907,1.41,0.76,9.32

131118921,1
131118921,99920,1.36,0.75,9.32

131118937,1
131118937,99933,1.38,0.76,9.36

131118953,1
131118953,99946,1.37,0.73,9.37

131118968,1
131118968,99959,1.38,0.73,9.36

131118968,1
131118984,99972,1.37,0.74,9.36

131118984,1
131118984,99985,1.38,0.74,9.35

131119000,1
131119000,99998,1.41,0.76,9.32

131119015,2
131119015,00011,1.38,0.76,9.31

131119031,2
131119031,00024,1.41,0.76,9.32

131119046,2
131119046,00037,-0.50,0.71,1.28

131119046,2
131119062,00050,1.83,0.88,10.67

131119062,2
131119062,00063,1.31,0.66,10.02

131119078,2
131119078,00076,1.24,0.70,9.18

131119093,2
131119093,00089,1.22,0.74,9.60

131119109,2
131119109,00102,1.29,0.72,9.52

131119125,2
131119125,00115,1.20,0.69,9.38

131119140,2
131119140,00128,1.24,0.75,9.37

131119140,2
131119140,00141,1.35,0.76,9.59

131119156,2
131119156,00154,1.38,0.73,9.96

131119171,2
131119171,00167,1.74,0.76,10.47

131119187,2
131119187,00180,0.90,0.58,7.73

131119203,2
131119203,00193,1.41,0.84,9.06

131119218,2
131119218,00206,1.39,0.78,9.26

131119218,2
131119218,00219,1.34,0.69,9.36

131119234,2
131119234,00232,1.40,0.75,9.30

131119250,2
131119250,00245,1.37,0.75,9.34

131119265,2
131119265,00258,1.38,0.74,9.35

131119281,2
131119281,00271,1.35,0.73,9.34

131119281,2
131119296,00284,1.39,0.72,9.36

131119296,2
131119296,00297,1.38,0.73,9.33

131119312,2
131119312,00310,1.38,0.71,9.32

131119328,2
131119328,00323,1.40,0.75,9.33

131119343,2
131119343,00336,1.38,0.74,9.31

131119359,2
131119359,00349,1.41,0.77,9.31

131119359,2
131119359,00362,1.36,0.74,9.32

131119375,2
131119375,00375,0.55,0.44,-2.40

131119390,2
131119390,00388,2.02,1.15,11.06

131119406,2
131119406,00401,1.36,0.59,10.02

131119421,2
131119421,00414,1.25,0.72,9.26

131119437,2
131119437,00427,1.26,0.74,9.62

131119437,2
131119437,00440,1.30,0.69,9.36

131119453,2
131119453,00453,1.19,0.73,9.43

131119468,2
131119468,00466,1.29,0.80,9.66

131119484,2
131119484,00479,1.36,0.76,9.70

131119500,2
131119500,00492,1.64,0.81,10.35

131119515,2
131119515,00505,1.06,0.48,8.54

131119515,2
131119515,00518,1.26,0.83,8.41

131119531,2
131119531,00531,1.39,0.80,9.17

131119546,2
131119546,00544,1.36,0.74,9.37

131119562,2
131119562,00557,1.38,0.72,9.29

131119578,2
131119578,00570,1.39,0.73,9.31

131119593,2
131119593,00583,1.37,0.74,9.36

131119593,2
131119593,00596,1.35,0.74,9.35

131119609,2
131119609,00609,1.38,0.74,9.36

131119625,2
131119625,00622,1.36,0.73,9.39

131119640,2
131119640,00635,1.38,0.76,9.35

131119656,2
131119656,00648,1.39,0.75,9.34

131119671,2
131119671,00661,1.39,0.75,9.33

131119671,2
131119671,00674,1.38,0.76,9.32

131119687,2
131119687,00687,1.37,0.75,9.31

131119703,2
131119703,00700,1.37,0.76,9.34

131119718,2
131119718,00713,1.37,0.74,9.37

131119734,2
131119734,00726,1.38,0.86,9.24

131119750,2
131119750,00739,2.08,0.76,11.92

131119750,2
131119750,00752,1.21,0.62,10.02

131119765,2
131119765,00765,1.41,0.89,9.79

131119781,2
131119781,00778,1.33,0.73,9.53

131119796,2
131119796,00791,1.24,0.74,9.39

131119812,2
131119812,00804,1.34,0.85,9.54

131119828,2
131119828,00817,1.40,0.77,9.61

131119828,2
131119828,00830,1.59,0.74,10.05

131119843,2
131119843,00843,1.58,0.79,9.77

131119859,2
131119859,00856,0.89,0.64,7.84

131119875,2
131119875,00869,1.35,0.81,9.18

131119890,2
131119890,00882,1.39,0.77,9.37

131119906,2
131119906,00895,1.37,0.73,9.32

131119906,2
131119906,00908,1.38,0.76,9.26

131119921,2
131119921,00921,1.38,0.72,9.38

131119937,2
131119937,00934,1.38,0.76,9.34

131119953,2
131119953,00947,1.35,0.71,9.35

131119968,2
131119968,00960,1.40,0.71,9.37

131119984,2
131119984,00973,1.38,0.74,9.34

131119984,2
131119984,00986,1.37,0.72,9.32

131120000,2
131120000,00999,1.39,0.73,9.35

131120015,2
131120015,01012,1.37,0.74,9.35

131120031,2
131120031,01025,1.39,0.74,9.33

131120046,2
131120046,01038,3.56,1.86,-0.72

131120062,2
131120062,01051,1.40,0.72,10.86

131120062,2
131120062,01064,1.04,0.67,9.98

131120078,2
131120078,01077,1.55,0.80,9.78

131120093,2
131120093,01090,1.20,0.65,9.49

131120109,2
131120109,01103,1.24,0.67,9.26

131120125,2
131120125,01116,1.29,0.76,9.56

131120140,2
131120140,01129,1.22,0.75,9.53

131120140,2
131120140,01142,1.29,0.73,9.41

131120156,2
131120156,01155,1.35,0.76,9.57

131120171,2
131120171,01168,1.45,0.80,9.63

131120187,2
131120187,01181,1.57,0.72,9.87

131120203,2
131120203,01194,1.34,0.78,9.50

131120218,2
131120218,01207,1.11,0.79,8.09

131120218,2
131120218,01220,1.40,0.76,9.26

131120234,2
131120234,01233,1.36,0.75,9.40

131120250,2
131120250,01246,1.34,0.71,9.36

131120265,2
131120265,01259,1.39,0.72,9.36

131120281,2
131120281,01272,1.33,0.71,9.36

131120296,2
131120296,01285,1.36,0.73,9.33

131120296,2
131120296,01298,1.37,0.73,9.31

131120312,2
131120312,01311,1.38,0.72,9.31

131120328,2
131120328,01324,1.40,0.73,9.29

131120343,2
131120343,01337,1.37,0.74,9.32

131120359,2
131120359,01350,1.39,0.76,9.30

131120375,2
131120375,01363,1.37,0.73,9.29

131120375,2
131120375,01376,1.40,0.76,9.32

131120390,2
131120390,01389,-0.50,-0.15,-0.14

131120406,2
131120406,01402,1.99,1.26,11.15

131120421,2
131120421,01415,1.27,0.67,9.96

131120437,2
131120437,01428,1.24,0.73,9.27

131120453,2
131120453,01441,1.24,0.78,9.43

131120453,2
131120453,01454,1.24,0.72,9.38

131120468,2
131120468,01467,1.24,0.75,9.43

131120484,2
131120484,01480,1.34,0.83,9.57

131120500,2
131120500,01493,1.38,0.86,9.73

131120515,2
131120515,01506,1.64,0.83,10.20

131120531,2
131120531,01519,1.59,0.59,10.05

131120531,2
131120531,01532,0.87,0.61,7.52

131120546,2
131120546,01545,1.37,0.82,9.25

131120562,2
131120562,01558,1.38,0.78,9.33

131120578,2
131120578,01571,1.37,0.70,9.32

131120593,2
131120593,01584,1.41,0.78,9.26

131120593,2
131120609,01597,1.38,0.73,9.35

131120609,2
131120609,01610,1.38,0.74,9.37

131120625,2
131120625,01623,1.36,0.73,9.35

131120640,2
131120640,01636,1.39,0.72,9.33

131120656,2
131120656,01649,1.37,0.74,9.35

131120671,2
131120671,01662,1.40,0.72,9.35

131120671,2
131120687,01675,1.39,0.73,9.37

131120687,2
131120687,01688,1.40,0.74,9.33

131120703,2
131120703,01701,1.38,0.75,9.32

131120718,2
131120718,01714,1.88,0.89,16.52

131120734,2
131120734,01727,1.04,0.77,9.59

131120750,2
131120750,01740,1.39,0.94,10.29

131120750,2
131120765,01753,1.19,0.63,9.26

131120765,2
131120765,01766,1.22,0.76,9.52

131120781,2
131120781,01779,1.35,0.81,9.59

131120796,2
131120796,01792,1.22,0.70,9.52

131120812,2
131120812,01805,1.33,0.76,9.52

131120828,2
131120828,01818,1.48,0.82,9.57

131120843,2
131120843,01831,1.43,0.68,9.76

131120843,2
131120843,01844,1.51,0.68,9.68

131120859,2
131120859,01857,1.08,0.71,8.33

131120875,2
131120875,01870,1.37,0.82,9.13

131120890,2
131120890,01883,1.39,0.74,9.24

131120906,2
131120906,01896,1.37,0.72,9.32

131120906,2
131120921,01909,1.37,0.73,9.32

131120921,2
131120921,01922,1.33,0.71,9.35

131120937,2
131120937,01935,1.37,0.74,9.37

131120953,2
131120953,01948,1.33,0.72,9.40

131120968,2
131120968,01961,1.38,0.71,9.36

131120984,2
131120984,01974,1.37,0.73,9.33

131120984,2
131120984,01987,1.37,0.74,9.32

131121000,2
131121000,02000,1.39,0.74,9.33

131121015,2
131121015,02013,1.39,0.71,9.32

131121031,2
131121031,02026,1.38,0.74,9.33

131121046,2
131121046,02039,1.34,0.73,9.32

131121062,2
131121062,02052,1.37,0.74,9.37

131121062,2
131121062,02065,1.35,0.75,9.36

131121078,2
131121078,02078,2.35,0.25,16.17

131121093,2
131121093,02091,1.12,0.50,9.63

131121109,2
131121109,02104,1.37,0.85,10.10

131121125,2
131121125,02117,1.29,0.67,9.12

131121140,2
131121140,02130,1.21,0.76,9.31

131121140,2
131121140,02143,1.46,0.80,9.50

131121156,2
131121156,02156,1.23,0.71,9.36

131121171,2
131121171,02169,1.33,0.76,9.37

131121187,2
131121187,02182,1.47,0.82,9.80

131121203,2
131121203,02195,1.56,0.70,10.16

131121218,2
131121218,02208,1.21,0.64,8.96

131121218,2
131121218,02221,1.13,0.91,8.23

131121234,2
131121234,02234,1.36,0.79,9.33

131121250,2
131121250,02247,1.33,0.74,9.39

131121265,2
131121265,02260,1.41,0.73,9.35

131121281,2
131121281,02273,1.36,0.78,9.29

131121296,2
131121296,02286,1.37,0.73,9.37

131121296,2
131121312,02299,1.36,0.76,9.31

131121312,2
131121312,02312,1.38,0.74,9.36

131121328,2
131121328,02325,1.37,0.72,9.33

131121343,2
131121343,02338,1.39,0.72,9.33

131121359,2
131121359,02351,1.36,0.75,9.35

131121375,2
131121375,02364,1.36,0.73,9.37

131121375,2
131121375,02377,1.41,0.75,9.34

131121390,2
131121390,02390,1.38,0.72,9.34

131121406,2
131121406,02403,1.40,0.74,9.34

131121421,2
131121421,02416,0.13,0.11,9.70

131121437,2
131121437,02429,1.63,0.82,10.23

131121453,2
131121453,02442,1.30,0.77,10.08

131121453,2
131121453,02455,1.28,0.72,9.28

131121468,2
131121468,02468,1.27,0.80,9.52

131121484,2
131121484,02481,1.34,0.75,9.52

131121500,2
131121500,02494,1.30,0.73,9.61

131121515,2
131121515,02507,1.52,0.77,9.90

131121531,2
131121531,02520,1.60,0.76,10.02

131121531,2
131121531,02533,0.98,0.56,7.99

131121546,2
131121546,02546,1.43,0.83,9.21

131121562,2
131121562,02559,1.36,0.77,9.20

131121578,2
131121578,02572,1.35,0.71,9.30

131121593,2
131121593,02585,1.42,0.76,9.28

131121609,2
131121609,02598,1.37,0.73,9.33

131121609,2
131121609,02611,1.36,0.73,9.38

131121625,2
131121625,02624,1.35,0.73,9.36

131121640,2
131121640,02637,1.35,0.72,9.36

131121656,2
131121656,02650,1.35,0.71,9.37

131121671,2
131121671,02663,1.36,0.74,9.34

131121687,2
131121687,02676,1.36,0.76,9.31

131121687,2
131121703,02689,1.39,0.73,9.32

131121703,2
131121703,02702,1.41,0.73,9.32

131121718,2
131121718,02715,1.39,0.74,9.28

131121734,2
131121734,02728,1.38,0.77,9.30

131121750,2
131121750,02741,1.37,0.73,9.30

131121765,2
131121765,02754,-1.80,-1.04,-6.96

131121765,2
131121765,02767,1.73,1.25,10.68

131121781,2
131121781,02780,1.38,0.73,10.09

131121796,2
131121796,02793,1.23,0.73,9.18

131121812,2
131121812,02806,1.28,0.80,9.55

131121828,2
131121828,02819,1.36,0.80,9.63

131121843,2
131121843,02832,1.25,0.74,9.55

131121843,2
131121843,02845,-2.13,0.14,11.20

131121859,2
131121859,02858,-3.31,0.91,11.91

131121875,2
131121875,02871,4.73,0.75,8.17

131121890,2
131121890,02884,6.60,0.26,6.57

131121906,2
131121906,02897,1.67,1.13,9.51

131121921,2
131121921,02910,0.98,0.57,9.73

131121921,2
131121921,02923,1.25,0.84,9.30

131121937,2
131121937,02936,1.31,0.87,9.12

131121953,2
131121953,02949,1.28,0.66,9.56

131121968,2
131121968,02962,1.31,0.80,9.33

131121984,2
131121984,02975,1.28,0.78,9.33

131122000,2
131122000,02988,1.27,0.75,9.37

131122000,2
131122000,03001,1.31,0.78,9.32

131122015,2
131122015,03014,1.29,0.74,9.34

131122031,2
131122031,03027,1.30,0.77,9.35

131122046,2
131122046,03040,1.31,0.79,9.31

131122062,2
131122062,03053,1.32,0.77,9.32

131122078,2
131122078,03066,1.73,1.09,8.72

131122078,2
131122078,03079,1.55,1.24,12.37

131122093,2
131122093,03092,1.10,0.67,10.45

131122109,2
131122109,03105,1.41,0.90,9.72

131122125,2
131122125,03118,1.23,0.71,9.62

131122140,2
131122140,03131,1.15,0.69,9.45

131122140,2
131122156,03144,1.25,0.85,9.50

131122156,2
131122156,03157,1.25,0.73,9.76

131122171,2
131122171,03170,1.41,0.82,10.27

131122187,2
131122187,03183,1.61,0.63,10.09

131122203,2
131122203,03196,0.77,0.48,7.64

131122218,2
131122218,03209,1.30,0.88,9.06

131122234,2
131122234,03222,1.27,0.83,9.24

131122234,2
131122234,03235,1.28,0.72,9.39

131122250,2
131122250,03248,1.33,0.78,9.28

131122265,2
131122265,03261,1.31,0.74,9.37

131122281,2
131122281,03274,1.27,0.75,9.38

131122296,2
131122296,03287,1.28,0.76,9.35

131122312,2
131122312,03300,1.26,0.73,9.37

131122312,2
131122312,03313,1.28,0.74,9.40

131122328,2
131122328,03326,1.27,0.74,9.37

131122343,2
131122343,03339,1.29,0.75,9.34

131122359,2
131122359,03352,1.29,0.78,9.35

131122375,2
131122375,03365,1.28,0.76,9.30

131122390,2
131122390,03378,1.30,0.77,9.34

131122390,2
131122390,03391,-2.41,-1.04,0.41

131122406,2
131122406,03404,1.53,1.14,10.18

131122421,2
131122421,03417,1.74,0.93,10.43

131122437,2
131122437,03430,1.24,0.65,9.08

131122453,2
131122453,03443,1.13,0.79,9.49

131122468,2
131122468,03456,1.26,0.75,9.58

131122468,2
131122468,03469,1.12,0.69,9.44

131122484,2
131122484,03482,1.16,0.78,9.39

131122500,2
131122500,03495,1.31,0.78,9.52

131122515,2
131122515,03508,1.22,0.73,9.43

131122531,2
131122531,03521,1.47,0.79,9.64

131122531,2
131122546,03534,1.57,0.71,9.81

131122546,2
131122546,03547,0.87,0.50,8.28

131122562,2
131122562,03560,1.27,0.85,8.83

131122578,2
131122578,03573,1.29,0.77,9.19

131122593,2
131122593,03586,1.26,0.75,9.40

131122609,2
131122609,03599,1.30,0.75,9.36

131122609,2
131122625,03612,1.28,0.74,9.36

131122625,2
131122625,03625,1.27,0.71,9.39

131122640,2
131122640,03638,1.31,0.75,9.35

131122656,2
131122656,03651,1.29,0.76,9.37

131122671,2
131122671,03664,1.32,0.75,9.35

131122687,2
131122687,03677,1.32,0.75,9.33

131122687,2
131122687,03690,1.29,0.74,9.31

131122703,2
131122703,03703,1.33,0.74,9.33

131122718,2
131122718,03716,1.32,0.73,9.34

131122734,2
131122734,03729,1.32,0.73,9.33

131122750,2
131122750,03742,0.66,-0.05,-3.82

131122765,2
131122765,03755,2.11,1.38,11.31

131122765,2
131122765,03768,1.18,0.71,9.91

131122781,2
131122781,03781,1.19,0.87,9.50

131122796,2
131122796,03794,1.06,0.83,9.61

131122812,2
131122812,03807,0.79,0.89,9.52

131122828,2
131122828,03820,2.24,0.06,9.58

131122843,2
131122843,03833,1.28,0.58,9.35

131122843,2
131122843,03846,1.23,0.74,9.47

131122859,2
131122859,03859,1.24,0.68,9.38

131122875,2
131122875,03872,1.18,0.77,9.27

131122890,2
131122890,03885,1.24,0.72,9.27

131122906,2
131122906,03898,1.23,0.76,9.28

131122921,2
131122921,03911,1.38,0.80,9.84

131122921,2
131122937,03924,1.54,0.77,10.20

131122937,2
131122937,03937,1.50,0.57,9.63

131122953,2
131122953,03950,0.72,0.75,7.84

131122968,2
131122968,03963,1.28,0.82,9.30

131122984,2
131122984,03976,1.20,0.74,9.39

131123000,2
131123000,03989,1.27,0.70,9.31

131123000,2
131123000,04002,1.31,0.74,9.32

131123015,2
131123015,04015,1.30,0.72,9.36

131123031,2
131123031,04028,1.29,0.74,9.36

131123046,2
131123046,04041,1.30,0.74,9.33

131123062,2
131123062,04054,1.30,0.76,9.30

131123078,2
131123078,04067,1.30,0.74,9.33

131123078,2
131123078,04080,1.30,0.72,9.34

131123093,2
131123093,04093,1.28,0.73,9.36

131123109,2
131123109,04106,1.30,0.74,9.35

131123125,2
131123125,04119,-1.81,-0.79,2.49

131123140,2
131123140,04132,1.22,1.03,10.33

131123156,2
131123156,04145,1.35,0.85,10.08

131123156,2
131123156,04158,1.19,0.65,9.10

131123171,2
131123171,04171,1.14,0.75,9.42

131123187,2
131123187,04184,1.28,0.74,9.53

131123203,2
131123203,04197,1.18,0.71,9.46

131123218,2
131123218,04210,1.17,0.78,9.41

131123234,2
131123234,04223,1.27,0.78,9.47

131123234,2
131123234,04236,1.21,0.76,9.59

131123250,2
131123250,04249,1.30,0.78,9.76

131123265,2
131123265,04262,1.68,0.92,10.79

131123281,2
131123281,04275,0.96,0.44,8.31

131123296,2
131123296,04288,1.10,0.81,8.27

131123312,2
131123312,04301,1.30,0.77,9.13

131123312,2
131123312,04314,1.23,0.75,9.44

131123328,2
131123328,04327,1.30,0.69,9.30

131123343,2
131123343,04340,1.33,0.74,9.29

131123359,2
131123359,04353,1.26,0.71,9.39

131123375,2
131123375,04366,1.27,0.74,9.34

131123390,2
131123390,04379,1.28,0.75,9.34

131123390,2
131123390,04392,1.27,0.75,9.36

131123406,2
131123406,04405,1.32,0.75,9.34

131123421,2
131123421,04418,1.29,0.74,9.34

131123437,2
131123437,04431,1.33,0.74,9.36

131123453,2
131123453,04444,1.28,2.00,19.61

131123468,2
131123468,04457,0.95,0.48,9.94

131123468,2
131123484,04470,1.24,0.88,9.90

131123484,2
131123484,04483,1.24,0.60,9.31

131123500,2
131123500,04496,1.12,0.72,9.41

131123515,2
131123515,04509,1.20,0.79,9.47

131123531,2
131123531,04522,1.17,0.69,9.46

131123546,2
131123546,04535,1.18,0.68,9.31

131123546,2
131123546,04548,1.26,0.81,9.49

131123562,2
131123562,04561,1.30,0.73,9.70

131123578,2
131123578,04574,1.58,0.75,10.30

131123593,2
131123593,04587,1.15,0.61,8.83

131123609,2
131123609,04600,1.08,0.74,8.36

131123625,2
131123625,04613,1.30,0.80,9.17

131123625,2
131123625,04626,1.25,0.72,9.44

131123640,2
131123640,04639,1.30,0.72,9.36

131123656,2
131123656,04652,1.27,0.76,9.30

131123671,2
131123671,04665,1.29,0.72,9.37

131123687,2
131123687,04678,1.27,0.74,9.39

131123703,2
131123703,04691,1.28,0.70,9.33

131123703,2
131123703,04704,1.32,0.71,9.35

131123718,2
131123718,04717,1.31,0.72,9.36

131123734,2
131123734,04730,1.30,0.74,9.33

131123750,2
131123750,04743,1.29,0.73,9.33

131123765,2
131123765,04756,4.70,1.11,4.54

131123765,2
131123781,04769,0.67,0.86,9.66

131123781,2
131123781,04782,1.00,0.68,10.06

131123796,2
131123796,04795,1.15,0.89,9.32

131123812,2
131123812,04808,0.34,1.05,9.66

131123828,2
131123828,04821,1.78,0.49,9.66

131123843,2
131123843,04834,1.26,0.64,9.41

131123859,2
131123859,04847,1.07,0.68,9.28

131123859,2
131123859,04860,1.21,0.70,9.54

131123875,2
131123875,04873,1.23,0.72,9.46

131123890,2
131123890,04886,1.20,0.72,9.34

131123906,2
131123906,04899,1.26,0.74,9.32

131123921,2
131123921,04912,1.26,0.76,9.42

131123937,2
131123937,04925,1.27,0.70,9.43

131123937,2
131123937,04938,1.62,0.85,10.37

131123953,2
131123953,04951,1.35,0.62,9.56

131123968,2
131123968,04964,0.84,0.68,8.25

131123984,2
131123984,04977,1.22,0.77,9.24

131124000,2
131124000,04990,1.26,0.74,9.38

131124000,2
131124015,05003,1.25,0.70,9.38

131124015,2
131124015,05016,1.29,0.75,9.34

131124031,2
131124031,05029,1.28,0.74,9.35

131124046,2
131124046,05042,1.28,0.73,9.36

131124062,2
131124062,05055,1.31,0.74,9.32

131124078,2
131124078,05068,1.29,0.74,9.33

131124078,2
131124093,05081,1.31,0.75,9.34

131124093,2
131124093,05094,1.27,0.73,9.36

131124109,2
131124109,05107,1.30,0.75,9.36

131124125,2
131124125,05120,0.69,0.11,-3.29

131124140,2
131124140,05133,1.73,1.00,10.22

131124156,2
131124156,05146,1.08,0.67,9.83

131124156,2
131124171,05159,1.16,0.76,9.16

131124171,2
131124171,05172,0.85,0.93,9.53

131124187,2
131124187,05185,1.17,0.67,9.51

131124203,2
131124203,05198,-2.30,1.02,9.69

131124218,2
131124218,05211,-8.56,0.09,10.25

131124234,2
131124234,05224,7.22,0.88,8.85

131124234,2
131124234,05237,2.42,0.83,9.07

131124250,2
131124250,05250,1.17,0.61,9.17

131124265,2
131124265,05263,1.32,0.84,9.52

131124281,2
131124281,05276,1.25,0.91,9.56

131124296,2
131124296,05289,1.43,1.08,9.54

131124312,2
131124312,05302,1.09,0.56,9.44

131124312,2
131124312,05315,1.46,0.41,10.00

131124328,2
131124328,05328,1.18,0.44,8.57

131124343,2
131124343,05341,0.84,1.22,9.02

131124359,2
131124359,05354,1.16,0.77,9.33

131124375,2
131124375,05367,1.20,0.72,9.37

131124390,2
131124390,05380,1.24,0.75,9.36

131124390,2
131124406,05393,1.20,0.74,9.37

131124406,2
131124406,05406,1.24,0.76,9.40

131124421,2
131124421,05419,1.25,0.74,9.33

131124437,2
131124437,05432,1.25,0.71,9.33

131124453,2
131124453,05445,1.23,0.74,9.36

131124468,2
131124468,05458,1.23,0.75,9.35

131124468,2
131124468,05471,1.22,0.72,9.36

131124484,2
131124484,05484,1.25,0.72,9.36

131124500,2
131124500,05497,1.25,0.72,9.37

131124515,2
131124515,05510,-0.94,0.74,6.58

131124531,2
131124531,05523,1.13,0.75,10.45

131124546,2
131124546,05536,0.98,0.79,10.12

131124546,2
131124546,05549,0.81,0.80,9.33

131124562,2
131124562,05562,0.26,0.89,9.50

131124578,2
131124578,05575,-3.24,1.39,9.77

131124593,2
131124593,05588,-1.15,0.93,9.46

131124609,2
131124609,05601,-0.06,0.55,9.39

131124625,2
131124625,05614,12.57,-0.63,8.90

131124625,2
131124625,05627,2.98,0.37,8.75

131124640,2
131124640,05640,1.48,0.65,9.33

131124656,2
131124656,05653,1.12,0.70,9.17

131124671,2
131124671,05666,1.03,0.77,9.38

131124687,2
131124687,05679,1.22,0.73,9.64

131124703,2
131124703,05692,1.62,0.66,10.06

131124703,2
131124703,05705,0.99,0.40,8.81

131124718,2
131124718,05718,0.66,1.06,8.72

131124734,2
131124734,05731,1.09,0.87,9.36

131124750,2
131124750,05744,1.06,0.71,9.40

131124765,2
131124765,05757,1.19,0.68,9.38

131124781,2
131124781,05770,1.13,0.74,9.36

131124781,2
131124781,05783,1.11,0.71,9.37

131124796,2
131124796,05796,1.13,0.72,9.39

131124812,2
131124812,05809,1.17,0.73,9.36

131124828,2
131124828,05822,1.14,0.72,9.36

131124843,2
131124843,05835,1.14,0.71,9.33

131124859,2
131124859,05848,1.15,0.72,9.34

131124859,2
131124859,05861,1.12,0.71,9.36

131124875,2
131124875,05874,1.14,0.72,9.40

131124890,2
131124890,05887,1.11,0.71,9.42

131124906,2
131124906,05900,2.82,1.20,7.54

131124921,2
131124921,05913,0.75,0.81,10.45

131124937,2
131124937,05926,1.16,0.79,10.18

131124937,2
131124937,05939,1.19,0.87,9.41

131124953,2
131124953,05952,1.15,0.75,9.50

131124968,2
131124968,05965,1.05,0.72,9.47

131124984,2
131124984,05978,1.08,0.80,9.48

131125000,2
131125000,05991,1.14,0.77,9.50

131125015,2
131125015,06004,1.14,0.74,9.56

131125015,2
131125015,06017,1.50,1.07,10.12

131125031,2
131125031,06030,1.10,-0.28,9.75

131125046,2
131125046,06043,0.96,0.73,8.41

131125062,2
131125062,06056,1.13,0.94,8.98

131125078,2
131125078,06069,1.17,0.76,9.26

131125093,2
131125093,06082,1.14,0.69,9.37

131125093,2
131125093,06095,1.20,0.72,9.34

131125109,2
131125109,06108,1.16,0.72,9.36

131125125,2
131125125,06121,1.13,0.70,9.38

131125140,2
131125140,06134,1.16,0.71,9.39

131125156,2
131125156,06147,1.14,0.70,9.41

131125171,2
131125171,06160,1.13,0.71,9.37

131125171,2
131125171,06173,1.14,0.70,9.39

131125187,2
131125187,06186,1.13,0.72,9.34

131125203,2
131125203,06199,1.15,0.73,9.36

131125218,2
131125218,06212,1.15,0.70,9.37

131125234,2
131125234,06225,1.32,-0.02,-6.65

131125250,2
131125250,06238,1.33,0.89,9.43

131125250,2
131125250,06251,1.25,0.67,10.05

131125265,2
131125265,06264,1.08,0.71,9.14

131125281,2
131125281,06277,1.09,0.78,9.58

131125296,2
131125296,06290,1.11,0.70,9.59

131125312,2
131125312,06303,1.03,0.66,9.25

131125328,2
131125328,06316,1.08,0.75,9.43

131125328,2
131125328,06329,1.14,0.74,9.52

131125343,2
131125343,06342,1.16,0.77,9.83

131125359,2
131125359,06355,1.49,0.75,10.32

131125375,2
131125375,06368,0.95,0.52,8.68

131125390,2
131125390,06381,0.92,0.78,8.28

131125406,2
131125406,06394,1.20,0.78,9.37

131125406,2
131125406,06407,1.13,0.73,9.38

131125421,2
131125421,06420,1.11,0.69,9.33

131125437,2
131125437,06433,1.16,0.74,9.36

131125453,2
131125453,06446,1.13,0.71,9.42

131125468,2
131125468,06459,1.11,0.70,9.41

131125484,2
131125484,06472,1.13,0.72,9.39

131125484,2
131125484,06485,1.17,0.71,9.34

131125500,2
131125500,06498,1.16,0.72,9.33

131125515,2
131125515,06511,1.16,0.72,9.35

131125531,2
131125531,06524,1.17,0.72,9.34

131125546,2
131125546,06537,1.16,0.71,9.36

131125562,2
131125562,06550,3.71,1.81,6.47

131125562,2
131125562,06563,1.36,0.72,8.85

131125578,2
131125578,06576,1.25,0.69,10.14

131125593,2
131125593,06589,1.20,0.76,9.32

131125609,2
131125609,06602,1.14,0.73,9.57

131125625,2
131125625,06615,1.10,0.70,9.51

131125640,2
131125640,06628,1.07,0.73,9.38

131125640,2
131125640,06641,1.08,0.75,9.37

131125656,2
131125656,06654,1.11,0.74,9.45

131125671,2
131125671,06667,1.13,0.76,9.64

131125687,2
131125687,06680,1.43,0.86,10.80

131125703,2
131125703,06693,1.06,0.46,8.91

131125718,2
131125718,06706,0.85,0.72,7.81

131125718,2
131125718,06719,1.22,0.80,9.43

131125734,2
131125734,06732,1.12,0.72,9.41

131125750,2
131125750,06745,1.12,0.63,9.34

131125765,2
131125765,06758,1.18,0.73,9.30

131125781,2
131125781,06771,1.13,0.69,9.41

131125781,2
131125796,06784,1.14,0.69,9.38

131125796,2
131125796,06797,1.15,0.71,9.38

131125812,2
131125812,06810,1.17,0.70,9.37

131125828,2
131125828,06823,1.16,0.69,9.36

131125843,2
131125843,06836,1.17,0.69,9.38

131125859,2
131125859,06849,1.17,0.72,9.36

131125859,2
131125859,06862,1.14,0.71,9.36

131125875,2
131125875,06875,1.17,0.71,9.36

131125890,2
131125890,06888,1.36,0.66,-6.38

131125906,2
131125906,06901,0.94,0.84,9.71

131125921,2
131125921,06914,1.15,0.58,9.82

131125937,2
131125937,06927,1.19,0.71,9.27

131125937,2
131125953,06940,1.09,0.75,9.55

131125953,2
131125953,06953,1.12,0.71,9.60

131125968,2
131125968,06966,1.09,0.73,9.48

131125984,2
131125984,06979,1.09,0.77,9.39

131126000,2
131126000,06992,1.14,0.77,9.53

131126015,2
131126015,07005,1.24,0.76,9.92

131126015,2
131126015,07018,1.49,0.76,10.29

131126031,2
131126031,07031,0.69,0.47,7.72

131126046,2
131126046,07044,1.12,0.79,9.26

131126062,2
131126062,07057,1.13,0.73,9.19

131126078,2
131126078,07070,1.17,0.70,9.39

131126093,2
131126093,07083,1.16,0.70,9.36

131126093,2
131126109,07096,1.16,0.72,9.35

131126109,2
131126109,07109,1.15,0.72,9.40

131126125,2
131126125,07122,1.13,0.72,9.39

131126140,2
131126140,07135,1.17,0.72,9.36

131126156,2
131126156,07148,1.14,0.69,9.36

131126171,2
131126171,07161,1.16,0.72,9.36

131126171,2
131126187,07174,1.17,0.71,9.37

131126187,2
131126187,07187,1.18,0.72,9.35

131126203,2
131126203,07200,1.17,0.71,9.35

131126218,2
131126218,07213,0.61,1.59,19.61

131126234,2
131126234,07226,0.75,0.55,9.27

131126250,2
131126250,07239,1.16,0.85,9.82

131126250,2
131126250,07252,1.05,0.65,9.25

131126265,2
131126265,07265,1.02,0.70,9.34

131126281,2
131126281,07278,1.11,0.77,9.46

131126296,2
131126296,07291,1.07,0.72,9.35

131126312,2
131126312,07304,1.10,0.74,9.42

131126328,2
131126328,07317,1.15,0.82,9.48

131126328,2
131126328,07330,1.10,0.73,9.48

131126343,2
131126343,07343,1.22,0.79,9.70

131126359,2
131126359,07356,1.28,0.81,10.01

131126375,2
131126375,07369,1.39,0.86,10.01

131126390,2
131126390,07382,0.79,0.53,7.64

131126406,2
131126406,07395,1.17,0.76,9.49

131126406,2
131126406,07408,1.14,0.73,9.28

131126421,2
131126421,07421,1.14,0.68,9.35

131126437,2
131126437,07434,1.18,0.71,9.34

131126453,2
131126453,07447,1.16,0.71,9.36

131126468,2
131126468,07460,1.17,0.71,9.35

131126484,2
131126484,07473,1.16,0.70,9.37

131126484,2
131126484,07486,1.17,0.71,9.38

131126500,2
131126500,07499,1.18,0.71,9.35

131126515,2
131126515,07512,1.17,0.68,9.38

131126531,2
131126531,07525,1.12,0.69,9.37

131126546,2
131126546,07538,1.16,0.70,9.36

131126562,2
131126562,07551,1.18,0.71,9.35

131126562,2
131126562,07564,-0.93,-0.17,-0.80

131126578,2
131126578,07577,1.31,0.74,9.80

131126593,2
131126593,07590,1.22,0.68,10.06

131126609,2
131126609,07603,1.08,0.68,9.11

131126625,2
131126625,07616,1.13,0.77,9.52

131126640,2
131126640,07629,1.13,0.76,9.60

131126640,2
131126640,07642,1.05,0.71,9.46

131126656,2
131126656,07655,1.09,0.74,9.40

131126671,2
131126671,07668,1.14,0.76,9.46

131126687,2
131126687,07681,1.10,0.69,9.44

131126703,2
131126703,07694,1.20,0.74,9.66

131126718,2
131126718,07707,1.24,0.77,9.85

131126718,2
131126718,07720,1.31,0.81,9.99

131126734,2
131126734,07733,0.86,0.62,7.83

131126750,2
131126750,07746,1.19,0.75,9.47

131126765,2
131126765,07759,1.13,0.72,9.34

131126781,2
131126781,07772,1.13,0.68,9.33

131126796,2
131126796,07785,1.18,0.69,9.34

131126796,2
131126796,07798,1.15,0.69,9.36

131126812,2
131126812,07811,1.17,0.68,9.38

131126828,2
131126828,07824,1.14,0.70,9.36

131126843,2
131126843,07837,1.17,0.73,9.35

131126859,2
131126859,07850,1.14,0.72,9.38

131126875,2
131126875,07863,1.18,0.73,9.37

131126875,2
131126875,07876,1.14,0.71,9.36

131126890,2
131126890,07889,0.93,1.42,-4.77

131126906,2
131126906,07902,1.90,0.58,9.52

131126921,2
131126921,07915,1.25,0.63,9.89

131126937,2
131126937,07928,1.16,0.73,9.13

131126953,2
131126953,07941,1.11,0.77,9.48

131126953,2
131126953,07954,1.09,0.75,9.55

131126968,2
131126968,07967,1.07,0.75,9.42

131126984,2
131126984,07980,1.08,0.78,9.43

131127000,2
131127000,07993,1.12,0.77,9.47

131127015,2
131127015,08006,1.15,0.77,9.56

131127031,2
131127031,08019,1.24,0.73,9.61

131127031,2
131127031,08032,1.54,1.04,10.78

131127046,2
131127046,08045,0.70,0.30,7.73

131127062,2
131127062,08058,1.09,0.81,8.95

131127078,2
131127078,08071,1.14,0.75,9.20

131127093,2
131127093,08084,1.15,0.69,9.46

131127109,2
131127109,08097,1.17,0.69,9.33

131127109,2
131127109,08110,1.18,0.73,9.32

131127125,2
131127125,08123,1.14,0.70,9.41

131127140,2
131127140,08136,1.18,0.70,9.37

131127156,2
131127156,08149,1.17,0.68,9.36

131127171,2
131127171,08162,1.17,0.70,9.35

131127187,2
131127187,08175,1.19,0.71,9.36

131127187,2
131127187,08188,1.19,0.69,9.36

131127203,2
131127203,08201,1.18,0.68,9.36

131127218,2
131127218,08214,1.18,0.70,9.35

131127234,2
131127234,08227,1.18,0.70,9.38

131127250,2
131127250,08240,1.15,0.71,9.36

131127265,2
131127265,08253,2.53,0.90,14.61

131127265,2
131127265,08266,1.23,0.62,10.29

131127281,2
131127281,08279,1.26,0.84,9.78

131127296,2
131127296,08292,1.16,0.71,9.46

131127312,2
131127312,08305,1.02,0.72,9.36

131127328,2
131127328,08318,1.14,0.81,9.44

131127328,2
131127343,08331,1.11,0.75,9.50

131127343,2
131127343,08344,1.14,0.78,9.74

131127359,2
131127359,08357,1.38,0.86,10.13

131127375,2
131127375,08370,1.53,0.86,10.21

131127390,2
131127390,08383,0.64,0.50,7.42

131127406,2
131127406,08396,1.21,0.82,9.44

131127421,2
131127421,08409,1.14,0.73,9.23

131127421,2
131127421,08422,1.13,0.68,9.33

131127437,2
131127437,08435,1.19,0.70,9.35

131127453,2
131127453,08448,1.15,0.71,9.35

131127468,2
131127468,08461,1.13,0.70,9.37

131127484,2
131127484,08474,1.16,0.69,9.35

131127484,2
131127500,08487,1.17,0.71,9.38

131127500,2
131127500,08500,1.15,0.71,9.34

131127515,2
131127515,08513,1.18,0.70,9.35

131127531,2
131127531,08526,1.16,0.72,9.35

131127546,2
131127546,08539,1.16,0.71,9.35

131127562,2
131127562,08552,1.19,0.73,9.33

131127562,2
131127562,08565,1.17,0.72,9.35

131127578,2
131127578,08578,2.33,1.75,4.63

131127593,2
131127593,08591,1.71,0.54,9.94

131127609,2
131127609,08604,1.30,0.70,10.16

131127625,2
131127625,08617,1.19,0.75,9.31

131127640,2
131127640,08630,1.17,0.72,9.60

131127640,2
131127640,08643,1.04,0.75,9.49

131127656,2
131127656,08656,1.07,0.73,9.26

131127671,2
131127671,08669,1.10,0.78,9.35

131127687,2
131127687,08682,1.10,0.74,9.33

131127703,2
131127703,08695,1.18,0.80,9.58

131127718,2
131127718,08708,1.25,0.76,9.93

131127718,2
131127734,08721,1.46,0.84,10.40

131127734,2
131127734,08734,0.91,0.54,8.35

131127750,2
131127750,08747,1.03,0.74,8.66

131127765,2
131127765,08760,1.17,0.73,9.26

131127781,2
131127781,08773,1.13,0.73,9.45

131127796,2
131127796,08786,1.17,0.71,9.31

131127796,2
131127796,08799,1.18,0.72,9.33

131127812,2
131127812,08812,1.17,0.71,9.38

131127828,2
131127828,08825,1.16,0.71,9.33

131127843,2
131127843,08838,1.18,0.70,9.34

131127859,2
131127859,08851,1.18,0.70,9.35

131127875,2
131127875,08864,1.19,0.71,9.34

131127875,2
131127890,08877,1.17,0.70,9.36

131127890,2
131127890,08890,1.18,0.69,9.38

131127906,2
131127906,08903,1.17,0.70,9.37

131127921,2
131127921,08916,1.16,0.71,9.34

131127937,2
131127937,08929,0.39,1.02,15.38

131127953,2
131127953,08942,0.92,0.48,9.89

131127953,2
131127953,08955,1.16,0.82,9.69

131127968,2
131127968,08968,1.14,0.67,9.55

131127984,2
131127984,08981,1.07,0.73,9.45

131128000,2
131128000,08994,1.12,0.80,9.44

131128015,2
131128015,09007,1.09,0.73,9.46

131128031,2
131128031,09020,1.12,0.71,9.47

131128031,2
131128031,09033,1.14,0.78,9.59

131128046,2
131128046,09046,1.36,0.76,10.39

131128062,2
131128062,09059,1.27,0.86,9.79

131128078,2
131128078,09072,0.92,0.73,7.59

131128093,2
131128093,09085,1.24,0.81,9.40

131128109,2
131128109,09098,1.18,0.74,9.29

131128109,2
131128109,09111,1.14,0.69,9.34

131128125,2
131128125,09124,1.18,0.72,9.31

131128140,2
131128140,09137,1.16,0.71,9.35

131128156,2
131128156,09150,1.15,0.68,9.37

131128171,2
131128171,09163,1.19,0.72,9.36

131128187,2
131128187,09176,1.14,0.72,9.34

131128187,2
131128187,09189,1.19,0.70,9.31

131128203,2
131128203,09202,1.17,0.70,9.34

131128218,2
131128218,09215,1.16,0.71,9.35

131128234,2
131128234,09228,1.17,0.71,9.37

131128250,2
131128250,09241,1.16,0.71,9.37

131128265,2
131128265,09254,-1.90,0.25,-5.43

131128265,2
131128265,09267,1.39,0.96,10.01

131128281,2
131128281,09280,1.23,0.63,10.09

131128296,2
131128296,09293,1.04,0.69,9.22

131128312,2
131128312,09306,1.08,0.78,9.53

131128328,2
131128328,09319,1.13,0.74,9.64

131128343,2
131128343,09332,1.04,0.69,9.29

131128343,2
131128343,09345,1.09,0.74,9.24

131128359,2
131128359,09358,1.13,0.76,9.49

131128375,2
131128375,09371,1.16,0.76,9.52

131128390,2
131128390,09384,1.28,0.73,9.87

131128406,2
131128406,09397,1.55,0.78,10.34

131128421,2
131128421,09410,0.80,0.48,8.18

131128421,2
131128437,09423,1.08,0.79,8.74

131128437,2
131128437,09436,1.16,0.74,9.27

131128453,2
131128453,09449,1.14,0.70,9.47

131128468,2
131128468,09462,1.18,0.70,9.34

131128484,2
131128484,09475,1.19,0.72,9.32

131128484,2
131128500,09488,1.18,0.69,9.41

131128500,2
131128500,09501,1.17,0.68,9.36

131128515,2
131128515,09514,1.18,0.70,9.37

131128531,2
131128531,09527,1.17,0.73,9.38

131128546,2
131128546,09540,1.18,0.74,9.35

131128562,2
131128562,09553,1.19,0.73,9.33

131128562,2
131128578,09566,1.16,0.71,9.38

131128578,2
131128578,09579,1.18,0.69,9.35

131128593,2
131128593,09592,1.19,0.68,9.33

131128609,2
131128609,09605,1.73,0.68,15.65

131128625,2
131128625,09618,0.86,0.56,9.60

131128640,2
131128640,09631,1.21,0.82,9.73

131128640,2
131128656,09644,1.12,0.64,9.49

131128656,2
131128656,09657,1.04,0.73,9.39

131128671,2
131128671,09670,1.15,0.78,9.40

131128687,2
131128687,09683,1.12,0.70,9.42

131128703,2
131128703,09696,1.09,0.76,9.35

131128718,2
131128718,09709,1.19,0.81,9.56

131128734,2
131128734,09722,1.50,0.69,10.44

131128734,2
131128734,09735,1.01,0.51,8.96

131128750,2
131128750,09748,0.94,0.82,8.00

131128765,2
131128765,09761,1.21,0.75,9.35

131128781,2
131128781,09774,1.15,0.71,9.40

131128796,2
131128796,09787,1.16,0.67,9.34

131128812,2
131128812,09800,1.17,0.73,9.32

131128812,2
131128812,09813,1.15,0.69,9.40

131128828,2
131128828,09826,1.16,0.69,9.38

131128843,2
131128843,09839,1.18,0.72,9.35

131128859,2
131128859,09852,1.16,0.70,9.36

131128875,2
131128875,09865,1.20,0.70,9.37

131128890,2
131128890,09878,1.18,0.70,9.36

131128890,2
131128890,09891,1.17,0.72,9.36

131128906,2
131128906,09904,1.16,0.71,9.36

131128921,2
131128921,09917,1.17,0.69,9.39

131128937,2
131128937,09930,1.16,0.70,9.35

131128953,2
131128953,09943,0.28,0.39,19.00

131128968,2
131128968,09956,1.45,0.42,10.22

131128968,2
131128968,09969,0.33,1.62,10.12

131128984,2
131128984,09982,-1.92,2.76,9.49

131129000,2
131129000,09995,-0.90,0.91,9.60

131129015,2
131129015,10008,0.13,-0.09,9.61

131129031,2
131129031,10021,5.89,-3.16,8.87

131129031,2
131129046,10034,3.86,0.46,9.72

131129046,2
131129046,10047,1.47,0.70,9.39

131129062,2
131129062,10060,0.98,0.66,9.38

131129078,2
131129078,10073,1.00,0.80,9.05

131129093,2
131129093,10086,1.08,0.79,9.21

131129109,2
131129109,10099,1.08,0.75,9.32

131129109,2
131129109,10112,1.11,0.79,9.46

131129125,2
131129125,10125,1.29,0.97,9.71

131129140,2
131129140,10138,0.79,0.63,9.57

131129156,2
131129156,10151,0.98,0.71,9.15

131129171,2
131129171,10164,1.11,0.84,9.13

131129187,2
131129187,10177,1.08,0.79,9.31

131129203,2
131129203,10190,1.11,0.77,9.40

131129203,2
131129203,10203,1.10,0.80,9.30

131129218,2
131129218,10216,1.13,0.78,9.32

131129234,2
131129234,10229,1.15,0.77,9.34

131129250,2
131129250,10242,1.13,0.79,9.31

131129265,2
131129265,10255,1.11,0.80,9.36

131129265,2
131129265,10268,1.12,0.78,9.35

131129281,2
131129281,10281,1.14,0.79,9.39

131129296,2
131129296,10294,1.12,0.79,9.37

131129312,2
131129312,10307,1.15,0.78,9.40

131129328,2
131129328,10320,1.13,0.78,9.39

131129343,2
131129343,10333,1.15,0.79,9.36

131129343,2
131129343,10346,3.13,1.14,4.55

131129359,2
131129359,10359,0.98,0.78,10.27

131129375,2
131129375,10372,1.04,0.66,9.87

131129390,2
131129390,10385,1.15,0.76,9.48

131129406,2
131129406,10398,1.09,0.71,9.51

131129421,2
131129421,10411,1.04,0.70,9.50

131129421,2
131129421,10424,1.03,0.76,9.48

131129437,2
131129437,10437,0.99,0.75,9.56

131129453,2
131129453,10450,1.13,0.68,9.73

131129468,2
131129468,10463,1.28,0.72,10.00

131129484,2
131129484,10476,0.99,0.59,9.00

131129500,2
131129500,10489,1.04,0.86,8.62

131129500,2
131129500,10502,1.11,0.82,9.15

131129515,2
131129515,10515,1.08,0.78,9.38

131129531,2
131129531,10528,1.15,0.79,9.25

131129546,2
131129546,10541,1.16,0.77,9.33

131129562,2
131129562,10554,1.11,0.76,9.40

131129578,2
131129578,10567,1.09,0.76,9.34

131129578,2
131129578,10580,1.08,0.75,9.42

131129593,2
131129593,10593,1.10,0.76,9.43

131129609,2
131129609,10606,1.11,0.79,9.39

131129625,2
131129625,10619,1.10,0.76,9.38

131129640,2
131129640,10632,1.15,0.79,9.37

131129656,2
131129656,10645,1.11,0.78,9.31

131129656,2
131129656,10658,1.16,0.77,9.35

131129671,2
131129671,10671,-0.82,0.18,-3.44

131129687,2
131129687,10684,1.81,1.07,8.81

131129703,2
131129703,10697,0.75,0.81,9.74

131129718,2
131129718,10710,1.25,0.60,9.40

131129734,2
131129734,10723,1.02,0.74,9.56

131129734,2
131129734,10736,1.05,0.79,9.52

131129750,2
131129750,10749,1.05,0.70,9.43

131129765,2
131129765,10762,0.98,0.72,9.43

131129781,2
131129781,10775,1.09,0.79,9.44

131129796,2
131129796,10788,1.11,0.71,9.54

131129812,2
131129812,10801,1.25,0.66,9.73

131129812,2
131129812,10814,1.33,0.96,9.97

131129828,2
131129828,10827,0.78,0.77,8.50

131129843,2
131129843,10840,1.13,0.85,9.00

131129859,2
131129859,10853,1.08,0.74,9.38

131129875,2
131129875,10866,1.12,0.73,9.42

131129890,2
131129890,10879,1.13,0.77,9.31

131129890,2
131129890,10892,1.14,0.76,9.40

131129906,2
131129906,10905,1.11,0.78,9.38

131129921,2
131129921,10918,1.14,0.76,9.34

131129937,2
131129937,10931,1.14,0.75,9.35

131129953,2
131129953,10944,1.14,0.77,9.34

131129968,2
131129968,10957,1.15,0.78,9.35

131129968,2
131129968,10970,1.14,0.77,9.34

131129984,2
131129984,10983,1.15,0.80,9.36

131130000,2
131130000,10996,1.12,0.77,9.34

131130015,2
131130015,11009,1.12,0.77,9.37

131130031,2
131130031,11022,-1.70,-0.22,-0.54

131130046,2
131130046,11035,1.21,0.85,9.97

131130046,2
131130046,11048,1.20,0.74,10.03

131130062,2
131130062,11061,1.05,0.69,9.23

131130078,2
131130078,11074,1.01,0.77,9.46

131130093,2
131130093,11087,1.07,0.76,9.57

131130109,2
131130109,11100,1.03,0.69,9.44

131130125,2
131130125,11113,0.97,0.75,9.48

131130125,2
131130125,11126,1.09,0.72,9.55

131130140,2
131130140,11139,1.14,0.71,9.86

131130156,2
131130156,11152,1.33,0.84,10.01

131130171,2
131130171,11165,0.74,0.71,8.29

131130187,2
131130187,11178,1.07,0.79,8.99

131130203,2
131130203,11191,1.14,0.77,9.29

131130203,2
131130203,11204,1.12,0.73,9.36

131130218,2
131130218,11217,1.16,0.76,9.28

131130234,2
131130234,11230,1.12,0.76,9.33

131130250,2
131130250,11243,1.12,0.76,9.40

131130265,2
131130265,11256,1.13,0.76,9.38

131130281,2
131130281,11269,1.13,0.74,9.41

131130281,2
131130281,11282,1.13,0.77,9.41

131130296,2
131130296,11295,1.10,0.77,9.37

131130312,2
131130312,11308,1.15,0.75,9.36

131130328,2
131130328,11321,1.14,0.76,9.36

131130343,2
131130343,11334,1.16,0.76,9.35

131130359,2
131130359,11347,1.15,1.00,9.09

131130359,2
131130359,11360,1.65,0.63,10.88

131130375,2
131130375,11373,1.02,0.60,9.57

131130390,2
131130390,11386,1.17,0.82,9.30

131130406,2
131130406,11399,1.15,0.69,9.66

131130421,2
131130421,11412,0.98,0.70,9.53

131130437,2
131130437,11425,1.10,0.76,9.43

131130437,2
131130437,11438,1.08,0.74,9.45

131130453,2
131130453,11451,1.00,0.72,9.42

131130468,2
131130468,11464,1.06,0.73,9.46

131130484,2
131130484,11477,1.13,0.73,9.75

131130500,2
131130500,11490,1.46,0.75,10.30

131130515,2
131130515,11503,0.80,0.55,8.29

131130515,2
131130515,11516,1.08,0.84,8.85

131130531,2
131130531,11529,1.12,0.76,9.28

131130546,2
131130546,11542,1.12,0.74,9.48

131130562,2
131130562,11555,1.13,0.78,9.33

131130578,2
131130578,11568,1.13,0.76,9.33

131130578,2
131130593,11581,1.11,0.74,9.43

131130593,2
131130593,11594,1.14,0.77,9.32

131130609,2
131130609,11607,1.13,0.76,9.37

131130625,2
131130625,11620,1.12,0.76,9.36

131130640,2
131130640,11633,1.14,0.76,9.36

131130656,2
131130656,11646,1.14,0.78,9.31

131130671,2
131130671,11659,1.15,0.74,9.34

131130671,2
131130671,11672,3.05,1.71,6.43

131130687,2
131130687,11685,1.25,0.88,10.15

131130703,2
131130703,11698,1.04,0.62,9.91

131130718,2
131130718,11711,1.11,0.77,9.45

131130734,2
131130734,11724,1.10,0.74,9.53

131130734,2
131130750,11737,1.04,0.66,9.42

131130750,2
131130750,11750,1.07,0.73,9.36

131130765,2
131130765,11763,1.01,0.71,9.41

131130781,2
131130781,11776,1.05,0.72,9.46

131130796,2
131130796,11789,1.09,0.69,9.49

131130812,2
131130812,11802,1.35,0.58,9.93

131130812,2
131130812,11815,1.18,1.26,9.59

131130828,2
131130828,11828,0.79,0.60,8.30

131130843,2
131130843,11841,1.12,0.77,9.16

131130859,2
131130859,11854,1.12,0.74,9.30

131130875,2
131130875,11867,1.14,0.73,9.40

131130890,2
131130890,11880,1.15,0.75,9.32

131130890,2
131130890,11893,1.11,0.75,9.36

131130906,2
131130906,11906,1.10,0.73,9.40

131130921,2
131130921,11919,1.13,0.74,9.33

131130937,2
131130937,11932,1.13,0.76,9.38

131130953,2
131130953,11945,1.13,0.75,9.35

131130968,2
131130968,11958,1.15,0.75,9.33

131130968,2
131130968,11971,1.13,0.76,9.34

131130984,2
131130984,11984,1.15,0.76,9.36

131131000,2
131131000,11997,1.13,0.78,9.38

131131015,2
131131015,12010,2.40,2.04,5.61

131131031,2
131131031,12023,1.28,0.72,10.01

131131046,2
131131046,12036,1.05,0.51,10.09

131131046,2
131131046,12049,1.12,0.76,9.30

131131062,2
131131062,12062,1.07,0.77,9.61

131131078,2
131131078,12075,1.02,0.71,9.52

131131093,2
131131093,12088,0.99,0.76,9.33

131131109,2
131131109,12101,1.05,0.74,9.43

131131125,2
131131125,12114,1.04,0.75,9.63

131131125,2
131131125,12127,1.05,0.60,9.52

131131140,2
131131140,12140,1.40,0.51,9.86

131131156,2
131131156,12153,1.18,1.51,9.91

131131171,2
131131171,12166,0.75,0.57,8.19

131131187,2
131131187,12179,1.10,0.78,9.07

131131203,2
131131203,12192,1.13,0.80,9.27

131131203,2
131131203,12205,1.10,0.73,9.41

131131218,2
131131218,12218,1.17,0.78,9.31

131131234,2
131131234,12231,1.11,0.79,9.33

131131250,2
131131250,12244,1.12,0.74,9.38

131131265,2
131131265,12257,1.16,0.77,9.32

131131281,2
131131281,12270,1.14,0.77,9.37

131131281,2
131131281,12283,1.13,0.76,9.34

131131296,2
131131296,12296,1.13,0.75,9.35

131131312,2
131131312,12309,1.14,0.78,9.35

131131328,2
131131328,12322,1.12,0.76,9.34

131131343,2
131131343,12335,-1.07,-0.28,10.57

131131359,2
131131359,12348,0.83,0.64,9.42

131131359,2
131131375,12361,1.23,0.94,10.07

131131375,2
131131375,12374,1.00,0.63,9.09

131131390,2
131131390,12387,0.97,0.76,9.44

131131406,2
131131406,12400,1.13,0.83,9.63

131131421,2
131131421,12413,1.01,0.65,9.37

131131437,2
131131437,12426,1.03,0.75,9.42

131131437,2
131131437,12439,1.16,0.81,9.56

131131453,2
131131453,12452,1.13,0.73,9.71

131131468,2
131131468,12465,1.28,0.85,9.94

131131484,2
131131484,12478,1.57,0.99,9.72

131131500,2
131131500,12491,0.65,0.54,8.21

131131515,2
131131515,12504,1.12,0.76,9.05

131131515,2
131131515,12517,1.13,0.74,9.38

131131531,2
131131531,12530,1.12,0.73,9.35

131131546,2
131131546,12543,1.15,0.76,9.29

131131562,2
131131562,12556,1.12,0.75,9.37

131131578,2
131131578,12569,1.13,0.76,9.38

131131593,2
131131593,12582,1.10,0.74,9.37

131131593,2
131131593,12595,1.14,0.75,9.36

131131609,2
131131609,12608,1.14,0.76,9.38

131131625,2
131131625,12621,1.14,0.75,9.35

131131640,2
131131640,12634,1.16,0.77,9.35

131131656,2
131131656,12647,1.14,0.78,9.34

131131671,2
131131671,12660,1.17,0.74,9.37

131131671,2
131131671,12673,0.79,0.18,-4.04

131131687,2
131131687,12686,1.55,1.08,9.36

131131703,2
131131703,12699,1.17,0.61,9.76

131131718,2
131131718,12712,1.09,0.70,9.23

131131734,2
131131734,12725,1.11,0.81,9.59

131131750,2
131131750,12738,1.07,0.73,9.61

131131750,2
131131750,12751,1.01,0.69,9.41

131131765,2
131131765,12764,1.02,0.73,9.46

131131781,2
131131781,12777,1.08,0.76,9.71

131131796,2
131131796,12790,1.19,0.73,9.92

131131812,2
131131812,12803,1.44,0.76,9.87

131131828,2
131131828,12816,0.74,0.68,8.27

131131828,2
131131828,12829,1.09,0.81,9.02

131131843,2
131131843,12842,1.12,0.77,9.38

131131859,2
131131859,12855,1.13,0.73,9.34

131131875,2
131131875,12868,1.16,0.76,9.33

131131890,2
131131890,12881,1.13,0.77,9.36

131131906,2
131131906,12894,1.15,0.77,9.37

131131906,2
131131906,12907,1.12,0.74,9.38

131131921,2
131131921,12920,1.16,0.76,9.40

131131937,2
131131937,12933,1.13,0.77,9.36

131131953,2
131131953,12946,1.11,0.75,9.34

131131968,2
131131968,12959,1.14,0.79,9.35

131131984,2
131131984,12972,1.12,0.79,9.33

131131984,2
131131984,12985,3.71,1.67,4.33

131132000,2
131132000,12998,1.42,1.00,9.20

131132015,2
131132015,13011,1.27,0.69,9.85

131132031,2
131132031,13024,1.15,0.78,9.44

131132046,2
131132046,13037,1.10,0.76,9.70

131132062,2
131132062,13050,1.05,0.71,9.54

131132062,2
131132062,13063,1.06,0.75,9.50

131132078,2
131132078,13076,1.02,0.80,9.56

131132093,2
131132093,13089,1.08,0.70,9.47

131132109,2
131134109,13102,1.12,0.73,9.50
213115,1.25,0.71,9.71
213128,1.24,0.73,9.44
213141,0.85,0.70,8.62
213154,1.12,0.82,9.05
213167,1.13,0.74,9.31
213180,1.13,0.72,9.39
213193,1.15,0.76,9.34
213206,1.09,0.73,9.39
213219,1.14,0.74,9.44
213232,1.12,0.76,9.38
213
131134109,245,1.14,0.76,9.38
213258,1.13,0.75,9.34
213271,1.15,0.77,9.32
213284,1.14,0.77,9.31
213297,1.15,0.77,9.31
213310,1.14,0.74,9.34
213323,1.32,1.42,16.63
213336,0.72,0.70,9.80
213349,0.99,0.89,10.16
213362,1.04,0.63,9.67
213375,0.92,0.70,9.54
213
131134109,388,1.09,0.79,9.55
213401,0.99,0.71,9.51
213414,1.01,0.70,9.44
213427,1.09,0.81,9.63
213440,1.13,0.70,9.72
213453,1.44,0.73,10.03
213466,0.84,0.60,8.32
213479,1.02,0.75,8.86
213492,1.10,0.76,9.25
213505,1.12,0.74,9.41
213518,1.13,0.76,9.31
2135
131134109,31,1.11,0.78,9.34
213544,1.13,0.75,9.42
213557,1.10,0.76,9.40
213570,1.14,0.76,9.40
213583,1.12,0.75,9.39
213596,1.14,0.77,9.34
213609,1.12,0.76,9.32
213622,1.13,0.77,9.33
213635,1.13,0.75,9.36
213648,1.11,0.75,9.39
213661,1.13,0.76,9.36
213674
131134109,,1.12,0.75,9.37
213687,1.15,0.77,9.39
213700,1.14,0.76,9.35
213713,1.15,0.75,9.40
213726,1.13,0.76,9.36
213739,1.17,0.74,9.38
213752,1.15,0.76,9.35
213765,1.14,0.76,9.36
213778,1.15,0.75,9.37
213791,1.13,0.75,9.37
213804,1.15,0.76,9.37
213817,1
131134109,.12,0.76,9.37
213830,1.16,0.75,9.37
213843,1.14,0.74,9.39
213856,1.15,0.75,9.37
213869,1.14,0.77,9.38
213882,1.14,0.74,9.37
213895,1.17,0.74,9.32
213908,1.16,0.74,9.34
213921,1.17,0.75,9.34
213934,1.15,0.76,9.35
213947,1.13,0.75,9.37
213960,1.1
131134125,4,0.75,9.36
213973,1.15,0.75,9.38
213986,1.15,0.74,9.38
213999,1.13,0.74,9.37
214012,1.15,0.74,9.37
214025,1.14,0.74,9.35
214038,1.16,0.75,9.37
214051,1.13,0.76,9.36
214064,1.12,0.76,9.38
214077,1.13,0.76,9.36
214090,1.13,0.74,9.36
214103,1.16,
131134125,0.75,9.37
214116,1.12,0.76,9.38
214129,1.14,0.77,9.38
214142,1.11,0.74,9.38
214155,1.17,0.76,9.34
214168,1.07,0.73,9.32
214181,1.02,0.62,9.34
214194,1.10,0.46,9.25
214207,1.45,0.38,9.44
214220,1.40,0.78,9.62
214233,-0.06,1.22,9.57
214246,-1.02,
131134125,1.59,10.42
214259,1.36,0.53,8.69
214272,3.16,1.29,9.58
214285,2.70,-0.01,8.51
214298,2.08,-0.34,8.95
214311,3.00,-0.96,9.17
214324,2.53,-1.02,9.17
214337,1.76,0.12,9.51
214350,2.38,1.78,9.49
214363,2.75,1.70,9.78
214376,2.26,1.63,9.54
214389,2.
131134125,08,-0.33,10.30
214402,2.28,0.57,10.99
214415,0.30,1.59,10.60
214428,-0.93,1.06,11.55
214441,-0.61,1.45,10.70
214454,-0.78,2.14,8.79
214467,0.26,2.17,7.98
214480,1.10,1.25,6.44
214493,1.63,0.62,4.48
214506,2.68,-0.15,5.18
214519,1.04,1.02,6.59
2
131134125,14532,0.98,0.43,8.71
214545,0.40,-2.33,9.53
214558,2.24,-1.34,10.62
214571,1.83,-0.42,10.96
214584,1.52,0.23,13.12
214597,1.83,0.21,11.83
214610,1.87,1.91,9.32
214623,1.25,1.66,8.84
214636,2.87,-4.86,1.87
214649,0.65,2.90,15.51
214662,1.11,1.09,
131134125,8.82
214675,0.96,0.15,8.70
214688,-1.05,1.69,5.76
214701,1.38,0.62,10.89
214714,1.23,0.26,9.53
214727,1.20,0.35,9.26
214740,1.20,0.34,9.42
214753,1.24,0.24,9.52
214766,1.23,0.25,9.43
214779,1.24,0.30,9.41
214792,1.25,0.39,9.50
214805,1.27,0.34,
131134125,9.50
214818,1.24,0.38,9.48
214831,1.26,0.45,9.59
214844,0.85,1.29,10.15
214857,0.96,3.10,9.76
214870,0.88,3.27,8.76
214883,0.69,2.76,8.55
214896,1.36,1.84,8.72
214909,1.81,1.44,7.86
214922,1.97,-3.28,10.64
214935,2.90,-3.14,10.34
214948,2.96,-3
131134140,.45,8.81
214961,1.70,-0.06,9.00
214974,1.36,0.61,9.80
214987,1.26,0.44,9.28
215000,1.32,0.50,9.46
215013,1.35,0.39,9.25
215026,1.29,0.44,9.40
215039,1.31,0.45,9.39
215052,1.32,0.46,9.38
215065,1.32,0.43,9.37
215078,1.33,0.44,9.36
215091,1.31,0.
131134140,46,9.35
215104,1.32,0.47,9.39
215117,1.31,0.46,9.37
215130,1.33,0.45,9.35

131134140,2
131134156,15143,1.31,0.45,9.38

131134156,2
131134156,15156,1.33,0.46,9.36

131134171,2
131134171,15169,1.32,0.45,9.35

131134187,2
131134187,15182,1.32,0.43,9.39

131134203,2
131134203,15195,1.33,0.44,9.34

131134218,2
131134218,15208,1.34,0.44,9.38

131134218,2
131134234,15221,1.35,0.46,9.39

131134234,2
131134234,15234,1.33,0.45,9.37

131134250,2
131134250,15247,1.34,0.46,9.40

131134265,2
131134265,15260,1.31,0.43,9.40

131134281,2
131134281,15273,1.34,0.43,9.38

131134296,2
131134296,15286,1.31,0.44,9.36

131134296,2
131134296,15299,1.34,0.43,9.36

131134312,2
131134312,15312,1.31,0.44,9.36

131134328,2
131134328,15325,1.32,0.45,9.38

131134343,2
131134343,15338,1.33,0.45,9.36

131134359,2
131134359,15351,1.32,0.45,9.36

131134375,2
131134375,15364,1.33,0.45,9.38

131134375,2
131134375,15377,1.30,0.43,9.35

131134390,2
131134390,15390,1.35,0.43,9.36

131134406,2
131134406,15403,1.31,0.44,9.37

131134421,2
131134421,15416,1.32,0.44,9.38

131134437,2
131134437,15429,1.31,0.45,9.36

131134453,2
131134453,15442,1.33,0.43,9.36

131134453,2
131134453,15455,1.32,0.44,9.36

131134468,2
131134468,15468,1.30,0.43,9.38

131134484,2
131134484,15481,1.32,0.45,9.38

131134500,2
131134500,15494,1.32,0.45,9.38

131134515,2
131134515,15507,1.32,0.43,9.41

131134531,2
131134531,15520,1.32,0.43,9.37

131134531,2
131134531,15533,1.32,0.43,9.36

131134546,2
131134546,15546,1.28,0.44,9.39

131134562,2
131134562,15559,3.98,0.01,-14.32

131134578,2
131134578,15572,1.79,1.11,13.59

131134593,2
131134593,15585,1.27,0.71,10.18

131134609,2
131134609,15598,2.30,1.09,9.34

131134609,2
131134609,15611,1.01,0.47,9.41

131134625,2
131134625,15624,1.16,0.53,9.49

131134640,2
131134640,15637,1.29,0.65,9.56

131134656,2
131134656,15650,1.25,0.69,9.96

131134671,2
131134671,15663,1.02,0.59,10.18

131134687,2
131134687,15676,1.52,0.65,9.85

131134687,2
131134687,15689,1.42,0.37,7.61

131134703,2
131134703,15702,1.36,0.37,8.96

131134718,2
131134718,15715,1.35,0.51,9.45

131134734,2
131134734,15728,1.37,0.49,9.34

131134750,2
131134750,15741,1.34,0.47,9.31

131134765,2
131134765,15754,1.32,0.46,9.36

131134765,2
131134765,15767,1.32,0.49,9.33

131134781,2
131134781,15780,1.29,0.47,9.39

131134796,2
131134796,15793,1.28,0.46,9.39

131134812,2
131134812,15806,1.33,0.48,9.39

131134828,2
131134828,15819,1.32,0.44,9.33

131134843,2
131134843,15832,1.33,0.47,9.41

131134843,2
131134843,15845,1.60,0.54,8.87

131134859,2
131134859,15858,1.84,1.31,15.31

131134875,2
131134875,15871,1.22,0.76,9.95

131134890,2
131134890,15884,1.36,0.71,9.62

131134906,2
131134906,15897,1.31,0.60,9.41

131134921,2
131134921,15910,1.27,0.62,9.42

131134921,2
131134921,15923,1.31,0.62,9.45

131134937,2
131134937,15936,1.22,0.55,9.64

131134953,2
131134953,15949,1.20,0.67,9.79

131134968,2
131134968,15962,1.15,0.65,9.90

131134984,2
131134984,15975,1.45,0.47,9.62

131135000,2
131135000,15988,1.41,0.42,7.92

131135000,2
131135000,16001,1.40,0.48,8.97

131135015,2
131135015,16014,1.35,0.45,9.40

131135031,2
131135031,16027,1.34,0.46,9.32

131135046,2
131135046,16040,1.35,0.47,9.33

131135062,2
131135062,16053,1.30,0.45,9.37

131135078,2
131135078,16066,1.32,0.45,9.36

131135078,2
131135078,16079,1.29,0.44,9.41

131135093,2
131135093,16092,1.30,0.45,9.42

131135109,2
131135109,16105,1.30,0.45,9.37

131135125,2
131135125,16118,1.33,0.46,9.37

131135140,2
131135140,16131,1.30,0.47,9.36

131135156,2
131135156,16144,1.33,0.47,9.33

131135156,2
131135156,16157,1.36,0.46,9.35

131135171,2
131135171,16170,1.33,0.46,9.32

131135187,2
131135187,16183,1.02,1.28,17.54

131135203,2
131135203,16196,1.01,0.68,10.38

131135218,2
131135218,16209,1.31,0.62,9.79

131135218,2
131135234,16222,1.31,0.55,9.44

131135234,2
131135250,16235,1.20,0.61,9.45

131135250,2
131135250,16248,1.28,0.61,9.52

131135265,2
131135265,16261,1.24,0.56,9.61

131135281,2
131135281,16274,1.21,0.59,9.79

131135296,2
131135296,16287,1.09,0.62,9.84

131135312,2
131135312,16300,1.16,0.47,9.80

131135312,2
131135312,16313,1.44,0.41,8.03

131135328,2
131135328,16326,1.46,0.50,8.80

131135343,2
131135343,16339,1.33,0.47,9.39

131135359,2
131135359,16352,1.31,0.50,9.35

131135375,2
131135375,16365,1.35,0.51,9.28

131135390,2
131135390,16378,1.31,0.49,9.36

131135390,2
131135390,16391,1.35,0.47,9.36

131135406,2
131135406,16404,1.31,0.46,9.38

131135421,2
131135421,16417,1.33,0.50,9.35

131135437,2
131135437,16430,1.31,0.48,9.33

131135453,2
131135453,16443,1.32,0.46,9.39

131135468,2
131135468,16456,1.34,0.49,9.35

131135468,2
131135468,16469,0.63,0.33,11.34

131135484,2
131135484,16482,1.66,0.52,10.52

131135500,2
131135500,16495,0.21,-0.28,10.08

131135515,2
131135515,16508,0.96,0.47,9.51

131135531,2
131135531,16521,1.27,0.66,9.56

131135546,2
131135546,16534,1.28,0.62,9.65

131135546,2
131135546,16547,1.22,0.57,9.52

131135562,2
131135562,16560,1.19,0.55,9.29

131135578,2
131135578,16573,1.19,0.54,9.71

131135593,2
131135593,16586,1.06,0.43,9.88

131135609,2
131135609,16599,1.33,0.44,9.88

131135609,2
131135609,16612,1.39,0.51,7.98

131135625,2
131135625,16625,1.43,0.49,8.86

131135640,2
131135640,16638,1.35,0.45,9.34

131135656,2
131135656,16651,1.38,0.50,9.37

131135671,2
131135671,16664,1.32,0.50,9.32

131135687,2
131135687,16677,1.32,0.48,9.36

131135687,2
131135687,16690,1.35,0.47,9.38

131135703,2
131135703,16703,1.30,0.48,9.40

131135718,2
131135718,16716,1.32,0.50,9.41

131135734,2
131135734,16729,1.31,0.49,9.37

131135750,2
131135750,16742,1.35,0.47,9.34

131135765,2
131135765,16755,1.33,0.47,9.36

131135765,2
131135765,16768,1.36,0.47,9.33

131135781,2
131135781,16781,1.43,1.91,19.61

131135796,2
131135796,16794,1.08,0.87,9.70

131135812,2
131135812,16807,1.41,0.72,9.86

131135828,2
131135828,16820,1.35,0.52,9.33

131135843,2
131135843,16833,1.32,0.63,9.47

131135843,2
131135843,16846,1.26,0.61,9.58

131135859,2
131135859,16859,1.23,0.53,9.61

131135875,2
131135875,16872,1.09,0.55,9.79

131135890,2
131135890,16885,0.88,0.56,10.28

131135906,2
131135906,16898,1.55,0.58,8.83

131135921,2
131135921,16911,1.43,0.38,8.01

131135921,2
131135937,16924,1.41,0.51,9.36

131135937,2
131135937,16937,1.35,0.46,9.33

131135953,2
131135953,16950,1.37,0.49,9.32

131135968,2
131135968,16963,1.37,0.48,9.32

131135984,2
131135984,16976,1.35,0.50,9.37

131136000,2
131136000,16989,1.30,0.47,9.34

131136000,2
131136000,17002,1.30,0.47,9.42

131136015,2
131136015,17015,1.32,0.49,9.39

131136031,2
131136031,17028,1.33,0.46,9.38

131136046,2
131136046,17041,1.34,0.49,9.38

131136062,2
131136062,17054,1.32,0.46,9.36

131136078,2
131136078,17067,1.34,0.50,9.31

131136078,2
131136093,17080,1.35,0.48,9.32

131136093,2
131136093,17093,1.36,0.47,9.32

131136109,2
131136109,17106,1.11,0.49,19.61

131136125,2
131136125,17119,1.33,0.81,9.00

131136140,2
131136140,17132,1.22,0.64,10.18

131136156,2
131136156,17145,1.22,0.48,9.34

131136156,2
131136156,17158,1.30,0.63,9.48

131136171,2
131136171,17171,1.30,0.56,9.73

131136187,2
131136187,17184,1.21,0.53,9.60

131136203,2
131136203,17197,1.31,0.53,9.89

131136218,2
131136218,17210,1.25,0.58,10.22

131136234,2
131136234,17223,1.41,0.52,9.34

131136234,2
131136234,17236,1.53,0.35,7.88

131136250,2
131136250,17249,1.49,0.48,9.11

131136265,2
131136265,17262,1.35,0.44,9.34

131136281,2
131136281,17275,1.40,0.50,9.34

131136296,2
131136296,17288,1.38,0.46,9.31

131136312,2
131136312,17301,1.35,0.48,9.40

131136312,2
131136312,17314,1.33,0.46,9.38

131136328,2
131136328,17327,1.37,0.46,9.38

131136343,2
131136343,17340,1.33,0.48,9.38

131136359,2
131136359,17353,1.36,0.47,9.37

131136375,2
131136375,17366,1.37,0.47,9.35

131136390,2
131136390,17379,1.35,0.46,9.36

131136390,2
131136390,17392,1.38,0.48,9.37

131136406,2
131136406,17405,1.41,-2.07,-15.19

131136421,2
131136421,17418,1.50,1.55,11.30

131136437,2
131136437,17431,0.91,0.46,9.90

131136453,2
131136453,17444,1.26,0.64,9.25

131136468,2
131136468,17457,1.31,0.62,9.54

131136468,2
131136468,17470,1.26,0.52,9.68

131136484,2
131136484,17483,1.22,0.52,9.55

131136500,2
131136500,17496,1.24,0.57,9.60

131136515,2
131136515,17509,1.10,0.55,10.01

131136531,2
131136531,17522,1.60,0.72,9.76

131136546,2
131136546,17535,1.40,0.32,7.77

131136546,2
131136546,17548,1.49,0.44,9.10

131136562,2
131136562,17561,1.39,0.45,9.34

131136578,2
131136578,17574,1.41,0.49,9.36

131136593,2
131136593,17587,1.35,0.45,9.27

131136609,2
131136609,17600,1.36,0.48,9.35

131136625,2
131136625,17613,1.36,0.44,9.36

131136625,2
131136625,17626,1.34,0.45,9.38

131136640,2
131136640,17639,1.31,0.47,9.38

131136656,2
131136656,17652,1.37,0.48,9.34

131136671,2
131136671,17665,1.35,0.49,9.36

131136687,2
131136687,17678,1.37,0.48,9.37

131136703,2
131136703,17691,1.37,0.47,9.35

131136703,2
131136703,17704,1.37,0.47,9.32

131136718,2
131136718,17717,1.41,0.45,9.32

131136734,2
131136734,17730,1.83,1.88,17.30

131136750,2
131136750,17743,1.16,0.92,10.08

131136765,2
131136765,17756,1.44,0.71,9.82

131136781,2
131136781,17769,1.33,0.53,9.42

131136781,2
131136781,17782,1.25,0.57,9.45

131136796,2
131136796,17795,1.28,0.59,9.58

131136812,2
131136812,17808,1.29,0.53,9.62

131136828,2
131136828,17821,1.06,0.54,9.75

131136843,2
131136843,17834,1.63,0.72,10.37

131136859,2
131136859,17847,1.34,0.35,7.59

131136859,2
131136859,17860,1.58,0.46,8.82

131136875,2
131136875,17873,1.41,0.49,9.33

131136890,2
131136890,17886,1.44,0.51,9.41

131136906,2
131136906,17899,1.37,0.47,9.23

131136921,2
131136921,17912,1.38,0.49,9.34

131136937,2
131136937,17925,1.40,0.48,9.39

131136937,2
131136937,17938,1.33,0.45,9.36

131136953,2
131136953,17951,1.36,0.49,9.37

131136968,2
131136968,17964,1.37,0.48,9.41

131136984,2
131136984,17977,1.38,0.46,9.34

131137000,2
131137000,17990,1.38,0.47,9.34

131137000,2
131137015,18003,1.39,0.49,9.36

131137015,2
131137015,18016,1.36,0.47,9.30

131137031,2
131137031,18029,3.23,1.44,3.13

131137046,2
131137046,18042,2.16,1.15,13.70

131137062,2
131137062,18055,1.61,0.86,10.04

131137078,2
131137078,18068,1.06,0.58,9.70

131137078,2
131137093,18081,1.29,0.62,9.65

131137093,2
131137093,18094,1.30,0.61,9.61

131137109,2
131137109,18107,1.28,0.61,9.73

131137125,2
131137125,18120,1.28,0.54,9.69

131137140,2
131137140,18133,0.91,0.51,10.11

131137156,2
131137156,18146,1.59,0.61,9.12

131137156,2
131137171,18159,1.49,0.34,7.94

131137171,2
131137171,18172,1.46,0.46,9.22

131137187,2
131137187,18185,1.42,0.50,9.33

131137203,2
131137203,18198,1.39,0.50,9.31

131137218,2
131137218,18211,1.38,0.47,9.29

131137234,2
131137234,18224,1.36,0.47,9.37

131137234,2
131137234,18237,1.38,0.50,9.39

131137250,2
131137250,18250,1.36,0.47,9.39

131137265,2
131137265,18263,1.36,0.47,9.41

131137281,2
131137281,18276,1.38,0.48,9.38

131137296,2
131137296,18289,1.35,0.46,9.37

131137312,2
131137312,18302,1.41,0.46,9.34

131137312,2
131137328,18315,1.39,0.48,9.35

131137328,2
131137328,18328,1.41,0.49,9.31

131137343,2
131137343,18341,1.38,0.47,9.32

131137359,2
131137359,18354,2.30,1.85,17.61

131137375,2
131137375,18367,1.53,1.19,10.30

131137390,2
131137390,18380,1.11,0.65,10.19

131137390,2
131137390,18393,1.22,0.55,9.49

131137406,2
131137406,18406,1.32,0.65,9.51

131137421,2
131137421,18419,1.33,0.66,9.70

131137437,2
131137437,18432,1.22,0.59,9.79

131137453,2
131137453,18445,0.82,0.57,10.13

131137468,2
131137468,18458,1.59,0.39,8.63

131137468,2
131137468,18471,1.56,0.53,8.28

131137484,2
131137484,18484,1.45,0.49,9.21

131137500,2
131137500,18497,1.44,0.50,9.33

131137515,2
131137515,18510,1.40,0.51,9.32

131137531,2
131137531,18523,1.37,0.49,9.25

131137546,2
131137546,18536,1.41,0.47,9.33

131137546,2
131137546,18549,1.35,0.47,9.35

131137562,2
131137562,18562,1.36,0.49,9.39

131137578,2
131137578,18575,1.37,0.48,9.42

131137593,2
131137593,18588,1.37,0.48,9.36

131137609,2
131137609,18601,1.37,0.50,9.36

131137625,2
131137625,18614,1.38,0.48,9.35

131137625,2
131137625,18627,1.42,0.49,9.32

131137640,2
131137640,18640,1.40,0.49,9.28

131137656,2
131137656,18653,-1.37,-1.59,5.92

131137671,2
131137671,18666,1.74,0.72,9.96

131137687,2
131137687,18679,1.68,0.69,10.13

131137703,2
131137703,18692,0.99,0.47,9.09

131137703,2
131137703,18705,1.28,0.67,9.60

131137718,2
131137718,18718,1.32,0.59,9.78

131137734,2
131137734,18731,1.28,0.58,9.65

131137750,2
131137750,18744,1.28,0.68,9.69

131137765,2
131137765,18757,0.94,0.55,9.91

131137781,2
131137781,18770,1.51,0.46,9.18

131137781,2
131137781,18783,1.59,0.51,8.05

131137796,2
131137796,18796,1.49,0.51,9.12

131137812,2
131137812,18809,1.40,0.49,9.34

131137828,2
131137828,18822,1.43,0.49,9.36

131137843,2
131137843,18835,1.40,0.48,9.28

131137859,2
131137859,18848,1.39,0.50,9.34

131137859,2
131137859,18861,1.40,0.50,9.37

131137875,2
131137875,18874,1.35,0.45,9.40

131137890,2
131137890,18887,1.37,0.46,9.38

131137906,2
131137906,18900,1.37,0.45,9.39

131137921,2
131137921,18913,1.40,0.45,9.38

131137937,2
131137937,18926,1.40,0.48,9.37

131137937,2
131137937,18939,1.40,0.50,9.33

131137953,2
131137953,18952,1.41,0.50,9.28

131137968,2
131137968,18965,5.42,0.66,-8.18

131137984,2
131137984,18978,1.44,0.87,11.47

131138000,2
131138000,18991,0.91,0.45,10.00

131138015,2
131138015,19004,1.20,0.67,9.54

131138015,2
131138015,19017,1.25,0.57,9.74

131138031,2
131138031,19030,1.21,0.54,9.71

131138046,2
131138046,19043,1.20,0.62,9.99

131138062,2
131138062,19056,3.41,0.80,11.86

131138078,2
131138078,19069,0.50,0.37,9.40

131138093,2
131138093,19082,1.17,0.62,8.59

131138093,2
131138093,19095,1.52,0.44,8.82

131138109,2
131138109,19108,1.41,0.46,9.33

131138125,2
131138125,19121,1.43,0.53,9.18

131138140,2
131138140,19134,1.41,0.53,9.26

131138156,2
131138156,19147,1.41,0.47,9.33

131138171,2
131138171,19160,1.37,0.48,9.37

131138171,2
131138171,19173,1.36,0.48,9.41

131138187,2
131138187,19186,1.36,0.47,9.43

131138203,2
131138203,19199,1.38,0.46,9.39

131138218,2
131138218,19212,1.38,0.48,9.37

131138234,2
131138234,19225,1.36,0.46,9.37

131138250,2
131138250,19238,1.41,0.49,9.36

131138250,2
131138250,19251,1.41,0.49,9.32

131138265,2
131138265,19264,2.42,0.89,6.37

131138281,2
131138281,19277,1.93,0.88,13.21

131138296,2
131138296,19290,0.99,0.55,9.82

131138312,2
131138312,19303,1.33,0.68,9.67

131138328,2
131138328,19316,1.29,0.55,9.52

131138328,2
131138328,19329,1.28,0.62,9.52

131138343,2
131138343,19342,1.26,0.59,9.55

131138359,2
131138359,19355,1.27,0.53,9.47

131138375,2
131138375,19368,1.22,0.54,9.46

131138390,2
131138390,19381,1.12,0.64,11.94

131138390,2
131138406,19394,-0.52,0.51,9.95

131138406,2
131138406,19407,1.17,0.58,9.15

131138421,2
131138421,19420,1.61,0.40,8.61

131138437,2
131138437,19433,1.48,0.44,9.25

131138453,2
131138453,19446,1.40,0.43,9.15

131138468,2
131138468,19459,1.41,0.53,9.41

131138468,2
131138484,19472,1.42,0.46,9.36

131138484,2
131138484,19485,1.37,0.48,9.36

131138500,2
131138500,19498,1.41,0.49,9.38

131138515,2
131138515,19511,1.40,0.48,9.41

131138531,2
131138531,19524,1.39,0.48,9.38

131138546,2
131138546,19537,1.41,0.51,9.36

131138562,2
131138562,19550,1.39,0.47,9.36

131138562,2
131138562,19563,1.43,0.49,9.31

131138578,2
131138578,19576,1.40,0.50,9.33

131138593,2
131138593,19589,1.43,0.50,9.35

131138609,2
131138609,19602,-0.46,0.33,1.52

131138625,2
131138625,19615,1.51,0.42,9.89

131138640,2
131138640,19628,1.38,0.55,10.16

131138640,2
131138640,19641,1.20,0.47,9.05

131138656,2
131138656,19654,1.29,0.65,9.52

131138671,2
131138671,19667,1.31,0.60,9.77

131138687,2
131138687,19680,1.25,0.57,9.59

131138703,2
131138703,19693,1.25,0.53,9.48

131138718,2
131138718,19706,0.91,0.57,9.96

131138718,2
131138718,19719,-1.78,0.24,3.18

131138734,2
131138734,19732,1.79,0.70,9.37

131138750,2
131138750,19745,1.81,0.21,9.16

131138765,2
131138765,19758,1.59,0.62,8.72

131138781,2
131138781,19771,1.43,0.54,9.28

131138781,2
131138796,19784,1.39,0.41,9.44

131138796,2
131138796,19797,1.42,0.52,9.29

131138812,2
131138812,19810,1.38,0.55,9.31

131138828,2
131138828,19823,1.41,0.48,9.41

131138843,2
131138843,19836,1.37,0.46,9.33

131138859,2
131138859,19849,1.39,0.51,9.38

131138859,2
131138875,19862,1.38,0.51,9.35

131138875,2
131138875,19875,1.39,0.48,9.34

131138890,2
131138890,19888,1.40,0.50,9.31

131138906,2
131138906,19901,1.40,0.51,9.33

131138921,2
131138921,19914,1.41,0.51,9.35

131138937,2
131138937,19927,2.52,-0.91,-5.36

131138937,2
131138937,19940,0.74,0.44,9.79

131138953,2
131138953,19953,1.23,0.59,10.17

131138968,2
131138968,19966,1.27,0.59,9.32

131138984,2
131138984,19979,1.32,0.65,9.45

131139000,2
131139000,19992,1.30,0.57,9.64

131139015,2
131139015,20005,1.22,0.55,9.42

131139015,2
131139015,20018,1.03,0.62,9.93

131139031,2
131139031,20031,0.31,-0.02,0.99

131139046,2
131139046,20044,1.63,0.88,9.67

131139062,2
131139062,20057,1.68,0.23,8.77

131139078,2
131139078,20070,1.71,0.61,8.63

131139093,2
131139093,20083,1.42,0.55,9.38

131139093,2
131139093,20096,1.44,0.45,9.40

131139109,2
131139109,20109,1.44,0.51,9.26

131139125,2
131139125,20122,1.37,0.55,9.32

131139140,2
131139140,20135,1.43,0.45,9.40

131139156,2
131139156,20148,1.41,0.50,9.35

131139171,2
131139171,20161,1.34,0.52,9.39

131139171,2
131139187,20174,1.42,0.50,9.37

131139187,2
131139187,20187,1.40,0.49,9.37

131139203,2
131139203,20200,1.39,0.51,9.32

131139218,2
131139218,20213,1.44,0.50,9.33

131139234,2
131139234,20226,1.43,0.50,9.36

131139250,2
131139250,20239,1.43,0.54,9.32

131139250,2
131139250,20252,1.42,0.52,9.33

131139265,2
131139265,20265,1.83,1.52,16.96

131139281,2
131139281,20278,1.06,0.82,9.73

131139296,2
131139296,20291,1.36,0.71,10.01

131139312,2
131139312,20304,1.36,0.54,9.43

131139328,2
131139328,20317,1.26,0.62,9.37

131139328,2
131139343,20330,1.40,0.63,9.57

131139343,2
131139343,20343,1.27,0.52,9.44

131139359,2
131139359,20356,1.20,0.51,9.48

131139375,2
131139375,20369,3.51,0.85,14.68

131139390,2
131139390,20382,0.43,0.77,12.21

131139406,2
131139406,20395,0.38,0.36,8.34

131139406,2
131139421,20408,1.45,0.59,9.39

131139421,2
131139421,20421,1.60,0.43,8.52

131139437,2
131139437,20434,1.44,0.45,9.13

131139453,2
131139453,20447,1.43,0.55,9.36

131139468,2
131139468,20460,1.42,0.48,9.34

131139484,2
131139484,20473,1.38,0.46,9.29

131139484,2
131139484,20486,1.39,0.54,9.37

131139500,2
131139500,20499,1.39,0.49,9.38

131139515,2
131139515,20512,1.38,0.49,9.34

131139531,2
131139531,20525,1.39,0.52,9.35

131139546,2
131139546,20538,1.42,0.51,9.38

131139562,2
131139562,20551,1.41,0.47,9.36

131139562,2
131139562,20564,1.40,0.51,9.34

131139578,2
131139578,20577,1.41,0.52,9.31

131139593,2
131139593,20590,3.32,-0.89,-18.96

131139609,2
131139609,20603,0.76,0.90,10.69

131139625,2
131139625,20616,1.11,0.50,10.08

131139640,2
131139640,20629,1.21,0.63,9.35

131139640,2
131139640,20642,1.34,0.66,9.54

131139656,2
131139656,20655,1.36,0.56,9.58

131139671,2
131139671,20668,1.29,0.55,9.37

131139687,2
131139687,20681,1.27,0.56,9.50

131139703,2
131139703,20694,0.95,0.51,10.11

131139718,2
131139718,20707,-1.38,0.11,1.42

131139718,2
131139718,20720,1.72,0.67,8.76

131139734,2
131139734,20733,1.21,0.40,9.54

131139750,2
131139750,20746,1.74,0.64,9.04

131139765,2
131139765,20759,1.60,0.51,8.88

131139781,2
131139781,20772,1.46,0.46,9.44

131139796,2
131139796,20785,1.41,0.49,9.29

131139796,2
131139796,20798,1.42,0.60,9.31

131139812,2
131139812,20811,1.42,0.50,9.39

131139828,2
131139828,20824,1.42,0.51,9.37

131139843,2
131139843,20837,1.37,0.53,9.39

131139859,2
131139859,20850,1.44,0.50,9.39

131139875,2
131139875,20863,1.42,0.49,9.39

131139875,2
131139875,20876,1.42,0.52,9.36

131139890,2
131139890,20889,1.45,0.51,9.33

131139906,2
131139906,20902,1.40,0.51,9.33

131139921,2
131139921,20915,1.42,0.52,9.33

131139937,2
131139937,20928,1.42,0.49,9.33

131139953,2
131139953,20941,1.17,-0.77,-9.43

131139953,2
131139953,20954,1.35,0.70,10.35

131139968,2
131139968,20967,1.33,0.58,10.17

131139984,2
131139984,20980,1.12,0.52,9.26

131140000,2
131140000,20993,1.34,0.70,9.52

131140015,2
131140015,21006,1.38,0.63,9.65

131140031,2
131140031,21019,1.25,0.57,9.45

131140031,2
131140031,21032,1.33,0.62,9.43

131140046,2
131140046,21045,1.33,0.61,9.45

131140062,2
131140062,21058,1.09,0.63,9.64

131140078,2
131140078,21071,3.51,0.63,10.00

131140093,2
131140093,21084,1.39,0.37,8.66

131140109,2
131140109,21097,1.36,0.52,8.77

131140109,2
131140109,21110,1.52,0.51,9.11

131140125,2
131140125,21123,1.46,0.50,9.36

131140140,2
131140140,21136,1.41,0.50,9.28

131140156,2
131140156,21149,1.43,0.53,9.30

131140171,2
131140171,21162,1.40,0.51,9.34

131140187,2
131140187,21175,1.39,0.51,9.35

131140187,2
131140187,21188,1.38,0.52,9.35

131140203,2
131140203,21201,1.39,0.50,9.36

131140218,2
131140218,21214,1.41,0.49,9.34

131140234,2
131140234,21227,1.40,0.51,9.35

131140250,2
131140250,21240,1.41,0.53,9.34

131140250,2
131140265,21253,1.41,0.52,9.30

131140265,2
131140265,21266,1.42,0.52,9.34

131140281,2
131140281,21279,1.41,0.53,9.33

131140296,2
131140296,21292,0.30,-0.01,-1.05

131140312,2
131140312,21305,1.55,0.67,9.90

131140328,2
131140328,21318,1.21,0.54,10.23

131140343,2
131140343,21331,1.25,0.62,9.32

131140343,2
131140343,21344,1.36,0.68,9.54

131140359,2
131140359,21357,1.36,0.60,9.62

131140375,2
131140375,21370,1.22,0.55,9.35

131140390,2
131140390,21383,1.28,0.57,9.61

131140406,2
131140406,21396,0.44,0.61,9.63

131140421,2
131140421,21409,-0.96,0.51,4.38

131140421,2
131140421,21422,1.71,0.68,9.68

131140437,2
131140437,21435,1.91,0.37,8.85

131140453,2
131140453,21448,1.58,0.68,8.84

131140468,2
131140468,21461,1.42,0.57,9.31

131140484,2
131140484,21474,1.44,0.51,9.45

131140484,2
131140484,21487,1.42,0.54,9.26

131140500,2
131140500,21500,1.41,0.59,9.28

131140515,2
131140515,21513,1.44,0.54,9.39

131140531,2
131140531,21526,1.40,0.50,9.36

131140546,2
131140546,21539,1.39,0.56,9.36

131140562,2
131140562,21552,1.41,0.55,9.38

131140562,2
131140562,21565,1.42,0.51,9.38

131140578,2
131140578,21578,1.40,0.54,9.33

131140593,2
131140593,21591,1.45,0.55,9.34

131140609,2
131140609,21604,1.43,0.52,9.36

131140625,2
131140625,21617,1.49,0.12,19.50

131140640,2
131140640,21630,1.35,0.94,9.38

131140640,2
131140656,21643,0.88,0.25,9.53

131140656,2
131140656,21656,1.30,0.50,9.39

131140671,2
131140671,21669,1.32,0.62,9.52

131140687,2
131140687,21682,1.36,0.62,9.64

131140703,2
131140703,21695,1.27,0.54,9.52

131140718,2
131140718,21708,1.24,0.58,9.46

131140718,2
131140734,21721,-0.40,-0.04,11.01

131140734,2
131140734,21734,-0.38,1.16,13.45

131140750,2
131140750,21747,0.35,0.30,8.92

131140765,2
131140765,21760,1.09,0.54,10.11

131140781,2
131140781,21773,1.67,0.55,8.56

131140796,2
131140796,21786,1.53,0.60,8.93

131140796,2
131140796,21799,1.44,0.53,9.42

131140812,2
131140812,21812,1.44,0.49,9.36

131140828,2
131140828,21825,1.42,0.54,9.24

131140843,2
131140843,21838,1.41,0.57,9.38

131140859,2
131140859,21851,1.43,0.50,9.39

131140875,2
131140875,21864,1.37,0.52,9.37

131140875,2
131140875,21877,1.40,0.55,9.37

131140890,2
131140890,21890,1.43,0.49,9.37

131140906,2
131140906,21903,1.40,0.51,9.36

131140921,2
131140921,21916,1.44,0.56,9.30

131140937,2
131140937,21929,1.43,0.52,9.31

131140953,2
131140953,21942,1.43,0.51,9.34

131140953,2
131140968,21955,3.97,1.52,1.72

131140968,2
131140968,21968,0.77,0.87,11.78

131140984,2
131140984,21981,1.01,0.45,10.02

131141000,2
131141000,21994,1.33,0.65,9.48

131141015,2
131141015,22007,1.31,0.60,9.62

131141031,2
131141031,22020,1.28,0.54,9.49

131141031,2
131141031,22033,1.34,0.59,9.41

131141046,2
131141046,22046,1.26,0.54,9.53

131141062,2
131141062,22059,8.47,1.33,12.38

131141078,2
131141078,22072,1.49,0.78,9.30

131141093,2
131141093,22085,1.43,0.40,9.34

131141109,2
131141109,22098,0.91,0.60,8.75

131141109,2
131141109,22111,1.74,0.49,9.20

131141125,2
131141125,22124,1.65,0.52,8.79

131141140,2
131141140,22137,1.48,0.56,9.32

131141156,2
131141156,22150,1.41,0.52,9.40

131141171,2
131141171,22163,1.44,0.51,9.33

131141187,2
131141187,22176,1.40,0.58,9.31

131141187,2
131141187,22189,1.40,0.53,9.38

131141203,2
131141203,22202,1.43,0.50,9.35

131141218,2
131141218,22215,1.42,0.55,9.37

131141234,2
131141234,22228,1.43,0.54,9.35

131141250,2
131141250,22241,1.45,0.53,9.36

131141265,2
131141265,22254,1.41,0.54,9.36

131141265,2
131141265,22267,1.44,0.56,9.33

131141281,2
131141281,22280,2.02,0.67,-1.21

131141296,2
131141296,22293,1.17,0.29,9.75

131141312,2
131141312,22306,1.17,0.57,10.28

131141328,2
131141328,22319,1.24,0.59,9.35

131141343,2
131141343,22332,1.32,0.63,9.47

131141343,2
131141343,22345,1.35,0.60,9.50

131141359,2
131141359,22358,1.34,0.57,9.43

131141375,2
131141375,22371,1.24,0.58,9.58

131141390,2
131141390,22384,0.97,0.48,9.98

131141406,2
131141406,22397,-1.14,0.59,3.44

131141421,2
131141421,22410,1.61,0.68,9.10

131141421,2
131141421,22423,1.64,0.33,9.60

131141437,2
131141437,22436,1.63,0.64,8.75

131141453,2
131141453,22449,1.54,0.60,9.16

131141468,2
131141468,22462,1.43,0.46,9.43

131141484,2
131141484,22475,1.47,0.51,9.32

131141500,2
131141500,22488,1.41,0.56,9.29

131141500,2
131141500,22501,1.45,0.53,9.39

131141515,2
131141515,22514,1.42,0.51,9.36

131141531,2
131141531,22527,1.39,0.54,9.36

131141546,2
131141546,22540,1.41,0.54,9.34

131141562,2
131141562,22553,1.41,0.54,9.34

131141578,2
131141578,22566,1.42,0.53,9.36

131141578,2
131141578,22579,1.44,0.52,9.33

131141593,2
131141593,22592,1.44,0.53,9.32

131141609,2
131141609,22605,1.42,0.53,9.34

131141625,2
131141625,22618,3.01,-0.39,-14.01

131141640,2
131141640,22631,1.43,1.36,11.44

131141656,2
131141656,22644,1.40,0.60,10.02

131141656,2
131141656,22657,0.55,0.29,9.03

131141671,2
131141671,22670,1.28,0.58,9.57

131141687,2
131141687,22683,1.31,0.61,9.50

131141703,2
131141703,22696,1.30,0.63,9.51

131141718,2
131141718,22709,1.31,0.61,9.48

131141734,2
131141734,22722,1.28,0.61,9.48

131141734,2
131141734,22735,1.29,0.61,9.47

131141750,2
131141750,22748,1.28,0.58,9.54

131141765,2
131141765,22761,1.17,0.60,9.73

131141781,2
131141781,22774,2.57,0.57,10.70

131141796,2
131141796,22787,1.17,0.40,8.42

131141796,2
131141812,22800,1.43,0.55,8.75

131141812,2
131141812,22813,1.52,0.55,9.16

131141828,2
131141828,22826,1.47,0.58,9.39

131141843,2
131141843,22839,1.43,0.51,9.20

131141859,2
131141859,22852,1.46,0.57,9.29

131141875,2
131141875,22865,1.42,0.55,9.36

131141875,2
131141875,22878,1.43,0.54,9.34

131141890,2
131141890,22891,1.41,0.56,9.33

131141906,2
131141906,22904,1.43,0.53,9.39

131141921,2
131141921,22917,1.45,0.51,9.35

131141937,2
131141937,22930,1.43,0.53,9.36

131141953,2
131141953,22943,1.44,0.56,9.36

131141968,2
131141968,22956,3.44,-1.61,-12.56

131141968,2
131141968,22969,0.71,1.09,10.54

131141984,2
131141984,22982,1.19,0.50,10.08

131142000,2
131142000,22995,1.32,0.64,9.12

131142015,2
131142015,23008,1.40,0.74,9.40

131142031,2
131142031,23021,1.39,0.59,9.47

131142031,2
131142046,23034,1.28,0.59,9.43

131142046,2
131142046,23047,1.25,0.61,9.49

131142062,2
131142062,23060,1.34,0.58,9.49

131142078,2
131142078,23073,1.25,0.59,9.36

131142093,2
131142093,23086,1.30,0.58,9.70

131142109,2
131142109,23099,0.07,0.45,9.74

131142109,2
131142125,23112,0.25,0.64,6.30

131142125,2
131142125,23125,1.72,0.66,9.69

131142140,2
131142140,23138,1.76,0.25,8.59

131142156,2
131142156,23151,1.56,0.59,9.08

131142171,2
131142171,23164,1.44,0.54,9.37

131142187,2
131142187,23177,1.45,0.60,9.37

131142187,2
131142187,23190,1.44,0.51,9.27

131142203,2
131142203,23203,1.45,0.54,9.32

131142218,2
131142218,23216,1.43,0.55,9.38

131142234,2
131142234,23229,1.42,0.50,9.40

131142250,2
131142250,23242,1.41,0.53,9.40

131142265,2
131142265,23255,1.42,0.52,9.34

131142265,2
131142265,23268,1.47,0.51,9.35

131142281,2
131142281,23281,1.41,0.54,9.36

131142296,2
131142296,23294,1.46,0.57,9.30

131142312,2
131142312,23307,1.33,-1.53,-8.81

131142328,2
131142328,23320,1.67,1.48,11.52

131142343,2
131142343,23333,1.34,0.53,9.86

131142343,2
131142359,23346,1.93,0.83,9.27

131142359,2
131142359,23359,3.53,0.42,9.32

131142375,2
131142375,23372,7.28,0.02,9.00

131142390,2
131142390,23385,4.56,0.94,9.55

131142406,2
131142406,23398,2.96,0.65,9.52

131142421,2
131142421,23411,1.87,0.40,9.55

131142421,2
131142421,23424,0.32,0.07,9.59

131142437,2
131142437,23437,-0.93,0.62,9.76

131142453,2
131142453,23450,1.04,-0.09,9.19

131142468,2
131142468,23463,0.48,-0.50,10.89

131142484,2
131142484,23476,-1.18,0.21,10.27

131142500,2
131142500,23489,-5.46,3.20,9.15

131142500,2
131142500,23502,0.34,1.08,9.07

131142515,2
131142515,23515,3.65,-0.18,8.84

131142531,2
131142531,23528,2.17,0.45,8.08

131142546,2
131142546,23541,1.80,0.76,9.83

131142562,2
131142562,23554,1.93,0.82,9.44

131142578,2
131142578,23567,1.92,1.48,9.17

131142578,2
131142578,23580,2.11,1.65,9.32

131142593,2
131142593,23593,2.23,1.17,8.98

131142609,2
131142609,23606,2.07,1.07,8.87

131142625,2
131142625,23619,1.82,0.92,9.31

131142640,2
131142640,23632,1.65,0.84,9.41

131142656,2
131142656,23645,1.72,0.87,9.35

131142656,2
131142671,23658,1.83,0.93,9.21

131142671,2
131142671,23671,1.88,0.96,9.15

131142687,2
131142687,23684,1.81,0.96,9.22

131142703,2
131142703,23697,1.76,0.89,9.30

131142718,2
131142718,23710,1.78,0.89,9.30

131142734,2
131142734,23723,1.80,0.91,9.28

131142734,2
131142734,23736,1.82,0.95,9.26

131142750,2
131142750,23749,2.24,0.88,8.07

131142765,2
131142765,23762,1.69,1.73,16.97

131142781,2
131142781,23775,0.88,1.02,10.75

131142796,2
131142796,23788,1.74,1.23,9.50

131142812,2
131142812,23801,1.68,0.96,9.38

131142812,2
131142812,23814,1.41,0.85,9.28

131142828,2
131142828,23827,1.42,1.00,9.16

131142843,2
131142843,23840,1.04,0.86,9.44

131142859,2
131142859,23853,-0.45,2.02,9.46

131142875,2
131142875,23866,3.95,-1.04,9.14

131142890,2
131142890,23879,1.95,0.42,9.14

131142890,2
131142890,23892,-0.89,0.40,10.05

131142906,2
131142906,23905,-1.56,1.51,9.93

131142921,2
131142921,23918,-0.19,1.62,9.77

131142937,2
131142937,23931,2.55,0.63,9.09

131142953,2
131142953,23944,2.77,0.51,9.28

131142968,2
131142968,23957,-0.40,1.09,9.42

131142968,2
131142968,23970,0.05,0.31,9.04

131142984,2
131142984,23983,3.47,0.59,9.30

131143000,2
131143000,23996,5.32,0.28,8.84

131143015,2
131143015,24009,2.63,0.82,9.38

131143031,2
131143031,24022,1.74,0.71,9.57

131143046,2
131143046,24035,1.68,0.83,10.03

131143046,2
131143046,24048,1.75,0.85,9.90

131143062,2
131143062,24061,1.93,-0.33,9.33

131143078,2
131143078,24074,0.97,0.73,8.33

131143093,2
131143093,24087,0.98,1.35,9.18

131143109,2
131143109,24100,1.37,0.89,9.17

131143125,2
131143125,24113,1.46,0.72,9.30

131143125,2
131143125,24126,1.49,0.68,9.38

131143140,2
131143140,24139,1.49,0.73,9.33

131143156,2
131143156,24152,1.47,0.75,9.30

131143171,2
131143171,24165,1.48,0.74,9.30

131143187,2
131143187,24178,1.52,0.70,9.34

131143203,2
131143203,24191,1.48,0.71,9.35

131143203,2
131143203,24204,1.48,0.75,9.34

131143218,2
131143218,24217,1.46,0.74,9.33

131143234,2
131143234,24230,0.13,-0.52,2.30

131143250,2
131143250,24243,2.06,1.64,11.07

131143265,2
131143265,24256,1.55,0.93,9.83

131143281,2
131143281,24269,1.92,1.12,9.35

131143281,2
131143281,24282,2.86,1.33,9.20

131143296,2
131143296,24295,-0.48,-0.16,9.57

131143312,2
131143312,24308,0.59,0.43,9.60

131143328,2
131143328,24321,1.30,0.67,9.35

131143343,2
131143343,24334,1.31,0.67,9.34

131143359,2
131143359,24347,1.38,0.68,9.36

131143359,2
131143359,24360,1.42,0.70,9.31

131143375,2
131143375,24373,1.36,0.65,9.57

131143390,2
131143390,24386,1.30,0.65,9.45

131143406,2
131143406,24399,1.30,0.63,9.68

131143421,2
131143421,24412,1.19,0.46,9.62

131143437,2
131143437,24425,1.62,0.57,8.99

131143437,2
131143437,24438,1.62,1.09,8.71

131143453,2
131143453,24451,1.52,0.91,9.10

131143468,2
131143468,24464,1.44,0.73,9.35

131143484,2
131143484,24477,1.45,0.73,9.30

131143500,2
131143500,24490,1.49,0.75,9.33

131143500,2
131143515,24503,1.47,0.73,9.32

131143515,2
131143515,24516,1.46,0.73,9.30

131143531,2
131143531,24529,1.49,0.75,9.32

131143546,2
131143546,24542,1.47,0.73,9.30

131143562,2
131143562,24555,1.48,0.75,9.33

131143578,2
131143578,24568,1.48,0.74,9.33

131143578,2
131143593,24581,1.49,0.75,9.32

131143593,2
131143593,24594,1.13,-0.53,13.12

131143609,2
131143609,24607,1.65,1.09,10.17

131143625,2
131143625,24620,1.94,1.03,9.77

131143640,2
131143640,24633,3.52,1.06,8.94

131143656,2
131143656,24646,7.55,0.81,8.97

131143671,2
131143671,24659,5.01,0.33,9.23

131143671,2
131143671,24672,2.54,0.04,9.36

131143687,2
131143687,24685,1.12,0.13,9.87

131143703,2
131143703,24698,0.90,1.08,9.34

131143718,2
131143718,24711,-0.14,0.50,9.18

131143734,2
131143734,24724,-0.50,0.43,9.83

131143734,2
131143734,24737,0.11,0.31,9.51

131143750,2
131143750,24750,-0.55,0.77,9.52

131143765,2
131143765,24763,-0.34,0.31,9.61

131143781,2
131143781,24776,0.04,0.19,9.79

131143796,2
131143796,24789,-1.25,4.07,9.75

131143812,2
131143812,24802,0.35,0.38,8.78

131143812,2
131143828,24815,4.64,1.02,8.62

131143828,2
131143828,24828,2.16,0.18,7.87

131143843,2
131143843,24841,4.26,1.76,8.72

131143859,2
131143859,24854,3.12,1.31,8.86

131143875,2
131143875,24867,1.76,1.73,9.90

131143890,2
131143890,24880,1.80,0.97,9.48

131143890,2
131143906,24893,2.05,1.11,8.89

131143906,2
131143906,24906,2.12,1.06,9.08

131143921,2
131143921,24919,1.91,1.06,9.16

131143937,2
131143937,24932,1.79,0.94,9.44

131143953,2
131143953,24945,1.88,1.02,9.25

131143968,2
131143968,24958,1.95,1.07,9.18

131143984,2
131143984,24971,1.96,1.04,9.18

131143984,2
131143984,24984,3.74,3.53,7.67

131144000,2
131144000,24997,0.94,0.17,11.98

131144015,2
131144015,25010,1.17,0.83,10.20

131144031,2
131144031,25023,2.14,1.22,9.26

131144046,2
131144046,25036,1.33,0.93,9.55

131144046,2
131144046,25049,1.13,0.83,9.34

131144062,2
131144062,25062,0.24,1.20,9.58

131144078,2
131144078,25075,-0.17,1.29,9.45

131144093,2
131144093,25088,-2.57,2.48,9.78

131144109,2
131144109,25101,0.35,0.32,9.22

131144125,2
131144125,25114,5.00,0.04,9.18

131144125,2
131144125,25127,2.48,0.35,9.13

131144140,2
131144140,25140,0.14,0.73,9.51

131144156,2
131144156,25153,1.81,0.72,9.38

131144171,2
131144171,25166,3.87,0.77,9.38

131144187,2
131144187,25179,-0.28,0.24,9.38

131144203,2
131144203,25192,-1.49,0.64,9.45

131144203,2
131144203,25205,1.69,0.11,9.63

131144218,2
131144218,25218,1.22,1.10,9.33

131144234,2
131144234,25231,3.75,0.40,10.05

131144250,2
131144250,25244,1.49,1.22,10.01

131144265,2
131144265,25257,2.23,0.59,9.51

131144281,2
131144281,25270,5.36,0.27,8.83

131144281,2
131144281,25283,2.50,1.00,9.53

131144296,2
131144296,25296,2.97,-1.68,9.32

131144312,2
131144312,25309,1.54,0.17,8.68

131144328,2
131144328,25322,0.46,1.81,8.91

131144343,2
131144343,25335,1.24,0.99,9.30

131144359,2
131144359,25348,1.31,0.84,9.33

131144359,2
131144359,25361,1.41,0.79,9.36

131144375,2
131144375,25374,1.40,0.82,9.33

131144390,2
131144390,25387,1.35,0.82,9.32

131144406,2
131144406,25400,1.41,0.85,9.26

131144421,2
131144421,25413,1.43,0.83,9.33

131144437,2
131144437,25426,1.41,0.83,9.32

131144437,2
131144437,25439,1.43,0.81,9.28

131144453,2
131144453,25452,1.39,0.85,9.31

131144468,2
131144468,25465,1.40,0.84,9.32

131144484,2
131144484,25478,1.21,-0.45,15.55

131144500,2
131144500,25491,1.29,1.02,10.25

131144515,2
131144515,25504,1.70,1.09,9.85

131144515,2
131144515,25517,3.07,1.41,9.07

131144531,2
131144531,25530,-0.60,-0.09,9.70

131144546,2
131144546,25543,1.04,0.66,9.59

131144562,2
131144562,25556,1.30,0.69,9.46

131144578,2
131144578,25569,1.27,0.71,9.44

131144593,2
131144593,25582,1.47,0.80,9.61

131144593,2
131144593,25595,1.28,0.65,9.63

131144609,2
131144609,25608,1.26,0.52,9.63

131144625,2
131144625,25621,1.27,0.63,9.61

131144640,2
131144640,25634,1.52,0.85,8.81

131144656,2
131144656,25647,1.56,1.18,8.63

131144671,2
131144671,25660,1.41,0.90,9.33

131144671,2
131144671,25673,1.37,0.78,9.35

131144687,2
131144687,25686,1.40,0.84,9.30

131144703,2
131144703,25699,1.44,0.84,9.36

131144718,2
131144718,25712,1.39,0.81,9.35

131144734,2
131144734,25725,1.41,0.81,9.31

131144750,2
131144750,25738,1.42,0.82,9.33

131144750,2
131144750,25751,1.40,0.83,9.34

131144765,2
131144765,25764,1.42,0.85,9.34

131144781,2
131144781,25777,1.40,0.81,9.31

131144796,2
131144796,25790,1.42,0.83,9.32

131144812,2
131144812,25803,1.39,0.82,9.30

131144828,2
131144828,25816,1.08,0.82,4.65

131144828,2
131144828,25829,1.45,0.86,10.92

131144843,2
131144843,25842,1.45,0.65,9.91

131144859,2
131144859,25855,2.18,1.05,9.05

131144875,2
131144875,25868,0.50,0.67,9.64

131144890,2
131144890,25881,1.22,0.72,9.52

131144906,2
131144906,25894,1.29,0.74,9.48

131144906,2
131144906,25907,1.29,0.75,9.44

131144921,2
131144921,25920,1.29,0.73,9.38

131144937,2
131144937,25933,1.26,0.70,9.45

131144953,2
131144953,25946,1.31,0.64,9.52

131144968,2
131144968,25959,1.27,0.64,9.64

131144968,2
131144984,25972,1.16,0.54,9.64

131144984,2
131144984,25985,1.28,0.60,9.36

131145000,2
131145000,25998,1.59,0.92,8.74

131145015,2
131145015,26011,1.56,1.09,8.74

131145031,2
131145031,26024,1.44,0.83,9.34

131145046,2
131145046,26037,1.38,0.77,9.31

131145062,2
131145062,26050,1.44,0.81,9.27

131145062,2
131145062,26063,1.41,0.80,9.33

131145078,2
131145078,26076,1.42,0.80,9.33

131145093,2
131145093,26089,1.44,0.82,9.32

131145109,2
131145109,26102,1.38,0.81,9.34

131145125,2
131145125,26115,1.42,0.83,9.33

131145140,2
131145140,26128,1.40,0.81,9.33

131145140,2
131145140,26141,1.43,0.80,9.34

131145156,2
131145156,26154,2.06,1.41,7.71

131145171,2
131145171,26167,0.62,0.56,12.01

131145187,2
131145187,26180,1.32,0.70,9.99

131145203,2
131145203,26193,3.00,1.09,9.39

131145218,2
131145218,26206,-1.11,0.38,9.97

131145218,2
131145218,26219,0.72,0.72,9.63

131145234,2
131145234,26232,1.26,0.80,9.57

131145250,2
131145250,26245,1.22,0.65,9.56

131145265,2
131145265,26258,1.32,0.73,9.58

131145281,2
131145281,26271,1.30,0.74,9.47

131145296,2
131145296,26284,1.17,0.58,9.57

131145296,2
131145296,26297,1.13,0.54,9.61

131145312,2
131145312,26310,1.19,0.54,9.46

131145328,2
131145328,26323,1.28,0.55,8.77

131145343,2
131145343,26336,1.78,1.33,8.61

131145359,2
131145359,26349,1.55,0.93,9.30

131145359,2
131145359,26362,1.38,0.74,9.36

131145375,2
131145375,26375,1.45,0.81,9.31

131145390,2
131145390,26388,1.41,0.81,9.33

131145406,2
131145406,26401,1.41,0.78,9.38

131145421,2
131145421,26414,1.41,0.78,9.36

131145437,2
131145437,26427,1.41,0.79,9.34

131145437,2
131145453,26440,1.41,0.80,9.33

131145453,2
131145453,26453,1.40,0.80,9.33

131145468,2
131145468,26466,1.44,0.82,9.30

131145484,2
131145484,26479,0.25,-0.65,15.45

131145500,2
131145500,26492,0.64,0.46,9.24

131145515,2
131145515,26505,1.21,0.76,9.89

131145515,2
131145515,26518,1.42,0.78,9.38

131145531,2
131145531,26531,1.18,0.71,9.41

131145546,2
131145546,26544,1.38,0.75,9.43

131145562,2
131145562,26557,1.23,0.68,9.53

131145578,2
131145578,26570,1.28,0.74,9.48

131145593,2
131145593,26583,1.32,0.71,9.47

131145593,2
131145609,26596,1.18,0.67,9.55

131145609,2
131145609,26609,1.16,0.64,9.56

131145625,2
131145625,26622,1.18,0.51,9.48

131145640,2
131145640,26635,1.47,0.64,9.11

131145656,2
131145656,26648,1.68,1.15,8.66

131145671,2
131145671,26661,1.55,0.97,9.05

131145671,2
131145671,26674,1.43,0.78,9.34

131145687,2
131145687,26687,1.43,0.79,9.30

131145703,2
131145703,26700,1.47,0.81,9.32

131145718,2
131145718,26713,1.41,0.79,9.37

131145734,2
131145734,26726,1.43,0.80,9.31

131145750,2
131145750,26739,1.43,0.81,9.31

131145750,2
131145750,26752,1.45,0.80,9.33

131145765,2
131145765,26765,1.44,0.80,9.31

131145781,2
131145781,26778,1.43,0.80,9.32

131145796,2
131145796,26791,1.44,0.81,9.33

131145812,2
131145812,26804,1.46,0.80,9.29

131145828,2
131145828,26817,0.43,0.42,12.69

131145828,2
131145828,26830,1.13,0.71,9.99

131145843,2
131145843,26843,1.85,1.05,9.85

131145859,2
131145859,26856,1.07,0.55,9.62

131145875,2
131145875,26869,1.25,0.72,9.40

131145890,2
131145890,26882,1.37,0.76,9.48

131145906,2
131145906,26895,1.28,0.61,9.56

131145906,2
131145906,26908,1.27,0.63,9.54

131145921,2
131145921,26921,1.17,0.62,9.65

131145937,2
131145937,26934,0.94,0.52,9.83

131145953,2
131145953,26947,1.63,0.51,8.98

131145968,2
131145968,26960,1.68,1.15,8.53

131145984,2
131145984,26973,1.58,1.03,8.85

131145984,2
131145984,26986,1.42,0.75,9.40

131146000,2
131146000,26999,1.44,0.80,9.30

131146015,2
131146015,27012,1.47,0.80,9.28

131146031,2
131146031,27025,1.41,0.75,9.36

131146046,2
131146046,27038,1.41,0.77,9.38

131146062,2
131146062,27051,1.43,0.78,9.36

131146062,2
131146062,27064,1.42,0.78,9.35

131146078,2
131146078,27077,1.43,0.78,9.33

131146093,2
131146093,27090,1.45,0.80,9.31

131146109,2
131146109,27103,1.44,0.79,9.33

131146125,2
131146125,27116,1.46,0.79,9.29

131146140,2
131146140,27129,1.44,0.80,9.29

131146140,2
131146140,27142,1.46,0.80,9.33

131146156,2
131146156,27155,0.82,-0.44,17.09

131146171,2
131146171,27168,0.71,0.72,9.83

131146187,2
131146187,27181,1.39,0.88,9.92

131146203,2
131146203,27194,1.33,0.62,9.32

131146218,2
131146218,27207,1.17,0.72,9.48

131146218,2
131146218,27220,1.40,0.75,9.54

131146234,2
131146234,27233,1.25,0.64,9.54

131146250,2
131146250,27246,1.22,0.67,9.56

131146265,2
131146265,27259,1.23,0.70,9.58

131146281,2
131146281,27272,0.96,0.41,9.67

131146296,2
131146296,27285,1.65,0.61,9.08

131146296,2
131146296,27298,1.71,1.16,8.58

131146312,2
131146312,27311,1.52,0.93,9.11

131146328,2
131146328,27324,1.39,0.75,9.31

131146343,2
131146343,27337,1.45,0.80,9.28

131146359,2
131146359,27350,1.44,0.78,9.31

131146375,2
131146375,27363,1.41,0.77,9.32

131146375,2
131146375,27376,1.44,0.80,9.32

131146390,2
131146390,27389,1.41,0.78,9.31

131146406,2
131146406,27402,1.43,0.80,9.33

131146421,2
131146421,27415,1.43,0.79,9.33

131146437,2
131146437,27428,1.44,0.78,9.34

131146453,2
131146453,27441,6.28,2.31,-4.04

131146453,2
131146453,27454,0.25,0.23,10.61

131146468,2
131146468,27467,1.11,0.57,10.01

131146484,2
131146484,27480,1.49,0.71,9.22

131146500,2
131146500,27493,1.21,0.72,9.59

131146515,2
131146515,27506,1.44,0.71,9.55

131146531,2
131146531,27519,1.28,0.69,9.56

131146531,2
131146531,27532,1.24,0.63,9.49

131146546,2
131146546,27545,1.33,0.63,9.65

131146562,2
131146562,27558,0.88,0.49,9.70

131146578,2
131146578,27571,1.36,0.31,9.46

131146593,2
131146593,27584,1.69,0.92,8.76

131146609,2
131146609,27597,1.66,1.18,8.60

131146609,2
131146609,27610,1.49,0.82,9.37

131146625,2
131146625,27623,1.45,0.76,9.28

131146640,2
131146640,27636,1.46,0.75,9.25

131146656,2
131146656,27649,1.46,0.78,9.30

131146671,2
131146671,27662,1.43,0.75,9.35

131146687,2
131146687,27675,1.43,0.74,9.37

131146687,2
131146687,27688,1.42,0.75,9.36

131146703,2
131146703,27701,1.45,0.75,9.35

131146718,2
131146718,27714,1.42,0.76,9.36

131146734,2
131146734,27727,1.45,0.78,9.33

131146750,2
131146750,27740,1.44,0.78,9.30

131146765,2
131146765,27753,1.46,0.77,9.28

131146765,2
131146765,27766,3.07,1.44,-9.51

131146781,2
131146781,27779,1.29,1.36,11.96

131146796,2
131146796,27792,1.44,0.62,9.96

131146812,2
131146812,27805,1.29,0.74,9.35

131146828,2
131146828,27818,1.24,0.73,9.63

131146843,2
131146843,27831,1.35,0.65,9.49

131146843,2
131146843,27844,1.31,0.69,9.52

131146859,2
131146859,27857,1.28,0.66,9.50

131146875,2
131146875,27870,1.28,0.63,9.45

131146890,2
131146890,27883,1.18,0.59,9.65

131146906,2
131146906,27896,0.93,0.46,9.81

131146921,2
131146921,27909,1.42,0.46,9.32

131146921,2
131146921,27922,1.60,0.86,8.65

131146937,2
131146937,27935,1.77,1.14,8.58

131146953,2
131146953,27948,1.46,0.75,9.46

131146968,2
131146968,27961,1.42,0.75,9.33

131146984,2
131146984,27974,1.44,0.79,9.28

131147000,2
131147000,27987,1.42,0.77,9.35

131147000,2
131147000,28000,1.40,0.73,9.37

131147015,2
131147015,28013,1.42,0.74,9.35

131147031,2
131147031,28026,1.44,0.77,9.33

131147046,2
131147046,28039,1.45,0.75,9.33

131147062,2
131147062,28052,1.45,0.77,9.31

131147062,2
131147062,28065,1.44,0.80,9.31

131147078,2
131147078,28078,1.44,0.79,9.30

131147093,2
131147093,28091,1.45,0.76,9.34

131147109,2
131147109,28104,4.10,2.43,0.66

131147125,2
131147125,28117,0.54,0.71,11.16

131147140,2
131147140,28130,1.04,0.56,9.80

131147156,2
131147156,28143,1.36,0.79,9.59

131147156,2
131147156,28156,1.23,0.64,9.62

131147171,2
131147171,28169,1.32,0.69,9.40

131147187,2
131147187,28182,1.30,0.73,9.47

131147203,2
131147203,28195,1.29,0.68,9.51

131147218,2
131147218,28208,1.31,0.70,9.51

131147218,2
131147234,28221,1.31,0.62,9.83

131147234,2
131147234,28234,1.00,0.53,9.62

131147250,2
131147250,28247,1.11,0.39,9.57

131147265,2
131147265,28260,1.67,0.77,8.91

131147281,2
131147281,28273,1.71,1.18,8.57

131147296,2
131147296,28286,1.52,0.82,9.41

131147296,2
131147312,28299,1.40,0.73,9.32

131147312,2
131147312,28312,1.49,0.79,9.23

131147328,2
131147328,28325,1.47,0.75,9.32

131147343,2
131147343,28338,1.44,0.73,9.36

131147359,2
131147359,28351,1.44,0.77,9.33

131147375,2
131147375,28364,1.42,0.76,9.35

131147375,2
131147375,28377,1.44,0.76,9.35

131147390,2
131147390,28390,1.44,0.74,9.36

131147406,2
131147406,28403,1.46,0.77,9.36

131147421,2
131147421,28416,1.45,0.76,9.35

131147437,2
131147437,28429,4.97,1.56,6.03

131147453,2
131147453,28442,0.81,0.60,10.16

131147453,2
131147453,28455,1.26,0.61,10.03

131147468,2
131147468,28468,1.44,0.71,9.18

131147484,2
131147484,28481,1.23,0.72,9.48

131147500,2
131147500,28494,1.40,0.67,9.48

131147515,2
131147515,28507,1.20,0.66,9.51

131147531,2
131147531,28520,1.28,0.68,9.57

131147531,2
131147546,28533,1.26,0.62,9.63

131147546,2
131147546,28546,0.99,0.59,9.49

131147562,2
131147562,28559,2.76,0.62,8.94

131147578,2
131147578,28572,1.48,0.85,9.25

131147593,2
131147593,28585,1.63,0.58,8.80

131147609,2
131147609,28598,1.66,1.07,8.99

131147609,2
131147609,28611,1.53,0.78,9.23

131147625,2
131147625,28624,1.42,0.72,9.26

131147640,2
131147640,28637,1.47,0.78,9.26

131147656,2
131147656,28650,1.42,0.74,9.33

131147671,2
131147671,28663,1.46,0.72,9.38

131147687,2
131147687,28676,1.42,0.76,9.38

131147687,2
131147687,28689,1.42,0.74,9.37

131147703,2
131147703,28702,1.42,0.76,9.35

131147718,2
131147718,28715,1.42,0.75,9.34

131147734,2
131147734,28728,1.45,0.77,9.31

131147750,2
131147750,28741,1.45,0.77,9.27

131147765,2
131147765,28754,1.47,0.76,9.25

131147765,2
131147765,28767,3.55,2.49,2.17

131147781,2
131147781,28780,0.76,0.91,12.05

131147796,2
131147796,28793,1.34,0.50,9.91

131147812,2
131147812,28806,0.57,0.61,9.19

131147828,2
131147828,28819,1.13,0.66,9.76

131147843,2
131147843,28832,1.23,0.66,9.48

131147843,2
131147843,28845,1.27,0.75,9.62

131147859,2
131147859,28858,1.28,0.64,9.70

131147875,2
131147875,28871,1.13,0.61,9.78

131147890,2
131147890,28884,0.58,0.29,9.82

131147906,2
131147906,28897,1.68,0.53,9.00

131147921,2
131147921,28910,1.80,1.15,8.38

131147921,2
131147921,28923,1.58,0.95,9.00

131147937,2
131147937,28936,1.45,0.76,9.36

131147953,2
131147953,28949,1.44,0.76,9.22

131147968,2
131147968,28962,1.50,0.78,9.26

131147984,2
131147984,28975,1.45,0.78,9.35

131148000,2
131148000,28988,1.45,0.73,9.36

131148000,2
131148000,29001,1.44,0.75,9.38

131148015,2
131148015,29014,1.45,0.76,9.41

131148031,2
131148031,29027,1.44,0.74,9.35

131148046,2
131148046,29040,1.46,0.76,9.33

131148062,2
131148062,29053,1.45,0.75,9.31

131148078,2
131148078,29066,1.45,0.75,9.29

131148078,2
131148078,29079,1.90,-0.59,16.82

131148093,2
131148093,29092,1.06,0.55,9.77

131148109,2
131148109,29105,1.44,0.77,9.94

131148125,2
131148125,29118,1.41,0.67,9.36

131148140,2
131148140,29131,1.28,0.71,9.39

131148156,2
131148156,29144,1.36,0.69,9.56

131148156,2
131148156,29157,1.24,0.64,9.72

131148171,2
131148171,29170,1.21,0.62,9.55

131148187,2
131148187,29183,0.68,0.48,9.49

131148203,2
131148203,29196,1.85,0.63,9.40

131148218,2
131148218,29209,1.86,1.05,8.56

131148234,2
131148234,29222,1.68,0.96,8.52

131148234,2
131148234,29235,1.47,0.77,9.42

131148250,2
131148250,29248,1.50,0.77,9.28

131148265,2
131148265,29261,1.51,0.74,9.23

131148281,2
131148281,29274,1.46,0.77,9.28

131148296,2
131148296,29287,1.44,0.76,9.34

131148312,2
131148312,29300,1.41,0.74,9.36

131148312,2
131148312,29313,1.43,0.74,9.43

131148328,2
131148328,29326,1.42,0.75,9.38

131148343,2
131148343,29339,1.44,0.74,9.33

131148359,2
131148359,29352,1.44,0.76,9.31

131148375,2
131148375,29365,1.47,0.75,9.30

131148390,2
131148390,29378,1.49,0.75,9.28

131148390,2
131148390,29391,1.57,0.83,9.16

131148406,2
131148406,29404,0.38,0.52,13.60

131148421,2
131148421,29417,0.47,0.30,10.18

131148437,2
131148437,29430,1.35,0.86,9.86

131148453,2
131148453,29443,1.21,0.57,9.69

131148468,2
131148468,29456,1.24,0.69,9.46

131148468,2
131148468,29469,1.31,0.70,9.59

131148484,2
131148484,29482,1.22,0.61,9.60

131148500,2
131148500,29495,1.01,0.61,9.57

131148515,2
131148515,29508,0.24,0.27,2.59

131148531,2
131148531,29521,1.47,0.94,9.42

131148531,2
131148546,29534,1.89,0.64,9.09

131148546,2
131148546,29547,1.72,1.04,8.67

131148562,2
131148562,29560,1.51,0.83,9.19

131148578,2
131148578,29573,1.49,0.77,9.29

131148593,2
131148593,29586,1.46,0.79,9.21

131148609,2
131148609,29599,1.47,0.76,9.33

131148609,2
131148625,29612,1.48,0.76,9.43

131148625,2
131148625,29625,1.42,0.74,9.40

131148640,2
131148640,29638,1.44,0.75,9.42

131148656,2
131148656,29651,1.42,0.73,9.38

131148671,2
131148671,29664,1.44,0.75,9.37

131148687,2
131148687,29677,1.46,0.75,9.34

131148687,2
131148703,29690,1.48,0.76,9.31

131148703,2
131148703,29703,4.29,1.68,-10.44

131148718,2
131148718,29716,1.12,1.91,11.76

131148734,2
131148734,29729,1.03,0.48,9.95

131148750,2
131148750,29742,1.38,0.84,9.27

131148765,2
131148765,29755,1.36,0.74,9.56

131148765,2
131148765,29768,1.30,0.71,9.51

131148781,2
131148781,29781,1.28,0.74,9.63

131148796,2
131148796,29794,1.26,0.63,9.68

131148812,2
131148812,29807,1.20,0.70,9.59

131148828,2
131148828,29820,1.01,0.67,9.59

131148843,2
131148843,29833,1.25,0.31,9.69

131148843,2
131148843,29846,1.66,0.65,8.72

131148859,2
131148859,29859,1.72,1.10,8.37

131148875,2
131148875,29872,1.54,0.83,9.33

131148890,2
131148890,29885,1.47,0.77,9.31

131148906,2
131148906,29898,1.50,0.77,9.24

131148921,2
131148921,29911,1.45,0.76,9.31

131148921,2
131148921,29924,1.46,0.74,9.36

131148937,2
131148937,29937,1.43,0.71,9.36

131148953,2
131148953,29950,1.43,0.73,9.40

131148968,2
131148968,29963,1.45,0.73,9.38

131148984,2
131148984,29976,1.43,0.73,9.37

131149000,2
131149000,29989,1.47,0.74,9.33

131149000,2
131149000,30002,1.45,0.76,9.32

131149015,2
131149015,30015,3.51,1.01,-9.13

131149031,2
131149031,30028,1.22,1.20,11.34

131149046,2
131149046,30041,1.46,0.62,9.86

131149062,2
131149062,30054,1.23,0.74,9.31

131149078,2
131149078,30067,1.24,0.70,9.61

131149078,2
131149078,30080,1.30,0.69,9.60

131149093,2
131149093,30093,1.23,0.69,9.66

131149109,2
131149109,30106,1.27,0.66,9.67

131149125,2
131149125,30119,1.20,0.67,9.86

131149140,2
131149140,30132,0.79,0.46,9.87

131149156,2
131149156,30145,1.57,0.49,9.01

131149156,2
131149156,30158,1.74,0.91,8.64

131149171,2
131149171,30171,1.61,0.97,8.78

131149187,2
131149187,30184,1.48,0.76,9.31

131149203,2
131149203,30197,1.47,0.76,9.24

131149218,2
131149218,30210,1.47,0.76,9.26

131149234,2
131149234,30223,1.46,0.76,9.31

131149234,2
131149234,30236,1.43,0.75,9.35

131149250,2
131149250,30249,1.43,0.73,9.37

131149265,2
131149265,30262,1.41,0.72,9.38

131149281,2
131149281,30275,1.43,0.73,9.37

131149296,2
131149296,30288,1.46,0.73,9.37

131149312,2
131149312,30301,1.43,0.76,9.34

131149312,2
131149312,30314,2.54,-0.42,16.58

131149328,2
131149328,30327,1.49,0.91,9.68

131149343,2
131149343,30340,1.23,0.71,9.81

131149359,2
131149359,30353,1.36,0.70,9.17

131149375,2
131149375,30366,1.29,0.75,9.44

131149390,2
131149390,30379,1.36,0.70,9.56

131149390,2
131149390,30392,1.21,0.67,9.60

131149406,2
131149406,30405,1.24,0.67,9.62

131149421,2
131149421,30418,1.25,0.67,9.82

131149437,2
131149437,30431,1.00,0.58,9.69

131149453,2
131149453,30444,1.08,0.43,9.54

131149468,2
131149468,30457,1.60,0.67,8.81

131149468,2
131149468,30470,1.70,1.10,8.55

131149484,2
131149484,30483,1.55,0.85,9.25

131149500,2
131149500,30496,1.47,0.75,9.23

131149515,2
131149515,30509,1.45,0.78,9.24

131149531,2
131149531,30522,1.47,0.79,9.29

131149546,2
131149546,30535,1.42,0.74,9.34

131149546,2
131149546,30548,1.45,0.72,9.37

131149562,2
131149562,30561,1.42,0.72,9.42

131149578,2
131149578,30574,1.45,0.72,9.40

131149593,2
131149593,30587,1.45,0.71,9.36

131149609,2
131149609,30600,1.45,0.74,9.34

131149625,2
131149625,30613,1.47,0.76,9.30

131149625,2
131149625,30626,1.46,0.76,9.28

131149640,2
131149640,30639,1.50,0.76,9.27

131149656,2
131149656,30652,-0.12,0.56,13.50

131149671,2
131149671,30665,0.71,0.51,10.23

131149687,2
131149687,30678,1.37,0.82,9.89

131149687,2
131149703,30691,1.28,0.62,9.55

131149703,2
131149703,30704,1.23,0.72,9.47

131149718,2
131149718,30717,1.31,0.71,9.59

131149734,2
131149734,30730,1.27,0.64,9.66

131149750,2
131149750,30743,1.18,0.64,9.65

131149765,2
131149765,30756,0.90,0.56,9.87

131149781,2
131149781,30769,1.50,0.44,9.17

131149781,2
131149781,30782,1.56,0.60,8.77

131149796,2
131149796,30795,1.79,1.18,8.58

131149812,2
131149812,30808,1.54,0.83,9.40

131149828,2
131149828,30821,1.47,0.74,9.23

131149843,2
131149843,30834,1.47,0.72,9.27

131149859,2
131149859,30847,1.45,0.74,9.30

131149859,2
131149859,30860,1.44,0.73,9.35

131149875,2
131149875,30873,1.44,0.73,9.36

131149890,2
131149890,30886,1.41,0.74,9.38

131149906,2
131149906,30899,1.45,0.75,9.37

131149921,2
131149921,30912,1.44,0.73,9.35

131149937,2
131149937,30925,1.47,0.74,9.37

131149937,2
131149937,30938,1.47,0.74,9.32

131149953,2
131149953,30951,1.48,0.77,9.24

131149968,2
131149968,30964,6.60,-0.03,-13.14

131149984,2
131149984,30977,0.37,1.23,11.08

131150000,2
131150000,30990,1.16,0.58,10.00

131150015,2
131150015,31003,1.28,0.78,9.26

131150015,2
131150015,31016,1.27,0.71,9.62

131150031,2
131150031,31029,1.32,0.65,9.54

131150046,2
131150046,31042,1.24,0.72,9.52

131150062,2
131150062,31055,1.21,0.68,9.57

131150078,2
131150078,31068,0.46,0.65,9.92

131150093,2
131150093,31081,1.60,0.54,9.03

131150093,2
131150093,31094,1.76,0.82,8.65

131150109,2
131150109,31107,1.66,0.94,8.69

131150125,2
131150125,31120,1.44,0.78,9.37

131150140,2
131150140,31133,1.49,0.75,9.31

131150156,2
131150156,31146,1.47,0.74,9.20

131150171,2
131150171,31159,1.46,0.73,9.32

131150171,2
131150171,31172,1.46,0.76,9.34

131150187,2
131150187,31185,1.43,0.72,9.36

131150203,2
131150203,31198,1.45,0.72,9.40

131150218,2
131150218,31211,1.46,0.72,9.38

131150234,2
131150234,31224,1.48,0.74,9.37

131150234,2
131150250,31237,1.43,0.73,9.33

131150250,2
131150250,31250,1.47,0.75,9.31

131150265,2
131150265,31263,0.40,0.70,14.49

131150281,2
131150281,31276,1.16,0.90,9.82

131150296,2
131150296,31289,1.20,0.61,9.64

131150312,2
131150312,31302,1.31,0.61,9.39

131150312,2
131150312,31315,1.29,0.78,9.39

131150328,2
131150328,31328,1.34,0.73,9.59

131150343,2
131150343,31341,1.25,0.65,9.60

131150359,2
131150359,31354,1.27,0.63,9.54

131150375,2
131150375,31367,1.28,0.68,9.64

131150390,2
131150390,31380,0.19,0.43,9.72

131150390,2
131150390,31393,1.04,0.87,5.55

131150406,2
131150406,31406,1.85,1.07,9.99

131150421,2
131150421,31419,1.84,0.60,8.81

131150437,2
131150437,31432,1.63,1.00,8.89

131150453,2
131150453,31445,1.46,0.71,9.32

131150468,2
131150468,31458,1.47,0.72,9.32

131150468,2
131150484,31471,1.47,0.75,9.28

131150484,2
131150484,31484,1.46,0.74,9.31

131150500,2
131150500,31497,1.44,0.71,9.42

131150515,2
131150515,31510,1.43,0.72,9.39

131150531,2
131150531,31523,1.42,0.74,9.37

131150546,2
131150546,31536,1.46,0.74,9.33

131150546,2
131150546,31549,1.47,0.72,9.35

131150562,2
131150562,31562,1.43,0.74,9.29

131150578,2
131150578,31575,2.28,-0.68,19.61

131150593,2
131150593,31588,1.32,0.90,9.48

131150609,2
131150609,31601,1.44,0.82,9.92

131150625,2
131150625,31614,1.36,0.66,9.15

131150625,2
131150625,31627,1.29,0.78,9.42

131150640,2
131150640,31640,1.37,0.71,9.63

131150656,2
131150656,31653,1.19,0.63,9.62

131150671,2
131150671,31666,1.24,0.60,9.62

131150687,2
131150687,31679,1.08,0.63,9.80

131150703,2
131150703,31692,3.40,0.73,10.51

131150703,2
131150703,31705,1.19,0.59,9.24

131150718,2
131150718,31718,1.61,0.56,8.54

131150734,2
131150734,31731,1.67,0.87,9.08

131150750,2
131150750,31744,1.58,0.82,9.10

131150765,2
131150765,31757,1.44,0.73,9.18

131150781,2
131150781,31770,1.49,0.78,9.25

131150781,2
131150781,31783,1.47,0.75,9.35

131150796,2
131150796,31796,1.42,0.70,9.32

131150812,2
131150812,31809,1.44,0.71,9.35

131150828,2
131150828,31822,1.41,0.70,9.39

131150843,2
131150843,31835,1.44,0.72,9.36

131150859,2
131150859,31848,1.44,0.74,9.37

131150859,2
131150859,31861,1.44,0.74,9.33

131150875,2
131150875,31874,1.78,1.03,8.61

131150890,2
131150890,31887,1.19,0.93,12.78

131150906,2
131150906,31900,1.27,0.63,9.98

131150921,2
131150921,31913,1.26,0.81,9.67

131150937,2
131150937,31926,1.25,0.67,9.66

131150937,2
131150937,31939,1.27,0.72,9.51

131150953,2
131150953,31952,1.31,0.70,9.58

131150968,2
131150968,31965,1.22,0.63,9.59

131150984,2
131150984,31978,-0.19,0.41,10.58

131151000,2
131151000,31991,-0.41,0.80,11.45

131151015,2
131151015,32004,0.75,0.36,9.42

131151015,2
131151015,32017,1.57,0.65,9.74

131151031,2
131151031,32030,1.65,1.05,8.34

131151046,2
131151046,32043,1.48,0.81,9.27

131151062,2
131151062,32056,1.50,0.74,9.28

131151078,2
131151078,32069,1.51,0.75,9.18

131151093,2
131151093,32082,1.46,0.74,9.22

131151093,2
131151093,32095,1.48,0.75,9.40

131151109,2
131151109,32108,1.46,0.70,9.39

131151125,2
131151125,32121,1.43,0.71,9.42

131151140,2
131151140,32134,1.43,0.73,9.40

131151156,2
131151156,32147,1.44,0.72,9.38

131151171,2
131151171,32160,1.46,0.73,9.37

131151171,2
131151171,32173,3.87,-0.69,-14.86

131151187,2
131151187,32186,1.10,1.06,9.50

131151203,2
131151203,32199,1.36,0.65,9.83

131151218,2
131151218,32212,1.41,0.75,9.00

131151234,2
131151234,32225,1.32,0.72,9.54

131151250,2
131151250,32238,1.40,0.68,9.50

131151250,2
131151250,32251,1.26,0.66,9.53

131151265,2
131151265,32264,1.29,0.61,9.93

131151281,2
131151281,32277,6.07,0.79,13.97

131151296,2
131151296,32290,0.49,0.83,10.41

131151312,2
131151312,32303,1.07,0.27,8.67

131151328,2
131151328,32316,1.62,0.71,9.42

131151328,2
131151328,32329,1.69,0.99,8.32

131151343,2
131151343,32342,1.51,0.83,9.25

131151359,2
131151359,32355,1.45,0.79,9.25

131151375,2
131151375,32368,1.51,0.73,9.27

131151390,2
131151390,32381,1.44,0.73,9.22

131151406,2
131151406,32394,1.46,0.74,9.30

131151406,2
131151406,32407,1.41,0.69,9.40

131151421,2
131151421,32420,1.41,0.70,9.43

131151437,2
131151437,32433,1.45,0.71,9.41

131151453,2
131151453,32446,1.43,0.70,9.36

131151468,2
131151468,32459,0.73,1.46,13.04

131151484,2
131151484,32472,0.80,0.69,10.14

131151484,2
131151484,32485,1.44,0.91,9.97

131151500,2
131151500,32498,1.32,0.61,9.40

131151515,2
131151515,32511,1.29,0.75,9.39

131151531,2
131151531,32524,1.39,0.78,9.50

131151546,2
131151546,32537,1.27,0.63,9.59

131151562,2
131151562,32550,1.08,0.70,9.86

131151562,2
131151562,32563,0.49,0.36,2.35

131151578,2
131151578,32576,1.50,1.04,9.50

131151593,2
131151593,32589,1.93,0.57,9.27

131151609,2
131151609,32602,1.73,0.98,8.88

131151625,2
131151625,32615,1.50,0.74,9.01

131151640,2
131151640,32628,1.51,0.77,9.29

131151640,2
131151640,32641,1.50,0.82,9.15

131151656,2
131151656,32654,1.46,0.73,9.25

131151671,2
131151671,32667,1.47,0.75,9.30

131151687,2
131151687,32680,1.44,0.75,9.29

131151703,2
131151703,32693,1.45,0.71,9.40

131151703,2
131151718,32706,1.44,0.70,9.39

131151718,2
131151718,32719,1.46,0.73,9.39

131151734,2
131151734,32732,1.45,0.72,9.36

131151750,2
131151750,32745,1.47,0.74,9.32

131151765,2
131151765,32758,2.57,1.43,6.62

131151781,2
131151781,32771,1.20,0.96,13.29

131151781,2
131151796,32784,0.49,0.19,9.81

131151796,2
131151796,32797,1.30,0.89,9.67

131151812,2
131151812,32810,1.35,0.66,9.64

131151828,2
131151828,32823,1.26,0.73,9.43

131151843,2
131151843,32836,1.27,0.71,9.53

131151859,2
131151859,32849,-0.47,0.54,10.11

131151859,2
131151859,32862,0.08,1.03,12.64

131151875,2
131151875,32875,0.47,0.35,9.42

131151890,2
131151890,32888,0.68,0.50,9.75

131151906,2
131151906,32901,1.67,0.66,9.10

131151921,2
131151921,32914,1.56,0.78,8.96

131151937,2
131151937,32927,1.64,0.83,8.84

131151937,2
131151953,32940,1.54,0.78,9.22

131151953,2
131151953,32953,1.49,0.77,9.16

131151968,2
131151968,32966,1.48,0.75,9.30

131151984,2
131151984,32979,1.48,0.71,9.33

131152000,2
131152000,32992,1.43,0.72,9.36

131152015,2
131152015,33005,1.43,0.70,9.42

131152031,2
131152031,33018,1.42,0.69,9.43

131152031,2
131152031,33031,1.42,0.71,9.34

131152046,2
131152046,33044,1.46,0.72,9.34

131152062,2
131152062,33057,1.65,0.86,9.10

131152078,2
131152078,33070,0.86,0.86,13.38

131152093,2
131152093,33083,1.22,0.58,10.12

131152093,2
131152109,33096,1.22,0.77,9.61

131152109,2
131152109,33109,1.31,0.67,9.50

131152125,2
131152125,33122,1.30,0.75,9.39

131152140,2
131152140,33135,1.33,0.72,9.62

131152156,2
131152156,33148,1.20,0.64,9.56

131152171,2
131152171,33161,-0.38,0.34,9.99

131152171,2
131152171,33174,-0.08,0.95,12.15

131152187,2
131152187,33187,0.48,0.33,9.24

131152203,2
131152203,33200,1.46,0.57,9.98

131152218,2
131152218,33213,1.66,0.93,8.44

131152234,2
131152234,33226,1.53,0.89,8.98

131152250,2
131152250,33239,1.50,0.74,9.32

131152250,2
131152250,33252,1.51,0.77,9.18

131152265,2
131152265,33265,1.45,0.72,9.22

131152281,2
131152281,33278,1.49,0.75,9.30

131152296,2
131152296,33291,1.41,0.73,9.33

131152312,2
131152312,33304,1.41,0.74,9.39

131152328,2
131152328,33317,1.43,0.71,9.41

131152328,2
131152328,33330,1.42,0.71,9.38

131152343,2
131152343,33343,1.44,0.76,9.34

131152359,2
131152359,33356,3.66,2.47,0.07

131152375,2
131152375,33369,1.36,1.29,12.56

131152390,2
131152390,33382,1.26,0.59,9.92

131152406,2
131152406,33395,1.34,0.79,9.39

131152406,2
131152406,33408,1.33,0.75,9.52

131152421,2
131152421,33421,1.37,0.74,9.47

131152437,2
131152437,33434,1.28,0.70,9.64

131152453,2
131152453,33447,1.25,0.62,9.67

131152468,2
131152468,33460,1.15,0.63,9.79

131152484,2
131152484,33473,4.10,0.99,11.26

131152484,2
131152484,33486,1.16,0.63,9.76

131152500,2
131152500,33499,1.53,0.48,8.55

131152515,2
131152515,33512,1.71,0.97,9.06

131152531,2
131152531,33525,1.58,0.78,9.07

131152546,2
131152546,33538,1.47,0.74,9.16

131152562,2
131152562,33551,1.53,0.80,9.15

131152562,2
131152562,33564,1.48,0.74,9.30

131152578,2
131152578,33577,1.49,0.72,9.32

131152593,2
131152593,33590,1.45,0.72,9.35

131152609,2
131152609,33603,1.46,0.70,9.42

131152625,2
131152625,33616,1.42,0.70,9.43

131152640,2
131152640,33629,1.44,0.72,9.37

131152640,2
131152640,33642,1.43,0.70,9.35

131152656,2
131152656,33655,1.47,0.73,9.37

131152671,2
131152671,33668,1.47,0.73,9.30

131152687,2
131152687,33681,1.50,0.73,9.24

131152703,2
131152703,33694,1.90,1.19,8.28

131152718,2
131152718,33707,2.24,1.60,12.29

131152718,2
131152718,33720,1.38,0.77,10.04

131152734,2
131152734,33733,1.23,0.84,9.80

131152750,2
131152750,33746,1.19,0.60,9.85

131152765,2
131152765,33759,1.22,0.67,9.47

131152781,2
131152781,33772,1.34,0.73,9.67

131152796,2
131152796,33785,1.22,0.62,9.56

131152796,2
131152796,33798,1.19,0.59,9.82

131152812,2
131152812,33811,0.94,0.61,9.85

131152828,2
131152828,33824,1.46,0.43,9.07

131152843,2
131152843,33837,1.69,0.85,8.67

131152859,2
131152859,33850,1.60,0.90,8.63

131152875,2
131152875,33863,1.50,0.79,9.30

131152875,2
131152875,33876,1.47,0.76,9.25

131152890,2
131152890,33889,1.48,0.71,9.24

131152906,2
131152906,33902,1.48,0.74,9.30

131152921,2
131152921,33915,1.43,0.73,9.33

131152937,2
131152937,33928,1.45,0.69,9.38

131152937,2
131152953,33941,1.41,0.67,9.42

131152953,2
131152953,33954,1.45,0.74,9.38

131152968,2
131152968,33967,1.45,0.71,9.34

131152984,2
131152984,33980,1.44,0.74,9.31

131153000,2
131153000,33993,1.48,0.76,9.27

131153015,2
131153015,34006,1.30,0.64,-2.27

131153031,2
131153031,34019,1.53,0.86,10.23

131153031,2
131153031,34032,2.10,1.00,9.92

131153046,2
131153046,34045,1.08,0.45,9.04

131153062,2
131153062,34058,1.28,0.69,9.58

131153078,2
131153078,34071,1.38,0.70,9.64

131153093,2
131153093,34084,1.19,0.64,9.63

131153109,2
131153109,34097,1.23,0.62,9.57

131153109,2
131153109,34110,2.57,0.85,3.22

131153125,2
131153125,34123,1.79,1.03,9.17

131153140,2
131153140,34136,1.27,0.35,8.94

131153156,2
131153156,34149,1.62,0.69,9.47

131153171,2
131153171,34162,1.75,0.89,8.71

131153187,2
131153187,34175,1.59,0.86,8.99

131153187,2
131153187,34188,1.46,0.78,9.27

131153203,2
131153203,34201,1.45,0.72,9.32

131153218,2
131153218,34214,1.49,0.71,9.28

131153234,2
131153234,34227,1.44,0.75,9.28

131153250,2
131153250,34240,1.45,0.69,9.44

131153250,2
131153250,34253,1.45,0.71,9.41

131153265,2
131153265,34266,1.43,0.73,9.37

131153281,2
131153281,34279,1.47,0.73,9.32

131153296,2
131153296,34292,1.50,0.71,9.33

131153312,2
131153312,34305,1.49,0.74,9.32

131153328,2
131153328,34318,3.18,1.60,4.90

131153343,2
131153343,34331,0.02,1.19,12.40

131153343,2
131153343,34344,0.99,0.45,10.09

131153359,2
131153359,34357,1.34,0.82,9.54

131153375,2
131153375,34370,1.34,0.63,9.65

131153390,2
131153390,34383,1.30,0.67,9.52

131153406,2
131153406,34396,1.34,0.71,9.67

131153406,2
131153406,34409,1.19,0.62,9.53

131153421,2
131153421,34422,0.87,0.48,9.41

131153437,2
131153437,34435,1.55,0.56,9.41

131153453,2
131153453,34448,1.56,0.66,8.77

131153468,2
131153468,34461,1.70,0.98,8.68

131153484,2
131153484,34474,1.53,0.77,9.32

131153500,2
131153500,34487,1.52,0.77,9.26

131153500,2
131153500,34500,1.49,0.72,9.25

131153515,2
131153515,34513,1.49,0.73,9.31

131153531,2
131153531,34526,1.42,0.73,9.36

131153546,2
131153546,34539,1.43,0.69,9.36

131153562,2
131153562,34552,1.43,0.70,9.39

131153562,2
131153562,34565,1.45,0.71,9.38

131153578,2
131153578,34578,1.46,0.71,9.34

131153593,2
131153593,34591,1.45,0.73,9.35

131153609,2
131153609,34604,1.47,0.72,9.33

131153625,2
131153625,34617,1.47,0.73,9.31

131153640,2
131153640,34630,1.50,0.76,9.25

131153640,2
131153640,34643,1.01,-0.35,17.26

131153656,2
131153656,34656,1.33,0.96,9.76

131153671,2
131153671,34669,1.68,1.14,9.84

131153687,2
131153687,34682,1.16,0.51,9.46

131153703,2
131153703,34695,1.30,0.76,9.60

131153718,2
131153718,34708,1.36,0.70,9.78

131153718,2
131153734,34721,1.22,0.63,9.67

131153734,2
131153734,34734,1.11,0.64,9.91

131153750,2
131153750,34747,0.87,0.55,9.83

131153765,2
131153765,34760,1.50,0.44,8.83

131153781,2
131153781,34773,1.77,1.01,8.68

131153796,2
131153796,34786,1.57,0.84,8.92

131153796,2
131153796,34799,1.48,0.76,9.37

131153812,2
131153812,34812,1.50,0.75,9.21

131153828,2
131153828,34825,1.49,0.75,9.29

131153843,2
131153843,34838,1.46,0.76,9.34

131153859,2
131153859,34851,1.43,0.70,9.39

131153875,2
131153875,34864,1.44,0.71,9.39

131153875,2
131153875,34877,1.43,0.71,9.42

131153890,2
131153890,34890,1.45,0.72,9.33

131153906,2
131153906,34903,1.45,0.72,9.35

131153921,2
131153921,34916,1.46,0.72,9.33

131153937,2
131153937,34929,1.50,0.76,9.27

131153953,2
131153953,34942,2.27,0.83,-7.28

131153953,2
131153953,34955,1.47,0.96,10.58

131153968,2
131153968,34968,1.09,0.54,10.07

131153984,2
131153984,34981,1.39,0.82,9.21

131154000,2
131154000,34994,1.30,0.65,9.52

131154015,2
131154015,35007,1.33,0.71,9.56

131154031,2
131154031,35020,1.28,0.70,9.60

131154031,2
131154031,35033,1.27,0.65,9.53

131154046,2
131154046,35046,1.25,0.65,9.73

131154062,2
131154062,35059,0.96,0.60,9.69

131154078,2
131154078,35072,1.60,0.53,9.33

131154093,2
131154093,35085,1.77,0.84,8.54

131154109,2
131154109,35098,1.63,1.03,8.55

131154109,2
131154109,35111,1.48,0.80,9.41

131154125,2
131154125,35124,1.48,0.75,9.26

131154140,2
131154140,35137,1.49,0.73,9.24

131154156,2
131154156,35150,1.46,0.74,9.29

131154171,2
131154171,35163,1.47,0.72,9.37

131154187,2
131154187,35176,1.44,0.68,9.41

131154187,2
131154187,35189,1.45,0.70,9.39

131154203,2
131154203,35202,1.45,0.70,9.37

131154218,2
131154218,35215,1.47,0.71,9.33

131154234,2
131154234,35228,1.44,0.72,9.35

131154250,2
131154250,35241,1.49,0.73,9.27

131154265,2
131154265,35254,1.51,0.74,9.26

131154265,2
131154265,35267,1.47,0.74,9.28

131154281,2
131154281,35280,3.57,0.56,17.26

131154296,2
131154296,35293,1.36,1.03,9.78

131154312,2
131154312,35306,1.43,0.73,10.13

131154328,2
131154328,35319,1.36,0.65,9.22

131154343,2
131154343,35332,1.26,0.71,9.57

131154343,2
131154343,35345,1.34,0.68,9.67

131154359,2
131154359,35358,1.23,0.65,9.69

131154375,2
131154375,35371,-0.30,0.06,10.51

131154390,2
131154390,35384,0.20,0.70,10.51

131154406,2
131154406,35397,1.09,0.35,9.22

131154421,2
131154421,35410,1.63,0.66,9.21

131154421,2
131154421,35423,1.61,1.01,8.55

131154437,2
131154437,35436,1.44,0.77,9.34

131154453,2
131154453,35449,1.49,0.76,9.29

131154468,2
131154468,35462,1.50,0.71,9.23

131154484,2
131154484,35475,1.47,0.73,9.26

131154500,2
131154500,35488,1.46,0.73,9.37

131154500,2
131154500,35501,1.45,0.69,9.36

131154515,2
131154515,35514,1.45,0.71,9.38

131154531,2
131154531,35527,1.44,0.71,9.34

131154546,2
131154546,35540,1.46,0.71,9.37

131154562,2
131154562,35553,1.45,0.74,9.31

131154578,2
131154578,35566,1.49,0.74,9.28

131154578,2
131154578,35579,1.49,0.74,9.26

131154593,2
131154593,35592,5.86,1.48,-11.80

131154609,2
131154609,35605,0.39,0.60,10.92

131154625,2
131154625,35618,1.11,0.62,10.18

131154640,2
131154640,35631,1.37,0.78,9.27

131154656,2
131154656,35644,1.26,0.67,9.55

131154656,2
131154656,35657,1.42,0.70,9.45

131154671,2
131154671,35670,0.76,0.55,9.77

131154687,2
131154687,35683,-1.05,0.38,3.90

131154703,2
131154703,35696,1.35,0.68,9.31

131154718,2
131154718,35709,1.18,0.48,9.82

131154734,2
131154734,35722,1.68,0.76,9.29

131154734,2
131154734,35735,1.64,0.85,8.87

131154750,2
131154750,35748,1.55,0.79,9.24

131154765,2
131154765,35761,1.50,0.75,9.29

131154781,2
131154781,35774,1.49,0.72,9.24

131154796,2
131154796,35787,1.48,0.70,9.33

131154812,2
131154812,35800,1.49,0.72,9.36

131154812,2
131154812,35813,1.44,0.72,9.39

131154828,2
131154828,35826,1.47,0.70,9.42

131154843,2
131154843,35839,1.48,0.71,9.37

131154859,2
131154859,35852,1.45,0.73,9.30

131154875,2
131154875,35865,1.49,0.71,9.32

131154890,2
131154890,35878,1.47,0.71,9.32

131154890,2
131154890,35891,1.52,0.74,9.30

131154906,2
131154906,35904,2.57,0.41,17.72

131154921,2
131154921,35917,1.33,0.61,9.67

131154937,2
131154937,35930,1.47,0.82,9.99

131154953,2
131154953,35943,1.42,0.69,9.33

131154968,2
131154968,35956,1.28,0.71,9.48

131154968,2
131154968,35969,1.43,0.70,9.58

131154984,2
131154984,35982,1.29,0.63,9.66

131155000,2
131155000,35995,1.25,0.63,9.60

131155015,2
131155015,36008,0.57,0.08,11.62

131155031,2
131155031,36021,0.22,0.56,11.37

131155046,2
131155046,36034,0.94,0.29,8.88

131155046,2
131155046,36047,1.59,0.78,9.28

131155062,2
131155062,36060,1.65,0.99,8.55

131155078,2
131155078,36073,1.47,0.74,9.26

131155093,2
131155093,36086,1.47,0.75,9.33

131155109,2
131155109,36099,1.53,0.72,9.33

131155109,2
131155125,36112,1.44,0.72,9.29

131155125,2
131155125,36125,1.46,0.75,9.33

131155140,2
131155140,36138,1.44,0.69,9.37

131155156,2
131155156,36151,1.46,0.70,9.34

131155171,2
131155171,36164,1.48,0.76,9.34

131155187,2
131155187,36177,1.49,0.70,9.33

131155187,2
131155187,36190,1.51,0.73,9.33

131155203,2
131155203,36203,1.50,0.74,9.28

131155218,2
131155218,36216,3.54,0.61,10.56

131155234,2
131155234,36229,1.23,0.60,9.65

131155250,2
131155250,36242,1.38,0.69,10.13

131155265,2
131155265,36255,1.42,0.72,9.04

131155265,2
131155265,36268,1.33,0.74,9.47

131155281,2
131155281,36281,1.39,0.71,9.61

131155296,2
131155296,36294,1.24,0.69,9.63

131155312,2
131155312,36307,1.36,0.62,9.76

131155328,2
131155328,36320,1.27,0.62,9.83

131155343,2
131155343,36333,0.96,0.43,9.59

131155359,2
131155359,36346,1.52,0.49,9.32

131155359,2
131155359,36359,1.76,0.81,8.62

131155375,2
131155375,36372,1.65,0.96,8.73

131155390,2
131155390,36385,1.52,0.77,9.33

131155406,2
131155406,36398,1.51,0.75,9.28

131155421,2
131155421,36411,1.51,0.73,9.26

131155421,2
131155421,36424,1.50,0.74,9.31

131155437,2
131155437,36437,1.47,0.72,9.35

131155453,2
131155453,36450,1.47,0.71,9.39

131155468,2
131155468,36463,1.47,0.71,9.39

131155484,2
131155484,36476,1.48,0.73,9.37

131155500,2
131155500,36489,1.45,0.71,9.33

131155500,2
131155500,36502,1.50,0.72,9.34

131155515,2
131155515,36515,1.51,0.73,9.32

131155531,2
131155531,36528,1.52,0.74,9.28

131155546,2
131155546,36541,1.51,0.75,9.28

131155562,2
131155562,36554,0.10,1.34,15.37

131155578,2
131155578,36567,1.28,1.09,10.30

131155578,2
131155593,36580,1.30,0.72,9.96

131155593,2
131155593,36593,1.32,0.59,9.37

131155609,2
131155609,36606,1.30,0.73,9.47

131155625,2
131155625,36619,1.36,0.71,9.71

131155640,2
131155640,36632,1.30,0.60,9.79

131155656,2
131155656,36645,1.17,0.67,9.47

131155656,2
131155656,36658,1.05,0.26,11.84

131155671,2
131155671,36671,0.45,0.31,8.61

131155687,2
131155687,36684,1.35,0.66,8.89

131155703,2
131155703,36697,1.69,0.94,8.86

131155718,2
131155718,36710,1.64,0.85,9.11

131155734,2
131155734,36723,1.48,0.71,9.21

131155734,2
131155734,36736,1.51,0.76,9.24

131155750,2
131155750,36749,1.52,0.75,9.34

131155765,2
131155765,36762,1.45,0.71,9.31

131155781,2
131155781,36775,1.48,0.73,9.35

131155796,2
131155796,36788,1.44,0.70,9.40

131155812,2
131155812,36801,1.47,0.69,9.37

131155812,2
131155812,36814,1.48,0.71,9.32

131155828,2
131155828,36827,1.48,0.73,9.35

131155843,2
131155843,36840,1.50,0.73,9.30

131155859,2
131155859,36853,1.49,0.73,9.26

131155875,2
131155875,36866,1.51,0.73,9.26

131155890,2
131155890,36879,1.47,0.74,9.30

131155890,2
131155890,36892,3.46,-0.00,2.35

131155906,2
131155906,36905,1.65,1.03,10.07

131155921,2
131155921,36918,1.11,0.52,10.31

131155937,2
131155937,36931,1.34,0.74,9.27

131155953,2
131155953,36944,1.31,0.74,9.57

131155968,2
131155968,36957,1.42,0.67,9.61

131155968,2
131155968,36970,1.35,0.57,9.81

131155984,2
131155984,36983,1.28,0.71,9.66

131156000,2
131156000,36996,0.55,0.50,9.95

131156015,2
131156015,37009,1.69,0.43,8.94

131156031,2
131156031,37022,1.85,0.92,8.49

131156046,2
131156046,37035,1.56,1.02,8.96

131156046,2
131156046,37048,1.45,0.79,9.34

131156062,2
131156062,37061,1.49,0.76,9.25

131156078,2
131156078,37074,1.50,0.72,9.25

131156093,2
131156093,37087,1.48,0.73,9.37

131156109,2
131156109,37100,1.50,0.73,9.36

131156125,2
131156125,37113,1.44,0.72,9.37

131156125,2
131156125,37126,1.47,0.72,9.34

131156140,2
131156140,37139,1.47,0.72,9.33

131156156,2
131156156,37152,1.50,0.73,9.30

131156171,2
131156171,37165,1.47,0.74,9.31

131156187,2
131156187,37178,1.49,0.74,9.26

131156203,2
131156203,37191,4.09,2.33,-1.08

131156203,2
131156203,37204,1.04,1.00,11.93

131156218,2
131156218,37217,1.50,0.71,10.14

131156234,2
131156234,37230,1.21,0.68,9.48

131156250,2
131156250,37243,1.33,0.72,9.61

131156265,2
131156265,37256,1.37,0.76,9.54

131156281,2
131156281,37269,1.31,0.67,9.63

131156281,2
131156296,37282,1.28,0.64,9.70

131156296,2
131156296,37295,1.17,0.10,12.84

131156312,2
131156312,37308,0.41,0.64,11.55

131156328,2
131156328,37321,0.98,0.30,8.60

131156343,2
131156343,37334,1.64,0.80,9.23

131156359,2
131156359,37347,1.71,0.91,8.44

131156359,2
131156359,37360,1.53,0.76,9.29

131156375,2
131156375,37373,1.51,0.75,9.30

131156390,2
131156390,37386,1.53,0.70,9.30

131156406,2
131156406,37399,1.49,0.71,9.28

131156421,2
131156421,37412,1.50,0.75,9.35

131156437,2
131156437,37425,1.48,0.71,9.40

131156437,2
131156437,37438,1.47,0.68,9.40

131156453,2
131156453,37451,1.49,0.73,9.36

131156468,2
131156468,37464,1.47,0.70,9.36

131156484,2
131156484,37477,1.48,0.74,9.32

131156500,2
131156500,37490,1.48,0.74,9.30

131156500,2
131156515,37503,1.63,0.83,9.09

131156515,2
131156515,37516,0.99,1.20,10.49

131156531,2
131156531,37529,0.65,0.40,9.85

131156546,2
131156546,37542,1.30,0.81,9.80

131156562,2
131156562,37555,1.32,0.64,9.69

131156578,2
131156578,37568,1.29,0.71,9.45

131156593,2
131156593,37581,1.34,0.70,9.57

131156593,2
131156593,37594,1.30,0.63,9.78

131156609,2
131156609,37607,1.17,0.65,9.51

131156625,2
131156625,37620,0.43,0.22,10.55

131156640,2
131156640,37633,1.14,0.45,7.35

131156656,2
131156656,37646,1.84,1.03,9.53

131156656,2
131156656,37659,1.70,0.68,8.92

131156671,2
131156671,37672,1.56,1.05,9.08

131156687,2
131156687,37685,1.52,0.74,9.30

131156703,2
131156703,37698,1.48,0.73,9.21

131156718,2
131156718,37711,1.51,0.75,9.31

131156734,2
131156734,37724,1.47,0.72,9.34

131156750,2
131156750,37737,1.47,0.70,9.41

131156750,2
131156750,37750,1.47,0.71,9.40

131156765,2
131156765,37763,1.47,0.70,9.39

131156781,2
131156781,37776,1.48,0.71,9.36

131156796,2
131156796,37789,1.49,0.71,9.35

131156812,2
131156812,37802,1.53,0.72,9.31

131156812,2
131156812,37815,1.52,0.72,9.27

131156828,2
131156828,37828,1.90,-1.69,5.13

131156843,2
131156843,37841,1.54,0.78,9.06

131156859,2
131156859,37854,1.56,0.79,9.79

131156875,2
131156875,37867,1.30,0.71,9.15

131156890,2
131156890,37880,1.27,0.69,9.69

131156890,2
131156890,37893,1.33,0.73,9.74

131156906,2
131156906,37906,1.21,0.66,9.73

131156921,2
131156921,37919,1.28,0.65,9.69

131156937,2
131156937,37932,1.19,0.64,10.02

131156953,2
131156953,37945,3.59,0.10,8.68

131156968,2
131156968,37958,1.21,0.83,9.57

131156968,2
131156968,37971,1.58,0.38,8.68

131156984,2
131156984,37984,1.76,0.95,8.83

131157000,2
131157000,37997,1.70,0.82,8.77

131157015,2
131157015,38010,1.52,0.77,9.15

131157031,2
131157031,38023,1.49,0.74,9.27

131157046,2
131157046,38036,1.53,0.72,9.32

131157046,2
131157062,38049,1.47,0.68,9.28

131157062,2
131157062,38062,1.49,0.70,9.39

131157078,2
131157078,38075,1.44,0.67,9.44

131157093,2
131157093,38088,1.45,0.68,9.39

131157109,2
131157109,38101,1.50,0.71,9.35

131157125,2
131157125,38114,1.46,0.69,9.32

131157125,2
131157125,38127,1.51,0.71,9.34

131157140,2
131157140,38140,1.50,0.71,9.28

131157156,2
131157156,38153,1.54,0.73,9.21

131157171,2
131157171,38166,2.66,0.70,10.08

131157187,2
131157187,38179,1.88,0.93,9.31

131157203,2
131157203,38192,1.10,0.38,10.01

131157203,2
131157203,38205,1.36,0.77,9.18

131157218,2
131157218,38218,1.41,0.71,9.69

131157234,2
131157234,38231,1.32,0.69,9.62

131157250,2
131157250,38244,1.28,0.67,9.53

131157265,2
131157265,38257,1.22,0.65,9.47

131157281,2
131157281,38270,4.41,0.12,7.57

131157281,2
131157281,38283,1.59,0.88,9.55

131157296,2
131157296,38296,1.37,0.39,8.73

131157312,2
131157312,38309,1.65,0.65,9.19

131157328,2
131157328,38322,1.78,0.95,8.55

131157343,2
131157343,38335,1.61,0.78,9.21

131157359,2
131157359,38348,1.46,0.75,9.29

131157359,2
131157359,38361,1.49,0.71,9.29

131157375,2
131157375,38374,1.45,0.70,9.28

131157390,2
131157390,38387,1.49,0.73,9.32

131157406,2
131157406,38400,1.45,0.69,9.39

131157421,2
131157421,38413,1.47,0.69,9.38

131157437,2
131157437,38426,1.47,0.73,9.33

131157437,2
131157437,38439,1.48,0.72,9.33

131157453,2
131157453,38452,1.49,0.74,9.31

131157468,2
131157468,38465,1.49,0.72,9.28

131157484,2
131157484,38478,3.12,1.54,4.84

131157500,2
131157500,38491,-0.06,0.88,9.72

131157515,2
131157515,38504,0.87,0.50,9.93

131157515,2
131157515,38517,1.30,0.79,9.54

131157531,2
131157531,38530,1.35,0.65,9.61

131157546,2
131157546,38543,1.32,0.72,9.48

131157562,2
131157562,38556,1.29,0.67,9.60

131157578,2
131157578,38569,-0.32,0.49,10.96

131157593,2
131157593,38582,0.95,0.87,11.73

131157593,2
131157593,38595,0.85,0.43,9.34

131157609,2
131157609,38608,0.79,0.47,9.04

131157625,2
131157625,38621,1.61,0.61,9.41

131157640,2
131157640,38634,1.64,0.79,8.84

131157656,2
131157656,38647,1.69,0.82,8.89

131157671,2
131157671,38660,1.53,0.70,9.33

131157671,2
131157671,38673,1.49,0.74,9.24

131157687,2
131157687,38686,1.50,0.76,9.26

131157703,2
131157703,38699,1.48,0.69,9.34

131157718,2
131157718,38712,1.47,0.70,9.35

131157734,2
131157734,38725,1.46,0.70,9.36

131157750,2
131157750,38738,1.48,0.71,9.37

131157750,2
131157750,38751,1.47,0.74,9.37

131157765,2
131157765,38764,1.51,0.69,9.35

131157781,2
131157781,38777,1.52,0.71,9.33

131157796,2
131157796,38790,1.51,0.73,9.29

131157812,2
131157812,38803,1.54,0.75,9.25

131157828,2
131157828,38816,2.73,0.48,13.99

131157828,2
131157828,38829,1.68,1.18,8.69

131157843,2
131157843,38842,1.86,0.95,9.98

131157859,2
131157859,38855,0.95,0.47,9.19

131157875,2
131157875,38868,1.26,0.73,9.62

131157890,2
131157890,38881,1.35,0.72,9.74

131157906,2
131157906,38894,1.23,0.72,9.65

131157906,2
131157906,38907,1.26,0.70,9.43

131157921,2
131157921,38920,0.92,0.77,9.97

131157937,2
131157937,38933,0.15,0.85,4.23

131157953,2
131157953,38946,1.69,0.97,9.82

131157968,2
131157968,38959,1.82,0.54,8.84

131157984,2
131157984,38972,1.67,1.03,8.82

131157984,2
131157984,38985,1.56,0.75,9.28

131158000,2
131158000,38998,1.50,0.71,9.27

131158015,2
131158015,39011,1.51,0.77,9.27

131158031,2
131158031,39024,1.47,0.73,9.29

131158046,2
131158046,39037,1.50,0.70,9.36

131158062,2
131158062,39050,1.45,0.70,9.39

131158062,2
131158062,39063,1.47,0.72,9.42

131158078,2
131158078,39076,1.47,0.70,9.36

131158093,2
131158093,39089,1.49,0.72,9.36

131158109,2
131158109,39102,1.48,0.72,9.36

131158125,2
131158125,39115,1.51,0.72,9.28

131158140,2
131158140,39128,5.17,1.86,-9.44

131158140,2
131158140,39141,1.08,1.00,10.16

131158156,2
131158156,39154,0.97,0.45,9.78

131158171,2
131158171,39167,1.31,0.83,9.42

131158187,2
131158187,39180,1.38,0.71,9.68

131158203,2
131158203,39193,1.30,0.74,9.54

131158218,2
131158218,39206,1.28,0.69,9.64

131158218,2
131158218,39219,1.22,0.67,9.71

131158234,2
131158234,39232,7.42,0.46,14.66

131158250,2
131158250,39245,1.18,0.65,9.93

131158265,2
131158265,39258,0.93,0.34,8.36

131158281,2
131158281,39271,1.59,0.65,9.47

131158281,2
131158296,39284,1.80,0.86,8.55

131158296,2
131158296,39297,1.61,0.86,9.00

131158312,2
131158312,39310,1.49,0.76,9.23

131158328,2
131158328,39323,1.52,0.73,9.28

131158343,2
131158343,39336,1.50,0.72,9.26

131158359,2
131158359,39349,1.48,0.72,9.31

131158359,2
131158375,39362,1.47,0.69,9.39

131158375,2
131158375,39375,1.44,0.67,9.40

131158390,2
131158390,39388,1.47,0.71,9.39

131158406,2
131158406,39401,1.48,0.70,9.36

131158421,2
131158421,39414,1.50,0.71,9.35

131158437,2
131158437,39427,1.51,0.71,9.34

131158437,2
131158453,39440,1.50,0.72,9.27

131158453,2
131158453,39453,1.93,0.96,8.44

131158468,2
131158468,39466,0.16,1.06,10.87

131158484,2
131158484,39479,0.73,0.55,10.11

131158500,2
131158500,39492,1.27,0.84,9.80

131158515,2
131158515,39505,1.30,0.64,9.72

131158515,2
131158515,39518,1.28,0.71,9.44

131158531,2
131158531,39531,1.32,0.71,9.64

131158546,2
131158546,39544,-0.37,0.54,10.20

131158562,2
131158562,39557,0.71,1.16,12.41

131158578,2
131158578,39570,0.70,0.45,9.47

131158593,2
131158593,39583,0.75,0.37,9.39

131158593,2
131158593,39596,1.64,0.59,9.47

131158609,2
131158609,39609,1.61,0.65,8.91

131158625,2
131158625,39622,1.74,0.98,8.58

131158640,2
131158640,39635,1.57,0.76,9.33

131158656,2
131158656,39648,1.49,0.74,9.24

131158671,2
131158671,39661,1.51,0.74,9.30

131158671,2
131158671,39674,1.49,0.69,9.30

131158687,2
131158687,39687,1.48,0.70,9.38

131158703,2
131158703,39700,1.45,0.66,9.40

131158718,2
131158718,39713,1.48,0.69,9.40

131158734,2
131158734,39726,1.47,0.73,9.34

131158750,2
131158750,39739,1.53,0.72,9.36

131158750,2
131158750,39752,1.48,0.71,9.34

131158765,2
131158765,39765,1.54,0.73,9.26

131158781,2
131158781,39778,4.24,1.97,-16.15

131158796,2
131158796,39791,1.47,1.08,10.38

131158812,2
131158812,39804,1.69,0.68,9.78

131158828,2
131158828,39817,0.74,0.43,9.47

131158828,2
131158828,39830,1.27,0.65,9.70

131158843,2
131158843,39843,1.27,0.70,9.62

131158859,2
131158859,39856,1.27,0.69,9.73

131158875,2
131158875,39869,1.01,0.70,9.88

131158890,2
131158890,39882,0.11,0.98,11.57

131158906,2
131158906,39895,0.65,0.52,9.65

131158906,2
131158906,39908,0.95,0.57,9.76

131158921,2
131158921,39921,1.59,0.67,9.10

131158937,2
131158937,39934,1.63,0.72,8.96

131158953,2
131158953,39947,1.71,0.86,8.82

131158968,2
131158968,39960,1.55,0.75,9.26

131158984,2
131158984,39973,1.48,0.73,9.23

131158984,2
131158984,39986,1.52,0.75,9.29

131159000,2
131159000,39999,1.50,0.72,9.31

131159015,2
131159015,40012,1.49,0.70,9.38

131159031,2
131159031,40025,1.48,0.69,9.38

131159046,2
131159046,40038,1.47,0.72,9.40

131159062,2
131159062,40051,1.48,0.70,9.34

131159062,2
131159062,40064,1.50,0.72,9.36

131159078,2
131159078,40077,1.51,0.72,9.30

131159093,2
131159093,40090,4.73,1.90,-10.86

131159109,2
131159109,40103,0.91,0.98,9.75

131159125,2
131159125,40116,1.09,0.56,9.81

131159140,2
131159140,40129,1.32,0.79,9.39

131159140,2
131159140,40142,1.36,0.71,9.59

131159156,2
131159156,40155,1.38,0.75,9.48

131159171,2
131159171,40168,1.33,0.71,9.64

131159187,2
131159187,40181,1.30,0.62,9.89

131159203,2
131159203,40194,0.17,0.09,12.05

131159218,2
131159218,40207,0.27,0.75,11.88

131159218,2
131159218,40220,0.78,0.29,8.45

131159234,2
131159234,40233,1.71,0.82,9.45

131159250,2
131159250,40246,1.75,0.91,8.39

131159265,2
131159265,40259,1.58,0.77,9.19

131159281,2
131159281,40272,1.56,0.74,9.31

131159296,2
131159296,40285,1.54,0.73,9.21

131159296,2
131159296,40298,1.50,0.72,9.23

131159312,2
131159312,40311,1.50,0.70,9.35

131159328,2
131159328,40324,1.50,0.68,9.38

131159343,2
131159343,40337,1.47,0.69,9.41

131159359,2
131159359,40350,1.47,0.70,9.39

131159375,2
131159375,40363,1.48,0.70,9.37

131159375,2
131159375,40376,1.48,0.73,9.33

131159390,2
131159390,40389,1.52,0.73,9.31

131159406,2
131159406,40402,1.50,0.73,9.27

131159421,2
131159421,40415,3.00,1.21,-1.36

131159437,2
131159437,40428,1.78,1.22,9.25

131159453,2
131159453,40441,1.34,0.54,9.92

131159453,2
131159453,40454,1.42,0.78,9.14

131159468,2
131159468,40467,1.39,0.71,9.54

131159484,2
131159484,40480,1.37,0.71,9.62

131159500,2
131159500,40493,1.29,0.68,9.63

131159515,2
131159515,40506,1.31,0.65,9.63

131159531,2
131159531,40519,2.74,0.33,15.04

131159531,2
131159531,40532,1.08,0.82,11.18

131159546,2
131159546,40545,0.90,0.42,8.94

131159562,2
131159562,40558,0.82,0.48,9.03

131159578,2
131159578,40571,1.76,0.72,9.03

131159593,2
131159593,40584,1.71,0.91,8.66

131159609,2
131159609,40597,1.61,0.76,9.19

131159609,2
131159609,40610,1.49,0.69,9.34

131159625,2
131159625,40623,1.50,0.73,9.23

131159640,2
131159640,40636,1.47,0.73,9.31

131159656,2
131159656,40649,1.51,0.68,9.36

131159671,2
131159671,40662,1.44,0.67,9.41

131159687,2
131159687,40675,1.47,0.70,9.36

131159687,2
131159687,40688,1.49,0.72,9.36

131159703,2
131159703,40701,1.52,0.71,9.34

131159718,2
131159718,40714,1.51,0.71,9.32

131159734,2
131159734,40727,1.50,0.72,9.27

131159750,2
131159750,40740,0.73,0.47,12.69

131159765,2
131159765,40753,1.27,0.95,9.66

131159765,2
131159765,40766,1.40,0.75,9.97

131159781,2
131159781,40779,1.32,0.74,9.43

131159796,2
131159796,40792,1.33,0.79,9.51

131159812,2
131159812,40805,1.39,0.72,9.63

131159828,2
131159828,40818,1.27,0.70,9.63

131159843,2
131159843,40831,1.27,0.65,9.70

131159843,2
131159843,40844,7.15,0.65,15.85

131159859,2
131159859,40857,1.45,0.74,10.40

131159875,2
131159875,40870,0.88,0.40,8.29

131159890,2
131159890,40883,1.41,0.62,9.45

131159906,2
131159906,40896,1.79,0.77,8.65

131159921,2
131159921,40909,1.64,0.89,8.85

131159921,2
131159921,40922,1.52,0.73,9.33

131159937,2
131159937,40935,1.52,0.72,9.30

131159953,2
131159953,40948,1.52,0.73,9.23

131159968,2
131159968,40961,1.47,0.72,9.32

131159984,2
131159984,40974,1.50,0.70,9.39

131159984,2
131160000,40987,1.45,0.68,9.39

131160000,2
131160000,41000,1.50,0.74,9.37

131160015,2
131160015,41013,1.48,0.71,9.33

131160031,2
131160031,41026,1.51,0.70,9.33

131160046,2
131160046,41039,1.52,0.72,9.29

131160062,2
131160062,41052,1.51,0.73,9.29

131160062,2
131160078,41065,1.69,0.88,9.01

131160078,2
131160078,41078,1.19,0.81,11.75

131160093,2
131160093,41091,1.04,0.59,9.98

131160109,2
131160109,41104,1.89,1.22,9.71

131160125,2
131160125,41117,1.13,0.46,9.69

131160140,2
131160140,41130,1.27,0.76,9.46

131160140,2
131160156,41143,1.42,0.76,9.71

131160156,2
131160156,41156,1.25,0.66,9.66

131160171,2
131160171,41169,1.26,0.68,9.49

131160187,2
131160187,41182,1.28,0.57,13.63

131160203,2
131160203,41195,0.63,0.76,11.20

131160218,2
131160218,41208,0.63,0.35,8.29

131160218,2
131160234,41221,1.42,0.63,9.49

131160234,2
131160234,41234,1.77,0.87,8.45

131160250,2
131160250,41247,1.62,0.81,9.00

131160265,2
131160265,41260,1.52,0.72,9.33

131160281,2
131160281,41273,1.50,0.74,9.30

131160296,2
131160296,41286,1.47,0.72,9.26

131160296,2
131160296,41299,1.50,0.74,9.34

131160312,2
131160312,41312,1.48,0.70,9.38

131160328,2
131160328,41325,1.49,0.71,9.37

131160343,2
131160343,41338,1.46,0.73,9.34

131160359,2
131160359,41351,1.51,0.72,9.34

131160375,2
131160375,41364,1.49,0.71,9.33

131160375,2
131160375,41377,1.50,0.73,9.29

131160390,2
131160390,41390,0.78,1.85,-1.78

131160406,2
131160406,41403,1.70,0.87,9.79

131160421,2
131160421,41416,0.91,0.12,10.13

131160437,2
131160437,41429,1.32,0.71,9.18

131160453,2
131160453,41442,1.39,0.72,9.52

131160453,2
131160453,41455,1.40,0.74,9.56

131160468,2
131160468,41468,1.34,0.71,9.57

131160484,2
131160484,41481,1.32,0.69,9.45

131160500,2
131160500,41494,1.27,0.73,9.59

131160515,2
131160515,41507,3.09,0.24,13.53

131160531,2
131160531,41520,0.52,0.56,10.80

131160531,2
131160531,41533,1.12,0.36,8.40

131160546,2
131160546,41546,1.72,0.87,9.11

131160562,2
131160562,41559,1.77,0.89,8.62

131160578,2
131160578,41572,1.53,0.76,9.22

131160593,2
131160593,41585,1.53,0.78,9.35

131160609,2
131160609,41598,1.51,0.72,9.32

131160609,2
131160609,41611,1.50,0.72,9.27

131160625,2
131160625,41624,1.53,0.74,9.36

131160640,2
131160640,41637,1.48,0.71,9.41

131160656,2
131160656,41650,1.50,0.70,9.36

131160671,2
131160671,41663,1.49,0.73,9.32

131160687,2
131160687,41676,1.52,0.71,9.34

131160687,2
131160687,41689,1.51,0.73,9.31

131160703,2
131160703,41702,1.54,0.74,9.27

131160718,2
131160718,41715,1.53,0.73,9.26

131160734,2
131160734,41728,1.01,0.79,11.73

131160750,2
131160750,41741,1.33,0.98,9.91

131160765,2
131160765,41754,1.36,0.68,9.93

131160765,2
131160765,41767,1.37,0.65,9.59

131160781,2
131160781,41780,1.31,0.79,9.55

131160796,2
131160796,41793,1.41,0.70,9.68

131160812,2
131160812,41806,1.30,0.66,9.58

131160828,2
131160828,41819,1.38,0.61,9.92

131160843,2
131160843,41832,0.31,-0.26,10.91

131160843,2
131160843,41845,0.47,0.70,6.46

131160859,2
131160859,41858,1.73,0.99,10.05

131160875,2
131160875,41871,1.82,0.71,8.78

131160890,2
131160890,41884,1.65,0.96,9.01

131160906,2
131160906,41897,1.53,0.69,9.30

131160921,2
131160921,41910,1.55,0.71,9.27

131160921,2
131160921,41923,1.51,0.72,9.28

131160937,2
131160937,41936,1.49,0.70,9.28

131160953,2
131160953,41949,1.50,0.70,9.39

131160968,2
131160968,41962,1.47,0.69,9.37

131160984,2
131160984,41975,1.49,0.72,9.39

131161000,2
131161000,41988,1.50,0.71,9.33

131161000,2
131161000,42001,1.52,0.71,9.36

131161015,2
131161015,42014,1.52,0.73,9.30

131161031,2
131161031,42027,1.54,0.73,9.27

131161046,2
131161046,42040,1.50,0.74,9.25

131161062,2
131161062,42053,1.54,0.74,9.31

131161078,2
131161078,42066,-0.14,1.48,10.72

131161078,2
131161078,42079,0.75,0.85,9.80

131161093,2
131161093,42092,1.39,0.89,9.93

131161109,2
131161109,42105,1.36,0.64,9.48

131161125,2
131161125,42118,1.27,0.70,9.48

131161140,2
131161140,42131,1.39,0.75,9.72

131161156,2
131161156,42144,1.37,0.65,9.73

131161156,2
131161156,42157,1.22,0.68,9.44

131161171,2
131161171,42170,0.62,0.25,10.93

131161187,2
131161187,42183,0.84,0.58,7.30

131161203,2
131161203,42196,1.70,0.99,9.41

131161218,2
131161218,42209,1.70,0.72,8.95

131161234,2
131161234,42222,1.57,0.82,9.28

131161234,2
131161234,42235,1.50,0.70,9.22

131161250,2
131161250,42248,1.52,0.74,9.22

131161265,2
131161265,42261,1.53,0.74,9.35

131161281,2
131161281,42274,1.47,0.70,9.35

131161296,2
131161296,42287,1.49,0.70,9.37

131161296,2
131161312,42300,1.49,0.71,9.40

131161312,2
131161312,42313,1.48,0.72,9.35

131161328,2
131161328,42326,1.51,0.72,9.35

131161343,2
131161343,42339,1.50,0.70,9.35

131161359,2
131161359,42352,1.53,0.74,9.31

131161375,2
131161375,42365,0.54,0.99,10.61

131161375,2
131161375,42378,0.95,0.71,9.97

131161390,2
131161390,42391,1.39,0.92,9.87

131161406,2
131161406,42404,1.34,0.64,9.54

131161421,2
131161421,42417,1.33,0.73,9.42

131161437,2
131161437,42430,1.41,0.75,9.58

131161453,2
131161453,42443,1.33,0.68,9.66

131161468,2
131161468,42456,1.32,0.70,9.49

131161468,2
131161468,42469,0.64,0.70,9.90

131161484,2
131161484,42482,1.35,0.76,6.18

131161500,2
131161500,42495,1.74,1.06,10.25

131161515,2
131161515,42508,1.75,0.44,8.81

131161531,2
131161531,42521,1.72,1.03,8.93

131161546,2
131161546,42534,1.58,0.70,9.28

131161546,2
131161546,42547,1.51,0.69,9.26

131161562,2
131161562,42560,1.52,0.75,9.28

131161578,2
131161578,42573,1.46,0.71,9.30

131161593,2
131161593,42586,1.52,0.69,9.34

131161609,2
131161609,42599,1.48,0.66,9.38

131161625,2
131161625,42612,1.48,0.68,9.39

131161625,2
131161625,42625,1.51,0.70,9.34

131161640,2
131161640,42638,1.50,0.71,9.33

131161656,2
131161656,42651,1.54,0.72,9.30

131161671,2
131161671,42664,1.52,0.72,9.25

131161687,2
131161687,42677,1.53,0.72,9.25

131161687,2
131161687,42690,4.90,1.22,-19.61

131161703,2
131161703,42703,1.26,0.96,10.51

131161718,2
131161718,42716,1.34,0.65,9.67

131161734,2
131161734,42729,1.41,0.75,9.09

131161750,2
131161750,42742,1.36,0.67,9.58

131161765,2
131161765,42755,1.40,0.71,9.65

131161765,2
131161765,42768,1.31,0.70,9.68

131161781,2
131161781,42781,1.32,0.65,9.65

131161796,2
131161796,42794,1.34,0.65,9.54

131161812,2
131161812,42807,1.21,0.68,9.66

131161828,2
131161828,42820,0.97,0.37,9.88

131161843,2
131161843,42833,1.63,0.48,8.75

131161843,2
131161843,42846,1.71,1.18,8.43

131161859,2
131161859,42859,1.60,0.82,9.19

131161875,2
131161875,42872,1.50,0.73,9.30

131161890,2
131161890,42885,1.54,0.72,9.24

131161906,2
131161906,42898,1.49,0.73,9.26

131161921,2
131161921,42911,1.52,0.73,9.35

131161921,2
131161921,42924,1.47,0.68,9.37

131161937,2
131161937,42937,1.48,0.69,9.40

131161953,2
131161953,42950,1.46,0.69,9.34

131161968,2
131161968,42963,1.52,0.71,9.33

131161984,2
131161984,42976,1.50,0.71,9.33

131162000,2
131162000,42989,1.49,0.75,9.31

131162000,2
131162000,43002,0.45,1.16,12.55

131162015,2
131162015,43015,0.97,0.70,10.33

131162031,2
131162031,43028,1.39,0.89,9.94

131162046,2
131162046,43041,1.36,0.67,9.65

131162062,2
131162062,43054,1.33,0.72,9.46

131162078,2
131162078,43067,1.40,0.73,9.61

131162078,2
131162078,43080,1.33,0.65,9.73

131162093,2
131162093,43093,1.24,0.70,9.42

131162109,2
131162109,43106,4.67,0.66,12.55

131162125,2
131162125,43119,0.87,0.62,9.98

131162140,2
131162140,43132,1.36,0.49,8.52

131162156,2
131162156,43145,1.73,0.83,9.13

131162156,2
131162156,43158,1.71,0.82,8.82

131162171,2
131162171,43171,1.58,0.77,9.13

131162187,2
131162187,43184,1.53,0.76,9.23

131162203,2
131162203,43197,1.53,0.71,9.35

131162218,2
131162218,43210,1.50,0.70,9.30

131162234,2
131162234,43223,1.49,0.70,9.38

131162234,2
131162234,43236,1.49,0.68,9.43

131162250,2
131162250,43249,1.47,0.72,9.41

131162265,2
131162265,43262,1.53,0.70,9.35

131162281,2
131162281,43275,1.50,0.68,9.34

131162296,2
131162296,43288,1.53,0.72,9.33

131162312,2
131162312,43301,3.08,1.80,4.41

131162312,2
131162312,43314,0.99,1.12,10.54

131162328,2
131162328,43327,1.03,0.59,9.76

131162343,2
131162343,43340,1.31,0.82,9.69

131162359,2
131162359,43353,1.38,0.66,9.68

131162375,2
131162375,43366,1.37,0.75,9.55

131162390,2
131162390,43379,1.36,0.72,9.58

131162390,2
131162390,43392,1.29,0.63,9.68

131162406,2
131162406,43405,0.86,0.73,9.68

131162421,2
131162421,43418,-0.53,0.73,4.89

131162437,2
131162437,43431,1.38,0.74,9.36

131162453,2
131162453,43444,1.54,0.54,9.80

131162468,2
131162468,43457,1.61,0.82,8.88

131162468,2
131162468,43470,1.67,0.85,8.85

131162484,2
131162484,43483,1.61,0.67,9.18

131162500,2
131162500,43496,1.55,0.76,9.20

131162515,2
131162515,43509,1.50,0.72,9.31

131162531,2
131162531,43522,1.52,0.71,9.35

131162546,2
131162546,43535,1.51,0.68,9.35

131162546,2
131162546,43548,1.47,0.68,9.45

131162562,2
131162562,43561,1.49,0.67,9.42

131162578,2
131162578,43574,1.46,0.70,9.38

131162593,2
131162593,43587,1.52,0.72,9.33

131162609,2
131162609,43600,1.53,0.70,9.31

131162625,2
131162625,43613,1.56,0.74,9.26

131162625,2
131162625,43626,-0.45,0.36,13.03

131162640,2
131162640,43639,0.74,0.58,10.33

131162656,2
131162656,43652,1.72,0.97,9.84

131162671,2
131162671,43665,0.99,0.37,9.58

131162687,2
131162687,43678,1.26,0.79,9.57

131162703,2
131162703,43691,1.38,0.69,9.73

131162703,2
131162703,43704,1.23,0.62,9.62

131162718,2
131162718,43717,1.29,0.68,9.52

131162734,2
131162734,43730,-0.02,0.14,-0.41

131162750,2
131162750,43743,1.39,1.00,8.50

131162765,2
131162765,43756,1.46,0.70,9.99

131162781,2
131162781,43769,0.96,0.67,8.73

131162781,2
131162781,43782,1.86,0.61,9.46

131162796,2
131162796,43795,1.69,0.90,8.58

131162812,2
131162812,43808,1.63,0.80,9.09

131162828,2
131162828,43821,1.53,0.74,9.36

131162843,2
131162843,43834,1.49,0.73,9.31

131162859,2
131162859,43847,1.48,0.74,9.23

131162859,2
131162859,43860,1.50,0.70,9.37

131162875,2
131162875,43873,1.49,0.69,9.40

131162890,2
131162890,43886,1.48,0.70,9.36

131162906,2
131162906,43899,1.51,0.74,9.35

131162921,2
131162921,43912,1.53,0.71,9.33

131162937,2
131162937,43925,1.52,0.70,9.33

131162937,2
131162937,43938,1.55,0.73,9.27

131162953,2
131162953,43951,4.61,2.77,-7.13

131162968,2
131162968,43964,1.31,0.97,10.58

131162984,2
131162984,43977,1.41,0.55,9.78

131163000,2
131163000,43990,1.19,0.70,9.40

131163000,2
131163000,44003,1.38,0.67,9.68

131163015,2
131163015,44016,1.34,0.70,9.58

131163031,2
131163031,44029,1.30,0.70,9.70

131163046,2
131163046,44042,1.29,0.65,9.65

131163062,2
131163062,44055,7.90,0.74,15.32

131163078,2
131163078,44068,1.05,0.65,9.88

131163093,2
131163093,44081,0.86,0.26,8.35

131163093,2
131163093,44094,1.37,0.36,9.40

131163109,2
131163109,44107,2.21,1.28,8.46

131163125,2
131163125,44120,1.72,0.87,9.09

131163140,2
131163140,44133,1.54,0.75,9.26

131163156,2
131163156,44146,1.55,0.73,9.33

131163171,2
131163171,44159,1.49,0.72,9.24

131163171,2
131163171,44172,1.52,0.73,9.31

131163187,2
131163187,44185,1.50,0.66,9.39

131163203,2
131163203,44198,1.49,0.69,9.40

131163218,2
131163218,44211,1.48,0.70,9.41

131163234,2
131163234,44224,1.51,0.69,9.36

131163234,2
131163234,44237,1.52,0.70,9.32

131163250,2
131163250,44250,1.53,0.71,9.31

131163265,2
131163265,44263,4.21,2.92,-13.99

131163281,2
131163281,44276,1.47,0.98,9.48

131163296,2
131163296,44289,1.61,0.70,9.61

131163312,2
131163312,44302,0.98,0.48,9.41

131163312,2
131163312,44315,1.33,0.66,9.67

131163328,2
131163328,44328,1.37,0.72,9.50

131163343,2
131163343,44341,1.33,0.69,9.65

131163359,2
131163359,44354,1.35,0.62,9.62

131163375,2
131163375,44367,0.78,0.73,9.87

131163390,2
131163390,44380,-0.49,1.02,9.03

131163390,2
131163406,44393,0.87,0.61,9.17

131163406,2
131163406,44406,1.39,0.54,10.11

131163421,2
131163421,44419,1.59,0.71,8.77

131163437,2
131163437,44432,1.71,0.95,8.71

131163453,2
131163453,44445,1.61,0.74,9.20

131163468,2
131163468,44458,1.53,0.78,9.19

131163468,2
131163468,44471,1.51,0.72,9.25

131163484,2
131163484,44484,1.52,0.71,9.31

131163500,2
131163500,44497,1.51,0.70,9.35

131163515,2
131163515,44510,1.45,0.68,9.39

131163531,2
131163531,44523,1.48,0.69,9.40

131163546,2
131163546,44536,1.47,0.72,9.34

131163546,2
131163546,44549,1.51,0.73,9.35

131163562,2
131163562,44562,1.52,0.72,9.33

131163578,2
131163578,44575,3.76,-0.39,15.11

131163593,2
131163593,44588,1.68,1.03,9.21

131163609,2
131163609,44601,1.30,0.53,10.01

131163625,2
131163625,44614,1.47,0.75,9.12

131163625,2
131163625,44627,1.36,0.69,9.47

131163640,2
131163640,44640,1.41,0.72,9.60

131163656,2
131163656,44653,1.26,0.68,9.65

131163671,2
131163671,44666,1.31,0.67,9.50

131163687,2
131163687,44679,1.13,0.66,9.83

131163703,2
131163703,44692,-0.82,1.05,4.19

131163703,2
131163703,44705,1.11,0.69,8.81

131163718,2
131163718,44718,1.19,0.58,9.87

131163734,2
131163734,44731,1.58,0.73,9.16

131163750,2
131163750,44744,1.73,0.66,9.11

131163765,2
131163765,44757,1.72,0.91,8.72

131163781,2
131163781,44770,1.58,0.78,9.21

131163781,2
131163781,44783,1.52,0.74,9.27

131163796,2
131163796,44796,1.53,0.72,9.33

131163812,2
131163812,44809,1.53,0.70,9.29

131163828,2
131163828,44822,1.53,0.70,9.40

131163843,2
131163843,44835,1.49,0.67,9.44

131163859,2
131163859,44848,1.50,0.70,9.39

131163859,2
131163859,44861,1.50,0.70,9.35

131163875,2
131163875,44874,1.54,0.70,9.34

131163890,2
131163890,44887,1.52,0.72,9.30

131163906,2
131163906,44900,1.55,0.72,9.27

131163921,2
131163921,44913,0.89,1.26,10.58

131163937,2
131163937,44926,1.26,0.95,9.39

131163937,2
131163953,44939,1.98,1.11,9.94

131163953,2
131163953,44952,0.05,-0.28,9.20

131163968,2
131163968,44965,1.13,0.66,9.62

131163984,2
131163984,44978,1.40,0.68,9.74

131164000,2
131164000,44991,1.30,0.69,9.66

131164015,2
131164015,45004,1.32,0.68,9.40

131164015,2
131164015,45017,1.28,0.72,9.63

131164031,2
131164031,45030,0.35,0.59,9.55

131164046,2
131164046,45043,0.52,0.91,4.62

131164062,2
131164062,45056,1.78,1.01,9.69

131164078,2
131164078,45069,1.86,0.60,8.88

131164093,2
131164093,45082,1.69,1.00,8.87

131164093,2
131164093,45095,1.54,0.69,9.34

